{"op_code":0,"worker_id":"2bf13a8c-ed8c-4e1c-ba3b-51e1641b6760-22952117663552","study_name":"transformer_small_dataset","directions":[1]}
{"op_code":4,"worker_id":"2bf13a8c-ed8c-4e1c-ba3b-51e1641b6760-22952117663552","study_id":0,"datetime_start":"2025-12-22T17:56:27.176248"}
{"op_code":5,"worker_id":"2bf13a8c-ed8c-4e1c-ba3b-51e1641b6760-22952117663552","trial_id":0,"param_name":"n_layers","param_value_internal":25.0,"distribution":"{\"name\": \"IntDistribution\", \"attributes\": {\"log\": false, \"step\": 1, \"low\": 2, \"high\": 64}}"}
{"op_code":5,"worker_id":"2bf13a8c-ed8c-4e1c-ba3b-51e1641b6760-22952117663552","trial_id":0,"param_name":"n_heads","param_value_internal":0,"distribution":"{\"name\": \"CategoricalDistribution\", \"attributes\": {\"choices\": [2, 4, 8, 16, 32]}}"}
{"op_code":5,"worker_id":"2bf13a8c-ed8c-4e1c-ba3b-51e1641b6760-22952117663552","trial_id":0,"param_name":"head_dim","param_value_internal":1,"distribution":"{\"name\": \"CategoricalDistribution\", \"attributes\": {\"choices\": [4, 8, 16, 32, 64]}}"}
{"op_code":8,"worker_id":"2bf13a8c-ed8c-4e1c-ba3b-51e1641b6760-22952117663552","trial_id":0,"user_attr":{"d_model":16}}
{"op_code":5,"worker_id":"2bf13a8c-ed8c-4e1c-ba3b-51e1641b6760-22952117663552","trial_id":0,"param_name":"lr","param_value_internal":0.00757947995334801,"distribution":"{\"name\": \"FloatDistribution\", \"attributes\": {\"step\": null, \"low\": 1e-06, \"high\": 0.01, \"log\": true}}"}
{"op_code":5,"worker_id":"2bf13a8c-ed8c-4e1c-ba3b-51e1641b6760-22952117663552","trial_id":0,"param_name":"min_lr_ratio","param_value_internal":0.03142880890840111,"distribution":"{\"name\": \"FloatDistribution\", \"attributes\": {\"step\": null, \"low\": 0.0001, \"high\": 0.1, \"log\": true}}"}
{"op_code":5,"worker_id":"2bf13a8c-ed8c-4e1c-ba3b-51e1641b6760-22952117663552","trial_id":0,"param_name":"batch_size","param_value_internal":0,"distribution":"{\"name\": \"CategoricalDistribution\", \"attributes\": {\"choices\": [256, 512, 1024]}}"}
{"op_code":5,"worker_id":"2bf13a8c-ed8c-4e1c-ba3b-51e1641b6760-22952117663552","trial_id":0,"param_name":"weight_decay","param_value_internal":0.09127267288786131,"distribution":"{\"name\": \"FloatDistribution\", \"attributes\": {\"step\": null, \"low\": 0.0, \"high\": 0.3, \"log\": false}}"}
{"op_code":5,"worker_id":"2bf13a8c-ed8c-4e1c-ba3b-51e1641b6760-22952117663552","trial_id":0,"param_name":"beta_1","param_value_internal":0.8574269294896714,"distribution":"{\"name\": \"FloatDistribution\", \"attributes\": {\"step\": null, \"low\": 0.7, \"high\": 1.0, \"log\": false}}"}
{"op_code":5,"worker_id":"2bf13a8c-ed8c-4e1c-ba3b-51e1641b6760-22952117663552","trial_id":0,"param_name":"beta_2","param_value_internal":0.9431945018642116,"distribution":"{\"name\": \"FloatDistribution\", \"attributes\": {\"step\": null, \"low\": 0.9, \"high\": 1.0, \"log\": false}}"}
{"op_code":8,"worker_id":"2bf13a8c-ed8c-4e1c-ba3b-51e1641b6760-22952117663552","trial_id":0,"user_attr":{"min_lr":0.00023821402707883155}}
{"op_code":7,"worker_id":"2bf13a8c-ed8c-4e1c-ba3b-51e1641b6760-22952117663552","trial_id":0,"step":0,"intermediate_value":0.9207354689266617}
{"op_code":7,"worker_id":"2bf13a8c-ed8c-4e1c-ba3b-51e1641b6760-22952117663552","trial_id":0,"step":1,"intermediate_value":0.8464197319880358}
{"op_code":7,"worker_id":"2bf13a8c-ed8c-4e1c-ba3b-51e1641b6760-22952117663552","trial_id":0,"step":2,"intermediate_value":0.9189260891182426}
{"op_code":7,"worker_id":"2bf13a8c-ed8c-4e1c-ba3b-51e1641b6760-22952117663552","trial_id":0,"step":3,"intermediate_value":0.9238698179894353}
{"op_code":7,"worker_id":"2bf13a8c-ed8c-4e1c-ba3b-51e1641b6760-22952117663552","trial_id":0,"step":4,"intermediate_value":0.9167907160230662}
{"op_code":7,"worker_id":"2bf13a8c-ed8c-4e1c-ba3b-51e1641b6760-22952117663552","trial_id":0,"step":5,"intermediate_value":0.9158156342353685}
{"op_code":7,"worker_id":"2bf13a8c-ed8c-4e1c-ba3b-51e1641b6760-22952117663552","trial_id":0,"step":6,"intermediate_value":0.9150125886339027}
{"op_code":7,"worker_id":"2bf13a8c-ed8c-4e1c-ba3b-51e1641b6760-22952117663552","trial_id":0,"step":7,"intermediate_value":0.9157201389683806}
{"op_code":7,"worker_id":"2bf13a8c-ed8c-4e1c-ba3b-51e1641b6760-22952117663552","trial_id":0,"step":8,"intermediate_value":0.9159901103232396}
{"op_code":7,"worker_id":"2bf13a8c-ed8c-4e1c-ba3b-51e1641b6760-22952117663552","trial_id":0,"step":9,"intermediate_value":0.9151576500063406}
{"op_code":7,"worker_id":"2bf13a8c-ed8c-4e1c-ba3b-51e1641b6760-22952117663552","trial_id":0,"step":10,"intermediate_value":0.9153310520793195}
{"op_code":7,"worker_id":"2bf13a8c-ed8c-4e1c-ba3b-51e1641b6760-22952117663552","trial_id":0,"step":11,"intermediate_value":0.9153711247840103}
{"op_code":7,"worker_id":"2bf13a8c-ed8c-4e1c-ba3b-51e1641b6760-22952117663552","trial_id":0,"step":12,"intermediate_value":0.9161530040902741}
{"op_code":7,"worker_id":"2bf13a8c-ed8c-4e1c-ba3b-51e1641b6760-22952117663552","trial_id":0,"step":13,"intermediate_value":0.9151666551156683}
{"op_code":7,"worker_id":"2bf13a8c-ed8c-4e1c-ba3b-51e1641b6760-22952117663552","trial_id":0,"step":14,"intermediate_value":0.915274551684039}
{"op_code":7,"worker_id":"2bf13a8c-ed8c-4e1c-ba3b-51e1641b6760-22952117663552","trial_id":0,"step":15,"intermediate_value":0.915047315586787}
{"op_code":7,"worker_id":"2bf13a8c-ed8c-4e1c-ba3b-51e1641b6760-22952117663552","trial_id":0,"step":16,"intermediate_value":0.9146320839652246}
{"op_code":7,"worker_id":"2bf13a8c-ed8c-4e1c-ba3b-51e1641b6760-22952117663552","trial_id":0,"step":17,"intermediate_value":0.9170550889957559}
{"op_code":7,"worker_id":"2bf13a8c-ed8c-4e1c-ba3b-51e1641b6760-22952117663552","trial_id":0,"step":18,"intermediate_value":0.9150402260279175}
{"op_code":7,"worker_id":"2bf13a8c-ed8c-4e1c-ba3b-51e1641b6760-22952117663552","trial_id":0,"step":19,"intermediate_value":0.9160068441681731}
{"op_code":7,"worker_id":"2bf13a8c-ed8c-4e1c-ba3b-51e1641b6760-22952117663552","trial_id":0,"step":20,"intermediate_value":0.9159782705640737}
{"op_code":9,"worker_id":"2bf13a8c-ed8c-4e1c-ba3b-51e1641b6760-22952117663552","trial_id":0,"system_attr":{"completed_rung_0":0.9159782705640737}}
{"op_code":7,"worker_id":"2bf13a8c-ed8c-4e1c-ba3b-51e1641b6760-22952117663552","trial_id":0,"step":21,"intermediate_value":0.9152242677067522}
{"op_code":7,"worker_id":"2bf13a8c-ed8c-4e1c-ba3b-51e1641b6760-22952117663552","trial_id":0,"step":22,"intermediate_value":0.9170444995907278}
{"op_code":7,"worker_id":"2bf13a8c-ed8c-4e1c-ba3b-51e1641b6760-22952117663552","trial_id":0,"step":23,"intermediate_value":0.9162331702870407}
{"op_code":7,"worker_id":"2bf13a8c-ed8c-4e1c-ba3b-51e1641b6760-22952117663552","trial_id":0,"step":24,"intermediate_value":0.9141927099878395}
{"op_code":7,"worker_id":"2bf13a8c-ed8c-4e1c-ba3b-51e1641b6760-22952117663552","trial_id":0,"step":25,"intermediate_value":0.9157164938933484}
{"op_code":7,"worker_id":"2bf13a8c-ed8c-4e1c-ba3b-51e1641b6760-22952117663552","trial_id":0,"step":26,"intermediate_value":0.9144610072511512}
{"op_code":7,"worker_id":"2bf13a8c-ed8c-4e1c-ba3b-51e1641b6760-22952117663552","trial_id":0,"step":27,"intermediate_value":0.9142897659349272}
{"op_code":7,"worker_id":"2bf13a8c-ed8c-4e1c-ba3b-51e1641b6760-22952117663552","trial_id":0,"step":28,"intermediate_value":0.9146905824948601}
{"op_code":7,"worker_id":"2bf13a8c-ed8c-4e1c-ba3b-51e1641b6760-22952117663552","trial_id":0,"step":29,"intermediate_value":0.9155791511456455}
{"op_code":7,"worker_id":"2bf13a8c-ed8c-4e1c-ba3b-51e1641b6760-22952117663552","trial_id":0,"step":30,"intermediate_value":0.9149988351626187}
{"op_code":7,"worker_id":"2bf13a8c-ed8c-4e1c-ba3b-51e1641b6760-22952117663552","trial_id":0,"step":31,"intermediate_value":0.9153890813372737}
{"op_code":7,"worker_id":"2bf13a8c-ed8c-4e1c-ba3b-51e1641b6760-22952117663552","trial_id":0,"step":32,"intermediate_value":0.9152075702750951}
{"op_code":7,"worker_id":"2bf13a8c-ed8c-4e1c-ba3b-51e1641b6760-22952117663552","trial_id":0,"step":33,"intermediate_value":0.9171616763831033}
{"op_code":7,"worker_id":"2bf13a8c-ed8c-4e1c-ba3b-51e1641b6760-22952117663552","trial_id":0,"step":34,"intermediate_value":0.9137756299859405}
{"op_code":7,"worker_id":"2bf13a8c-ed8c-4e1c-ba3b-51e1641b6760-22952117663552","trial_id":0,"step":35,"intermediate_value":0.9142698094796738}
{"op_code":7,"worker_id":"2bf13a8c-ed8c-4e1c-ba3b-51e1641b6760-22952117663552","trial_id":0,"step":36,"intermediate_value":0.9160772893635262}
{"op_code":7,"worker_id":"2bf13a8c-ed8c-4e1c-ba3b-51e1641b6760-22952117663552","trial_id":0,"step":37,"intermediate_value":0.9152324202504729}
{"op_code":7,"worker_id":"2bf13a8c-ed8c-4e1c-ba3b-51e1641b6760-22952117663552","trial_id":0,"step":38,"intermediate_value":0.9174597450705468}
{"op_code":7,"worker_id":"2bf13a8c-ed8c-4e1c-ba3b-51e1641b6760-22952117663552","trial_id":0,"step":39,"intermediate_value":0.9168998276635846}
{"op_code":7,"worker_id":"2bf13a8c-ed8c-4e1c-ba3b-51e1641b6760-22952117663552","trial_id":0,"step":40,"intermediate_value":0.9158560587700858}
{"op_code":9,"worker_id":"2bf13a8c-ed8c-4e1c-ba3b-51e1641b6760-22952117663552","trial_id":0,"system_attr":{"completed_rung_1":0.9158560587700858}}
{"op_code":7,"worker_id":"2bf13a8c-ed8c-4e1c-ba3b-51e1641b6760-22952117663552","trial_id":0,"step":41,"intermediate_value":0.9155907462641579}
{"op_code":7,"worker_id":"2bf13a8c-ed8c-4e1c-ba3b-51e1641b6760-22952117663552","trial_id":0,"step":42,"intermediate_value":0.9145784356133086}
{"op_code":7,"worker_id":"2bf13a8c-ed8c-4e1c-ba3b-51e1641b6760-22952117663552","trial_id":0,"step":43,"intermediate_value":0.916677792725614}
{"op_code":7,"worker_id":"2bf13a8c-ed8c-4e1c-ba3b-51e1641b6760-22952117663552","trial_id":0,"step":44,"intermediate_value":0.9148102779546807}
{"op_code":7,"worker_id":"2bf13a8c-ed8c-4e1c-ba3b-51e1641b6760-22952117663552","trial_id":0,"step":45,"intermediate_value":0.9157861747634227}
{"op_code":7,"worker_id":"2bf13a8c-ed8c-4e1c-ba3b-51e1641b6760-22952117663552","trial_id":0,"step":46,"intermediate_value":0.9153257486093369}
{"op_code":7,"worker_id":"2bf13a8c-ed8c-4e1c-ba3b-51e1641b6760-22952117663552","trial_id":0,"step":47,"intermediate_value":0.9164065817638366}
{"op_code":7,"worker_id":"2bf13a8c-ed8c-4e1c-ba3b-51e1641b6760-22952117663552","trial_id":0,"step":48,"intermediate_value":0.9146276040716386}
{"op_code":7,"worker_id":"2bf13a8c-ed8c-4e1c-ba3b-51e1641b6760-22952117663552","trial_id":0,"step":49,"intermediate_value":0.9167383634888546}
{"op_code":7,"worker_id":"2bf13a8c-ed8c-4e1c-ba3b-51e1641b6760-22952117663552","trial_id":0,"step":50,"intermediate_value":0.9159639382984573}
{"op_code":7,"worker_id":"2bf13a8c-ed8c-4e1c-ba3b-51e1641b6760-22952117663552","trial_id":0,"step":51,"intermediate_value":0.9147636148711823}
{"op_code":7,"worker_id":"2bf13a8c-ed8c-4e1c-ba3b-51e1641b6760-22952117663552","trial_id":0,"step":52,"intermediate_value":0.914486532675131}
{"op_code":7,"worker_id":"2bf13a8c-ed8c-4e1c-ba3b-51e1641b6760-22952117663552","trial_id":0,"step":53,"intermediate_value":0.9174540073987569}
{"op_code":7,"worker_id":"2bf13a8c-ed8c-4e1c-ba3b-51e1641b6760-22952117663552","trial_id":0,"step":54,"intermediate_value":0.9156047761935214}
{"op_code":7,"worker_id":"2bf13a8c-ed8c-4e1c-ba3b-51e1641b6760-22952117663552","trial_id":0,"step":55,"intermediate_value":0.9158853687708347}
{"op_code":7,"worker_id":"2bf13a8c-ed8c-4e1c-ba3b-51e1641b6760-22952117663552","trial_id":0,"step":56,"intermediate_value":0.9145773060239789}
{"op_code":7,"worker_id":"2bf13a8c-ed8c-4e1c-ba3b-51e1641b6760-22952117663552","trial_id":0,"step":57,"intermediate_value":0.91764616775343}
{"op_code":7,"worker_id":"2bf13a8c-ed8c-4e1c-ba3b-51e1641b6760-22952117663552","trial_id":0,"step":58,"intermediate_value":0.9148883507062249}
{"op_code":7,"worker_id":"2bf13a8c-ed8c-4e1c-ba3b-51e1641b6760-22952117663552","trial_id":0,"step":59,"intermediate_value":0.914690722915767}
{"op_code":7,"worker_id":"2bf13a8c-ed8c-4e1c-ba3b-51e1641b6760-22952117663552","trial_id":0,"step":60,"intermediate_value":0.9152516895907347}
{"op_code":7,"worker_id":"2bf13a8c-ed8c-4e1c-ba3b-51e1641b6760-22952117663552","trial_id":0,"step":61,"intermediate_value":0.9156081203464087}
{"op_code":7,"worker_id":"2bf13a8c-ed8c-4e1c-ba3b-51e1641b6760-22952117663552","trial_id":0,"step":62,"intermediate_value":0.9163666113698469}
{"op_code":7,"worker_id":"2bf13a8c-ed8c-4e1c-ba3b-51e1641b6760-22952117663552","trial_id":0,"step":63,"intermediate_value":0.9153008134339627}
{"op_code":7,"worker_id":"2bf13a8c-ed8c-4e1c-ba3b-51e1641b6760-22952117663552","trial_id":0,"step":64,"intermediate_value":0.9151339504076775}
{"op_code":7,"worker_id":"2bf13a8c-ed8c-4e1c-ba3b-51e1641b6760-22952117663552","trial_id":0,"step":65,"intermediate_value":0.9153926817264987}
{"op_code":7,"worker_id":"2bf13a8c-ed8c-4e1c-ba3b-51e1641b6760-22952117663552","trial_id":0,"step":66,"intermediate_value":0.9151829355269282}
{"op_code":7,"worker_id":"2bf13a8c-ed8c-4e1c-ba3b-51e1641b6760-22952117663552","trial_id":0,"step":67,"intermediate_value":0.9162834242145362}
{"op_code":7,"worker_id":"2bf13a8c-ed8c-4e1c-ba3b-51e1641b6760-22952117663552","trial_id":0,"step":68,"intermediate_value":0.9148577971390558}
{"op_code":7,"worker_id":"2bf13a8c-ed8c-4e1c-ba3b-51e1641b6760-22952117663552","trial_id":0,"step":69,"intermediate_value":0.915917556127478}
{"op_code":7,"worker_id":"2bf13a8c-ed8c-4e1c-ba3b-51e1641b6760-22952117663552","trial_id":0,"step":70,"intermediate_value":0.9150025526399714}
{"op_code":7,"worker_id":"2bf13a8c-ed8c-4e1c-ba3b-51e1641b6760-22952117663552","trial_id":0,"step":71,"intermediate_value":0.9150613612834527}
{"op_code":7,"worker_id":"2bf13a8c-ed8c-4e1c-ba3b-51e1641b6760-22952117663552","trial_id":0,"step":72,"intermediate_value":0.9154375343984557}
{"op_code":7,"worker_id":"2bf13a8c-ed8c-4e1c-ba3b-51e1641b6760-22952117663552","trial_id":0,"step":73,"intermediate_value":0.9160570948432207}
{"op_code":7,"worker_id":"2bf13a8c-ed8c-4e1c-ba3b-51e1641b6760-22952117663552","trial_id":0,"step":74,"intermediate_value":0.915266254477088}
{"op_code":7,"worker_id":"2bf13a8c-ed8c-4e1c-ba3b-51e1641b6760-22952117663552","trial_id":0,"step":75,"intermediate_value":0.9153620598579216}
{"op_code":7,"worker_id":"2bf13a8c-ed8c-4e1c-ba3b-51e1641b6760-22952117663552","trial_id":0,"step":76,"intermediate_value":0.9157408470926477}
{"op_code":7,"worker_id":"2bf13a8c-ed8c-4e1c-ba3b-51e1641b6760-22952117663552","trial_id":0,"step":77,"intermediate_value":0.9172362257435935}
{"op_code":7,"worker_id":"2bf13a8c-ed8c-4e1c-ba3b-51e1641b6760-22952117663552","trial_id":0,"step":78,"intermediate_value":0.9153206658815857}
{"op_code":7,"worker_id":"2bf13a8c-ed8c-4e1c-ba3b-51e1641b6760-22952117663552","trial_id":0,"step":79,"intermediate_value":0.915282697581453}
{"op_code":7,"worker_id":"2bf13a8c-ed8c-4e1c-ba3b-51e1641b6760-22952117663552","trial_id":0,"step":80,"intermediate_value":0.9155335912076604}
{"op_code":9,"worker_id":"2bf13a8c-ed8c-4e1c-ba3b-51e1641b6760-22952117663552","trial_id":0,"system_attr":{"completed_rung_2":0.9155335912076604}}
{"op_code":7,"worker_id":"2bf13a8c-ed8c-4e1c-ba3b-51e1641b6760-22952117663552","trial_id":0,"step":81,"intermediate_value":0.9153928713583579}
{"op_code":7,"worker_id":"2bf13a8c-ed8c-4e1c-ba3b-51e1641b6760-22952117663552","trial_id":0,"step":82,"intermediate_value":0.9151867818295036}
{"op_code":7,"worker_id":"2bf13a8c-ed8c-4e1c-ba3b-51e1641b6760-22952117663552","trial_id":0,"step":83,"intermediate_value":0.9153287249527792}
{"op_code":7,"worker_id":"2bf13a8c-ed8c-4e1c-ba3b-51e1641b6760-22952117663552","trial_id":0,"step":84,"intermediate_value":0.9151376405220439}
{"op_code":7,"worker_id":"2bf13a8c-ed8c-4e1c-ba3b-51e1641b6760-22952117663552","trial_id":0,"step":85,"intermediate_value":0.915389781956995}
{"op_code":7,"worker_id":"2bf13a8c-ed8c-4e1c-ba3b-51e1641b6760-22952117663552","trial_id":0,"step":86,"intermediate_value":0.9153238061908301}
{"op_code":7,"worker_id":"2bf13a8c-ed8c-4e1c-ba3b-51e1641b6760-22952117663552","trial_id":0,"step":87,"intermediate_value":0.9154594228078179}
{"op_code":7,"worker_id":"2bf13a8c-ed8c-4e1c-ba3b-51e1641b6760-22952117663552","trial_id":0,"step":88,"intermediate_value":0.9153051652800853}
{"op_code":7,"worker_id":"2bf13a8c-ed8c-4e1c-ba3b-51e1641b6760-22952117663552","trial_id":0,"step":89,"intermediate_value":0.91529496228002}
{"op_code":7,"worker_id":"2bf13a8c-ed8c-4e1c-ba3b-51e1641b6760-22952117663552","trial_id":0,"step":90,"intermediate_value":0.915533251892488}
{"op_code":7,"worker_id":"2bf13a8c-ed8c-4e1c-ba3b-51e1641b6760-22952117663552","trial_id":0,"step":91,"intermediate_value":0.9153749019367132}
{"op_code":7,"worker_id":"2bf13a8c-ed8c-4e1c-ba3b-51e1641b6760-22952117663552","trial_id":0,"step":92,"intermediate_value":0.9152855857552724}
{"op_code":7,"worker_id":"2bf13a8c-ed8c-4e1c-ba3b-51e1641b6760-22952117663552","trial_id":0,"step":93,"intermediate_value":0.9152073925924471}
{"op_code":7,"worker_id":"2bf13a8c-ed8c-4e1c-ba3b-51e1641b6760-22952117663552","trial_id":0,"step":94,"intermediate_value":0.9153198502241929}
{"op_code":7,"worker_id":"2bf13a8c-ed8c-4e1c-ba3b-51e1641b6760-22952117663552","trial_id":0,"step":95,"intermediate_value":0.9153353344927478}
{"op_code":7,"worker_id":"2bf13a8c-ed8c-4e1c-ba3b-51e1641b6760-22952117663552","trial_id":0,"step":96,"intermediate_value":0.9153542087312836}
{"op_code":7,"worker_id":"2bf13a8c-ed8c-4e1c-ba3b-51e1641b6760-22952117663552","trial_id":0,"step":97,"intermediate_value":0.9153456233998635}
{"op_code":7,"worker_id":"2bf13a8c-ed8c-4e1c-ba3b-51e1641b6760-22952117663552","trial_id":0,"step":98,"intermediate_value":0.9153414949120717}
{"op_code":7,"worker_id":"2bf13a8c-ed8c-4e1c-ba3b-51e1641b6760-22952117663552","trial_id":0,"step":99,"intermediate_value":0.9153245724251544}
{"op_code":6,"worker_id":"2bf13a8c-ed8c-4e1c-ba3b-51e1641b6760-22952117663552","trial_id":0,"state":1,"values":[0.8464197319880358],"datetime_complete":"2025-12-22T18:11:10.555177"}
{"op_code":4,"worker_id":"2bf13a8c-ed8c-4e1c-ba3b-51e1641b6760-22952117663552","study_id":0,"datetime_start":"2025-12-22T18:11:10.555745"}
{"op_code":5,"worker_id":"2bf13a8c-ed8c-4e1c-ba3b-51e1641b6760-22952117663552","trial_id":1,"param_name":"n_layers","param_value_internal":20.0,"distribution":"{\"name\": \"IntDistribution\", \"attributes\": {\"log\": false, \"step\": 1, \"low\": 2, \"high\": 64}}"}
{"op_code":5,"worker_id":"2bf13a8c-ed8c-4e1c-ba3b-51e1641b6760-22952117663552","trial_id":1,"param_name":"n_heads","param_value_internal":0,"distribution":"{\"name\": \"CategoricalDistribution\", \"attributes\": {\"choices\": [2, 4, 8, 16, 32]}}"}
{"op_code":5,"worker_id":"2bf13a8c-ed8c-4e1c-ba3b-51e1641b6760-22952117663552","trial_id":1,"param_name":"head_dim","param_value_internal":0,"distribution":"{\"name\": \"CategoricalDistribution\", \"attributes\": {\"choices\": [4, 8, 16, 32, 64]}}"}
{"op_code":8,"worker_id":"2bf13a8c-ed8c-4e1c-ba3b-51e1641b6760-22952117663552","trial_id":1,"user_attr":{"d_model":8}}
{"op_code":5,"worker_id":"2bf13a8c-ed8c-4e1c-ba3b-51e1641b6760-22952117663552","trial_id":1,"param_name":"lr","param_value_internal":0.000269264691008618,"distribution":"{\"name\": \"FloatDistribution\", \"attributes\": {\"step\": null, \"low\": 1e-06, \"high\": 0.01, \"log\": true}}"}
{"op_code":5,"worker_id":"2bf13a8c-ed8c-4e1c-ba3b-51e1641b6760-22952117663552","trial_id":1,"param_name":"min_lr_ratio","param_value_internal":0.00032476735706274504,"distribution":"{\"name\": \"FloatDistribution\", \"attributes\": {\"step\": null, \"low\": 0.0001, \"high\": 0.1, \"log\": true}}"}
{"op_code":5,"worker_id":"2bf13a8c-ed8c-4e1c-ba3b-51e1641b6760-22952117663552","trial_id":1,"param_name":"batch_size","param_value_internal":2,"distribution":"{\"name\": \"CategoricalDistribution\", \"attributes\": {\"choices\": [256, 512, 1024]}}"}
{"op_code":5,"worker_id":"2bf13a8c-ed8c-4e1c-ba3b-51e1641b6760-22952117663552","trial_id":1,"param_name":"weight_decay","param_value_internal":0.24251920443493832,"distribution":"{\"name\": \"FloatDistribution\", \"attributes\": {\"step\": null, \"low\": 0.0, \"high\": 0.3, \"log\": false}}"}
{"op_code":5,"worker_id":"2bf13a8c-ed8c-4e1c-ba3b-51e1641b6760-22952117663552","trial_id":1,"param_name":"beta_1","param_value_internal":0.7913841307520112,"distribution":"{\"name\": \"FloatDistribution\", \"attributes\": {\"step\": null, \"low\": 0.7, \"high\": 1.0, \"log\": false}}"}
{"op_code":5,"worker_id":"2bf13a8c-ed8c-4e1c-ba3b-51e1641b6760-22952117663552","trial_id":1,"param_name":"beta_2","param_value_internal":0.9097672114006384,"distribution":"{\"name\": \"FloatDistribution\", \"attributes\": {\"step\": null, \"low\": 0.9, \"high\": 1.0, \"log\": false}}"}
{"op_code":8,"worker_id":"2bf13a8c-ed8c-4e1c-ba3b-51e1641b6760-22952117663552","trial_id":1,"user_attr":{"min_lr":8.744838204918556e-08}}
{"op_code":7,"worker_id":"2bf13a8c-ed8c-4e1c-ba3b-51e1641b6760-22952117663552","trial_id":1,"step":0,"intermediate_value":0.9663039264871274}
{"op_code":7,"worker_id":"2bf13a8c-ed8c-4e1c-ba3b-51e1641b6760-22952117663552","trial_id":1,"step":1,"intermediate_value":0.9163365161857289}
{"op_code":7,"worker_id":"2bf13a8c-ed8c-4e1c-ba3b-51e1641b6760-22952117663552","trial_id":1,"step":2,"intermediate_value":0.9085906846526113}
{"op_code":7,"worker_id":"2bf13a8c-ed8c-4e1c-ba3b-51e1641b6760-22952117663552","trial_id":1,"step":3,"intermediate_value":0.9117734470401371}
{"op_code":7,"worker_id":"2bf13a8c-ed8c-4e1c-ba3b-51e1641b6760-22952117663552","trial_id":1,"step":4,"intermediate_value":0.913923200339185}
{"op_code":7,"worker_id":"2bf13a8c-ed8c-4e1c-ba3b-51e1641b6760-22952117663552","trial_id":1,"step":5,"intermediate_value":0.9136704939681581}
{"op_code":7,"worker_id":"2bf13a8c-ed8c-4e1c-ba3b-51e1641b6760-22952117663552","trial_id":1,"step":6,"intermediate_value":0.9140290991974329}
{"op_code":7,"worker_id":"2bf13a8c-ed8c-4e1c-ba3b-51e1641b6760-22952117663552","trial_id":1,"step":7,"intermediate_value":0.9145959218343099}
{"op_code":7,"worker_id":"2bf13a8c-ed8c-4e1c-ba3b-51e1641b6760-22952117663552","trial_id":1,"step":8,"intermediate_value":0.9153352383334159}
{"op_code":7,"worker_id":"2bf13a8c-ed8c-4e1c-ba3b-51e1641b6760-22952117663552","trial_id":1,"step":9,"intermediate_value":0.9143970059330353}
{"op_code":7,"worker_id":"2bf13a8c-ed8c-4e1c-ba3b-51e1641b6760-22952117663552","trial_id":1,"step":10,"intermediate_value":0.9178275389603449}
{"op_code":7,"worker_id":"2bf13a8c-ed8c-4e1c-ba3b-51e1641b6760-22952117663552","trial_id":1,"step":11,"intermediate_value":0.9127787555239802}
{"op_code":7,"worker_id":"2bf13a8c-ed8c-4e1c-ba3b-51e1641b6760-22952117663552","trial_id":1,"step":12,"intermediate_value":0.9127286175533263}
{"op_code":7,"worker_id":"2bf13a8c-ed8c-4e1c-ba3b-51e1641b6760-22952117663552","trial_id":1,"step":13,"intermediate_value":0.9176691858228274}
{"op_code":7,"worker_id":"2bf13a8c-ed8c-4e1c-ba3b-51e1641b6760-22952117663552","trial_id":1,"step":14,"intermediate_value":0.9170928576238639}
{"op_code":7,"worker_id":"2bf13a8c-ed8c-4e1c-ba3b-51e1641b6760-22952117663552","trial_id":1,"step":15,"intermediate_value":0.9178223423262084}
{"op_code":7,"worker_id":"2bf13a8c-ed8c-4e1c-ba3b-51e1641b6760-22952117663552","trial_id":1,"step":16,"intermediate_value":0.9156766511932952}
{"op_code":7,"worker_id":"2bf13a8c-ed8c-4e1c-ba3b-51e1641b6760-22952117663552","trial_id":1,"step":17,"intermediate_value":0.9151281075969709}
{"op_code":7,"worker_id":"2bf13a8c-ed8c-4e1c-ba3b-51e1641b6760-22952117663552","trial_id":1,"step":18,"intermediate_value":0.9155121893928003}
{"op_code":7,"worker_id":"2bf13a8c-ed8c-4e1c-ba3b-51e1641b6760-22952117663552","trial_id":1,"step":19,"intermediate_value":0.9150440599570495}
{"op_code":7,"worker_id":"2bf13a8c-ed8c-4e1c-ba3b-51e1641b6760-22952117663552","trial_id":1,"step":20,"intermediate_value":0.9150127585389577}
{"op_code":7,"worker_id":"2bf13a8c-ed8c-4e1c-ba3b-51e1641b6760-22952117663552","trial_id":1,"step":21,"intermediate_value":0.9155201601529602}
{"op_code":7,"worker_id":"2bf13a8c-ed8c-4e1c-ba3b-51e1641b6760-22952117663552","trial_id":1,"step":22,"intermediate_value":0.9171580875188572}
{"op_code":7,"worker_id":"2bf13a8c-ed8c-4e1c-ba3b-51e1641b6760-22952117663552","trial_id":1,"step":23,"intermediate_value":0.9156110119140869}
{"op_code":7,"worker_id":"2bf13a8c-ed8c-4e1c-ba3b-51e1641b6760-22952117663552","trial_id":1,"step":24,"intermediate_value":0.915398212160787}
{"op_code":7,"worker_id":"2bf13a8c-ed8c-4e1c-ba3b-51e1641b6760-22952117663552","trial_id":1,"step":25,"intermediate_value":0.9155405754862024}
{"op_code":7,"worker_id":"2bf13a8c-ed8c-4e1c-ba3b-51e1641b6760-22952117663552","trial_id":1,"step":26,"intermediate_value":0.9152376027435312}
{"op_code":7,"worker_id":"2bf13a8c-ed8c-4e1c-ba3b-51e1641b6760-22952117663552","trial_id":1,"step":27,"intermediate_value":0.9151919678578314}
{"op_code":7,"worker_id":"2bf13a8c-ed8c-4e1c-ba3b-51e1641b6760-22952117663552","trial_id":1,"step":28,"intermediate_value":0.9154228064654703}
{"op_code":7,"worker_id":"2bf13a8c-ed8c-4e1c-ba3b-51e1641b6760-22952117663552","trial_id":1,"step":29,"intermediate_value":0.9153574617449216}
{"op_code":7,"worker_id":"2bf13a8c-ed8c-4e1c-ba3b-51e1641b6760-22952117663552","trial_id":1,"step":30,"intermediate_value":0.9153485779660452}
{"op_code":7,"worker_id":"2bf13a8c-ed8c-4e1c-ba3b-51e1641b6760-22952117663552","trial_id":1,"step":31,"intermediate_value":0.9151800801604102}
{"op_code":7,"worker_id":"2bf13a8c-ed8c-4e1c-ba3b-51e1641b6760-22952117663552","trial_id":1,"step":32,"intermediate_value":0.9152063597987979}
{"op_code":7,"worker_id":"2bf13a8c-ed8c-4e1c-ba3b-51e1641b6760-22952117663552","trial_id":1,"step":33,"intermediate_value":0.9153156498997237}
{"op_code":7,"worker_id":"2bf13a8c-ed8c-4e1c-ba3b-51e1641b6760-22952117663552","trial_id":1,"step":34,"intermediate_value":0.9153874810621548}
{"op_code":7,"worker_id":"2bf13a8c-ed8c-4e1c-ba3b-51e1641b6760-22952117663552","trial_id":1,"step":35,"intermediate_value":0.9153463567561809}
{"op_code":7,"worker_id":"2bf13a8c-ed8c-4e1c-ba3b-51e1641b6760-22952117663552","trial_id":1,"step":36,"intermediate_value":0.9153145196033401}
{"op_code":7,"worker_id":"2bf13a8c-ed8c-4e1c-ba3b-51e1641b6760-22952117663552","trial_id":1,"step":37,"intermediate_value":0.9152819621746792}
{"op_code":7,"worker_id":"2bf13a8c-ed8c-4e1c-ba3b-51e1641b6760-22952117663552","trial_id":1,"step":38,"intermediate_value":0.9153491900626168}
{"op_code":7,"worker_id":"2bf13a8c-ed8c-4e1c-ba3b-51e1641b6760-22952117663552","trial_id":1,"step":39,"intermediate_value":0.915322079353061}
{"op_code":7,"worker_id":"2bf13a8c-ed8c-4e1c-ba3b-51e1641b6760-22952117663552","trial_id":1,"step":40,"intermediate_value":0.9153947938379444}
{"op_code":9,"worker_id":"2bf13a8c-ed8c-4e1c-ba3b-51e1641b6760-22952117663552","trial_id":1,"system_attr":{"completed_rung_0":0.9153947938379444}}
{"op_code":7,"worker_id":"2bf13a8c-ed8c-4e1c-ba3b-51e1641b6760-22952117663552","trial_id":1,"step":41,"intermediate_value":0.9153043800967161}
{"op_code":7,"worker_id":"2bf13a8c-ed8c-4e1c-ba3b-51e1641b6760-22952117663552","trial_id":1,"step":42,"intermediate_value":0.9152925997300787}
{"op_code":7,"worker_id":"2bf13a8c-ed8c-4e1c-ba3b-51e1641b6760-22952117663552","trial_id":1,"step":43,"intermediate_value":0.9153759624468757}
{"op_code":7,"worker_id":"2bf13a8c-ed8c-4e1c-ba3b-51e1641b6760-22952117663552","trial_id":1,"step":44,"intermediate_value":0.9153201816203614}
{"op_code":7,"worker_id":"2bf13a8c-ed8c-4e1c-ba3b-51e1641b6760-22952117663552","trial_id":1,"step":45,"intermediate_value":0.9153151452753467}
{"op_code":7,"worker_id":"2bf13a8c-ed8c-4e1c-ba3b-51e1641b6760-22952117663552","trial_id":1,"step":46,"intermediate_value":0.9152581847293804}
{"op_code":7,"worker_id":"2bf13a8c-ed8c-4e1c-ba3b-51e1641b6760-22952117663552","trial_id":1,"step":47,"intermediate_value":0.9152525222174214}
{"op_code":7,"worker_id":"2bf13a8c-ed8c-4e1c-ba3b-51e1641b6760-22952117663552","trial_id":1,"step":48,"intermediate_value":0.9153027930435054}
{"op_code":7,"worker_id":"2bf13a8c-ed8c-4e1c-ba3b-51e1641b6760-22952117663552","trial_id":1,"step":49,"intermediate_value":0.9153196751576443}
{"op_code":7,"worker_id":"2bf13a8c-ed8c-4e1c-ba3b-51e1641b6760-22952117663552","trial_id":1,"step":50,"intermediate_value":0.9152140410910863}
{"op_code":7,"worker_id":"2bf13a8c-ed8c-4e1c-ba3b-51e1641b6760-22952117663552","trial_id":1,"step":51,"intermediate_value":0.9152421266158705}
{"op_code":7,"worker_id":"2bf13a8c-ed8c-4e1c-ba3b-51e1641b6760-22952117663552","trial_id":1,"step":52,"intermediate_value":0.915155063815247}
{"op_code":7,"worker_id":"2bf13a8c-ed8c-4e1c-ba3b-51e1641b6760-22952117663552","trial_id":1,"step":53,"intermediate_value":0.9151656245138863}
{"op_code":7,"worker_id":"2bf13a8c-ed8c-4e1c-ba3b-51e1641b6760-22952117663552","trial_id":1,"step":54,"intermediate_value":0.9152055183339374}
{"op_code":7,"worker_id":"2bf13a8c-ed8c-4e1c-ba3b-51e1641b6760-22952117663552","trial_id":1,"step":55,"intermediate_value":0.9151865051593079}
{"op_code":7,"worker_id":"2bf13a8c-ed8c-4e1c-ba3b-51e1641b6760-22952117663552","trial_id":1,"step":56,"intermediate_value":0.9151836244802599}
{"op_code":7,"worker_id":"2bf13a8c-ed8c-4e1c-ba3b-51e1641b6760-22952117663552","trial_id":1,"step":57,"intermediate_value":0.9151505032468097}
{"op_code":7,"worker_id":"2bf13a8c-ed8c-4e1c-ba3b-51e1641b6760-22952117663552","trial_id":1,"step":58,"intermediate_value":0.9151530509741705}
{"op_code":7,"worker_id":"2bf13a8c-ed8c-4e1c-ba3b-51e1641b6760-22952117663552","trial_id":1,"step":59,"intermediate_value":0.9150951941666654}
{"op_code":7,"worker_id":"2bf13a8c-ed8c-4e1c-ba3b-51e1641b6760-22952117663552","trial_id":1,"step":60,"intermediate_value":0.9150380992804558}
{"op_code":7,"worker_id":"2bf13a8c-ed8c-4e1c-ba3b-51e1641b6760-22952117663552","trial_id":1,"step":61,"intermediate_value":0.9149627148892956}
{"op_code":7,"worker_id":"2bf13a8c-ed8c-4e1c-ba3b-51e1641b6760-22952117663552","trial_id":1,"step":62,"intermediate_value":0.9148949280752406}
{"op_code":7,"worker_id":"2bf13a8c-ed8c-4e1c-ba3b-51e1641b6760-22952117663552","trial_id":1,"step":63,"intermediate_value":0.9148579544585512}
{"op_code":7,"worker_id":"2bf13a8c-ed8c-4e1c-ba3b-51e1641b6760-22952117663552","trial_id":1,"step":64,"intermediate_value":0.9148041910689638}
{"op_code":7,"worker_id":"2bf13a8c-ed8c-4e1c-ba3b-51e1641b6760-22952117663552","trial_id":1,"step":65,"intermediate_value":0.914759947523952}
{"op_code":7,"worker_id":"2bf13a8c-ed8c-4e1c-ba3b-51e1641b6760-22952117663552","trial_id":1,"step":66,"intermediate_value":0.9147194147392806}
{"op_code":7,"worker_id":"2bf13a8c-ed8c-4e1c-ba3b-51e1641b6760-22952117663552","trial_id":1,"step":67,"intermediate_value":0.9146837212436988}
{"op_code":7,"worker_id":"2bf13a8c-ed8c-4e1c-ba3b-51e1641b6760-22952117663552","trial_id":1,"step":68,"intermediate_value":0.9146257869430849}
{"op_code":7,"worker_id":"2bf13a8c-ed8c-4e1c-ba3b-51e1641b6760-22952117663552","trial_id":1,"step":69,"intermediate_value":0.914585118474768}
{"op_code":7,"worker_id":"2bf13a8c-ed8c-4e1c-ba3b-51e1641b6760-22952117663552","trial_id":1,"step":70,"intermediate_value":0.914553895256839}
{"op_code":7,"worker_id":"2bf13a8c-ed8c-4e1c-ba3b-51e1641b6760-22952117663552","trial_id":1,"step":71,"intermediate_value":0.9145077440803727}
{"op_code":7,"worker_id":"2bf13a8c-ed8c-4e1c-ba3b-51e1641b6760-22952117663552","trial_id":1,"step":72,"intermediate_value":0.9144632088756222}
{"op_code":7,"worker_id":"2bf13a8c-ed8c-4e1c-ba3b-51e1641b6760-22952117663552","trial_id":1,"step":73,"intermediate_value":0.9144209725152556}
{"op_code":7,"worker_id":"2bf13a8c-ed8c-4e1c-ba3b-51e1641b6760-22952117663552","trial_id":1,"step":74,"intermediate_value":0.9143912457062257}
{"op_code":7,"worker_id":"2bf13a8c-ed8c-4e1c-ba3b-51e1641b6760-22952117663552","trial_id":1,"step":75,"intermediate_value":0.9143636512303833}
{"op_code":7,"worker_id":"2bf13a8c-ed8c-4e1c-ba3b-51e1641b6760-22952117663552","trial_id":1,"step":76,"intermediate_value":0.9143376289596196}
{"op_code":7,"worker_id":"2bf13a8c-ed8c-4e1c-ba3b-51e1641b6760-22952117663552","trial_id":1,"step":77,"intermediate_value":0.914316923097925}
{"op_code":7,"worker_id":"2bf13a8c-ed8c-4e1c-ba3b-51e1641b6760-22952117663552","trial_id":1,"step":78,"intermediate_value":0.914303389591113}
{"op_code":7,"worker_id":"2bf13a8c-ed8c-4e1c-ba3b-51e1641b6760-22952117663552","trial_id":1,"step":79,"intermediate_value":0.9142835627388417}
{"op_code":7,"worker_id":"2bf13a8c-ed8c-4e1c-ba3b-51e1641b6760-22952117663552","trial_id":1,"step":80,"intermediate_value":0.9142701341588302}
{"op_code":9,"worker_id":"2bf13a8c-ed8c-4e1c-ba3b-51e1641b6760-22952117663552","trial_id":1,"system_attr":{"completed_rung_1":0.9142701341588302}}
{"op_code":7,"worker_id":"2bf13a8c-ed8c-4e1c-ba3b-51e1641b6760-22952117663552","trial_id":1,"step":81,"intermediate_value":0.914257667525666}
{"op_code":7,"worker_id":"2bf13a8c-ed8c-4e1c-ba3b-51e1641b6760-22952117663552","trial_id":1,"step":82,"intermediate_value":0.9142461939497208}
{"op_code":7,"worker_id":"2bf13a8c-ed8c-4e1c-ba3b-51e1641b6760-22952117663552","trial_id":1,"step":83,"intermediate_value":0.914234110751893}
{"op_code":7,"worker_id":"2bf13a8c-ed8c-4e1c-ba3b-51e1641b6760-22952117663552","trial_id":1,"step":84,"intermediate_value":0.9142301863905656}
{"op_code":7,"worker_id":"2bf13a8c-ed8c-4e1c-ba3b-51e1641b6760-22952117663552","trial_id":1,"step":85,"intermediate_value":0.9142233966225548}
{"op_code":7,"worker_id":"2bf13a8c-ed8c-4e1c-ba3b-51e1641b6760-22952117663552","trial_id":1,"step":86,"intermediate_value":0.9142148087457406}
{"op_code":7,"worker_id":"2bf13a8c-ed8c-4e1c-ba3b-51e1641b6760-22952117663552","trial_id":1,"step":87,"intermediate_value":0.9142131997738586}
{"op_code":7,"worker_id":"2bf13a8c-ed8c-4e1c-ba3b-51e1641b6760-22952117663552","trial_id":1,"step":88,"intermediate_value":0.9142100813832854}
{"op_code":7,"worker_id":"2bf13a8c-ed8c-4e1c-ba3b-51e1641b6760-22952117663552","trial_id":1,"step":89,"intermediate_value":0.9142064872868403}
{"op_code":7,"worker_id":"2bf13a8c-ed8c-4e1c-ba3b-51e1641b6760-22952117663552","trial_id":1,"step":90,"intermediate_value":0.9142033319880529}
{"op_code":7,"worker_id":"2bf13a8c-ed8c-4e1c-ba3b-51e1641b6760-22952117663552","trial_id":1,"step":91,"intermediate_value":0.9142006350016113}
{"op_code":7,"worker_id":"2bf13a8c-ed8c-4e1c-ba3b-51e1641b6760-22952117663552","trial_id":1,"step":92,"intermediate_value":0.9141989808489843}
{"op_code":7,"worker_id":"2bf13a8c-ed8c-4e1c-ba3b-51e1641b6760-22952117663552","trial_id":1,"step":93,"intermediate_value":0.9141969959365374}
{"op_code":7,"worker_id":"2bf13a8c-ed8c-4e1c-ba3b-51e1641b6760-22952117663552","trial_id":1,"step":94,"intermediate_value":0.9141959838595679}
{"op_code":7,"worker_id":"2bf13a8c-ed8c-4e1c-ba3b-51e1641b6760-22952117663552","trial_id":1,"step":95,"intermediate_value":0.9141953775608384}
{"op_code":7,"worker_id":"2bf13a8c-ed8c-4e1c-ba3b-51e1641b6760-22952117663552","trial_id":1,"step":96,"intermediate_value":0.914195170535453}
{"op_code":7,"worker_id":"2bf13a8c-ed8c-4e1c-ba3b-51e1641b6760-22952117663552","trial_id":1,"step":97,"intermediate_value":0.9141951300212638}
{"op_code":7,"worker_id":"2bf13a8c-ed8c-4e1c-ba3b-51e1641b6760-22952117663552","trial_id":1,"step":98,"intermediate_value":0.9141950709822622}
{"op_code":7,"worker_id":"2bf13a8c-ed8c-4e1c-ba3b-51e1641b6760-22952117663552","trial_id":1,"step":99,"intermediate_value":0.9141950087615179}
{"op_code":6,"worker_id":"2bf13a8c-ed8c-4e1c-ba3b-51e1641b6760-22952117663552","trial_id":1,"state":1,"values":[0.9085906846526113],"datetime_complete":"2025-12-22T18:15:14.290745"}
{"op_code":4,"worker_id":"2bf13a8c-ed8c-4e1c-ba3b-51e1641b6760-22952117663552","study_id":0,"datetime_start":"2025-12-22T18:15:14.296067"}
{"op_code":5,"worker_id":"2bf13a8c-ed8c-4e1c-ba3b-51e1641b6760-22952117663552","trial_id":2,"param_name":"n_layers","param_value_internal":45.0,"distribution":"{\"name\": \"IntDistribution\", \"attributes\": {\"log\": false, \"step\": 1, \"low\": 2, \"high\": 64}}"}
{"op_code":5,"worker_id":"2bf13a8c-ed8c-4e1c-ba3b-51e1641b6760-22952117663552","trial_id":2,"param_name":"n_heads","param_value_internal":4,"distribution":"{\"name\": \"CategoricalDistribution\", \"attributes\": {\"choices\": [2, 4, 8, 16, 32]}}"}
{"op_code":5,"worker_id":"2bf13a8c-ed8c-4e1c-ba3b-51e1641b6760-22952117663552","trial_id":2,"param_name":"head_dim","param_value_internal":1,"distribution":"{\"name\": \"CategoricalDistribution\", \"attributes\": {\"choices\": [4, 8, 16, 32, 64]}}"}
{"op_code":8,"worker_id":"2bf13a8c-ed8c-4e1c-ba3b-51e1641b6760-22952117663552","trial_id":2,"user_attr":{"d_model":256}}
{"op_code":5,"worker_id":"2bf13a8c-ed8c-4e1c-ba3b-51e1641b6760-22952117663552","trial_id":2,"param_name":"lr","param_value_internal":5.4880470007660465e-06,"distribution":"{\"name\": \"FloatDistribution\", \"attributes\": {\"step\": null, \"low\": 1e-06, \"high\": 0.01, \"log\": true}}"}
{"op_code":5,"worker_id":"2bf13a8c-ed8c-4e1c-ba3b-51e1641b6760-22952117663552","trial_id":2,"param_name":"min_lr_ratio","param_value_internal":0.08105016126411585,"distribution":"{\"name\": \"FloatDistribution\", \"attributes\": {\"step\": null, \"low\": 0.0001, \"high\": 0.1, \"log\": true}}"}
{"op_code":5,"worker_id":"2bf13a8c-ed8c-4e1c-ba3b-51e1641b6760-22952117663552","trial_id":2,"param_name":"batch_size","param_value_internal":1,"distribution":"{\"name\": \"CategoricalDistribution\", \"attributes\": {\"choices\": [256, 512, 1024]}}"}
{"op_code":5,"worker_id":"2bf13a8c-ed8c-4e1c-ba3b-51e1641b6760-22952117663552","trial_id":2,"param_name":"weight_decay","param_value_internal":0.17936999364332554,"distribution":"{\"name\": \"FloatDistribution\", \"attributes\": {\"step\": null, \"low\": 0.0, \"high\": 0.3, \"log\": false}}"}
{"op_code":5,"worker_id":"2bf13a8c-ed8c-4e1c-ba3b-51e1641b6760-22952117663552","trial_id":2,"param_name":"beta_1","param_value_internal":0.976562270506935,"distribution":"{\"name\": \"FloatDistribution\", \"attributes\": {\"step\": null, \"low\": 0.7, \"high\": 1.0, \"log\": false}}"}
{"op_code":5,"worker_id":"2bf13a8c-ed8c-4e1c-ba3b-51e1641b6760-22952117663552","trial_id":2,"param_name":"beta_2","param_value_internal":0.9088492502051919,"distribution":"{\"name\": \"FloatDistribution\", \"attributes\": {\"step\": null, \"low\": 0.9, \"high\": 1.0, \"log\": false}}"}
{"op_code":8,"worker_id":"2bf13a8c-ed8c-4e1c-ba3b-51e1641b6760-22952117663552","trial_id":2,"user_attr":{"min_lr":4.448070944371354e-07}}
{"op_code":7,"worker_id":"2bf13a8c-ed8c-4e1c-ba3b-51e1641b6760-22952117663552","trial_id":2,"step":0,"intermediate_value":0.9180287495343852}
{"op_code":7,"worker_id":"2bf13a8c-ed8c-4e1c-ba3b-51e1641b6760-22952117663552","trial_id":2,"step":1,"intermediate_value":0.9168159449793407}
{"op_code":7,"worker_id":"2bf13a8c-ed8c-4e1c-ba3b-51e1641b6760-22952117663552","trial_id":2,"step":2,"intermediate_value":0.9149254148965205}
{"op_code":7,"worker_id":"2bf13a8c-ed8c-4e1c-ba3b-51e1641b6760-22952117663552","trial_id":2,"step":3,"intermediate_value":0.9140569688586578}
{"op_code":7,"worker_id":"2bf13a8c-ed8c-4e1c-ba3b-51e1641b6760-22952117663552","trial_id":2,"step":4,"intermediate_value":0.9127317500849776}
{"op_code":7,"worker_id":"2bf13a8c-ed8c-4e1c-ba3b-51e1641b6760-22952117663552","trial_id":2,"step":5,"intermediate_value":0.9119514481452861}
{"op_code":7,"worker_id":"2bf13a8c-ed8c-4e1c-ba3b-51e1641b6760-22952117663552","trial_id":2,"step":6,"intermediate_value":0.9123562386310257}
{"op_code":7,"worker_id":"2bf13a8c-ed8c-4e1c-ba3b-51e1641b6760-22952117663552","trial_id":2,"step":7,"intermediate_value":0.9119500755415269}
{"op_code":7,"worker_id":"2bf13a8c-ed8c-4e1c-ba3b-51e1641b6760-22952117663552","trial_id":2,"step":8,"intermediate_value":0.9108203175087699}
{"op_code":7,"worker_id":"2bf13a8c-ed8c-4e1c-ba3b-51e1641b6760-22952117663552","trial_id":2,"step":9,"intermediate_value":0.9111169466344488}
{"op_code":7,"worker_id":"2bf13a8c-ed8c-4e1c-ba3b-51e1641b6760-22952117663552","trial_id":2,"step":10,"intermediate_value":0.9101910586883165}
{"op_code":7,"worker_id":"2bf13a8c-ed8c-4e1c-ba3b-51e1641b6760-22952117663552","trial_id":2,"step":11,"intermediate_value":0.9107110229534046}
{"op_code":7,"worker_id":"2bf13a8c-ed8c-4e1c-ba3b-51e1641b6760-22952117663552","trial_id":2,"step":12,"intermediate_value":0.9093072868326805}
{"op_code":7,"worker_id":"2bf13a8c-ed8c-4e1c-ba3b-51e1641b6760-22952117663552","trial_id":2,"step":13,"intermediate_value":0.9108377483674498}
{"op_code":7,"worker_id":"2bf13a8c-ed8c-4e1c-ba3b-51e1641b6760-22952117663552","trial_id":2,"step":14,"intermediate_value":0.9076841385904721}
{"op_code":7,"worker_id":"2bf13a8c-ed8c-4e1c-ba3b-51e1641b6760-22952117663552","trial_id":2,"step":15,"intermediate_value":0.90853496130958}
{"op_code":7,"worker_id":"2bf13a8c-ed8c-4e1c-ba3b-51e1641b6760-22952117663552","trial_id":2,"step":16,"intermediate_value":0.9051052978171714}
{"op_code":7,"worker_id":"2bf13a8c-ed8c-4e1c-ba3b-51e1641b6760-22952117663552","trial_id":2,"step":17,"intermediate_value":0.9076074748559637}
{"op_code":7,"worker_id":"2bf13a8c-ed8c-4e1c-ba3b-51e1641b6760-22952117663552","trial_id":2,"step":18,"intermediate_value":0.9030525576177441}
{"op_code":7,"worker_id":"2bf13a8c-ed8c-4e1c-ba3b-51e1641b6760-22952117663552","trial_id":2,"step":19,"intermediate_value":0.8950982059165393}
{"op_code":7,"worker_id":"2bf13a8c-ed8c-4e1c-ba3b-51e1641b6760-22952117663552","trial_id":2,"step":20,"intermediate_value":0.9331854559207161}
{"op_code":7,"worker_id":"2bf13a8c-ed8c-4e1c-ba3b-51e1641b6760-22952117663552","trial_id":2,"step":21,"intermediate_value":0.888317047630482}
{"op_code":7,"worker_id":"2bf13a8c-ed8c-4e1c-ba3b-51e1641b6760-22952117663552","trial_id":2,"step":22,"intermediate_value":0.9652892033683306}
{"op_code":7,"worker_id":"2bf13a8c-ed8c-4e1c-ba3b-51e1641b6760-22952117663552","trial_id":2,"step":23,"intermediate_value":0.8927466058363411}
{"op_code":7,"worker_id":"2bf13a8c-ed8c-4e1c-ba3b-51e1641b6760-22952117663552","trial_id":2,"step":24,"intermediate_value":0.9509242379934055}
{"op_code":7,"worker_id":"2bf13a8c-ed8c-4e1c-ba3b-51e1641b6760-22952117663552","trial_id":2,"step":25,"intermediate_value":0.8976658204413535}
{"op_code":7,"worker_id":"2bf13a8c-ed8c-4e1c-ba3b-51e1641b6760-22952117663552","trial_id":2,"step":26,"intermediate_value":0.9201319854030405}
{"op_code":7,"worker_id":"2bf13a8c-ed8c-4e1c-ba3b-51e1641b6760-22952117663552","trial_id":2,"step":27,"intermediate_value":0.9016459637265188}
{"op_code":7,"worker_id":"2bf13a8c-ed8c-4e1c-ba3b-51e1641b6760-22952117663552","trial_id":2,"step":28,"intermediate_value":0.9329884774885709}
{"op_code":7,"worker_id":"2bf13a8c-ed8c-4e1c-ba3b-51e1641b6760-22952117663552","trial_id":2,"step":29,"intermediate_value":0.9005318660894464}
{"op_code":7,"worker_id":"2bf13a8c-ed8c-4e1c-ba3b-51e1641b6760-22952117663552","trial_id":2,"step":30,"intermediate_value":0.9620555939057827}
{"op_code":7,"worker_id":"2bf13a8c-ed8c-4e1c-ba3b-51e1641b6760-22952117663552","trial_id":2,"step":31,"intermediate_value":0.9024588936588518}
{"op_code":7,"worker_id":"2bf13a8c-ed8c-4e1c-ba3b-51e1641b6760-22952117663552","trial_id":2,"step":32,"intermediate_value":0.955910226345628}
{"op_code":7,"worker_id":"2bf13a8c-ed8c-4e1c-ba3b-51e1641b6760-22952117663552","trial_id":2,"step":33,"intermediate_value":0.9102953975028132}
{"op_code":7,"worker_id":"2bf13a8c-ed8c-4e1c-ba3b-51e1641b6760-22952117663552","trial_id":2,"step":34,"intermediate_value":0.9063695126863844}
{"op_code":7,"worker_id":"2bf13a8c-ed8c-4e1c-ba3b-51e1641b6760-22952117663552","trial_id":2,"step":35,"intermediate_value":0.9769231440192299}
{"op_code":7,"worker_id":"2bf13a8c-ed8c-4e1c-ba3b-51e1641b6760-22952117663552","trial_id":2,"step":36,"intermediate_value":0.9048991406232578}
{"op_code":7,"worker_id":"2bf13a8c-ed8c-4e1c-ba3b-51e1641b6760-22952117663552","trial_id":2,"step":37,"intermediate_value":0.9085442861486868}
{"op_code":7,"worker_id":"2bf13a8c-ed8c-4e1c-ba3b-51e1641b6760-22952117663552","trial_id":2,"step":38,"intermediate_value":0.9648148015866217}
{"op_code":7,"worker_id":"2bf13a8c-ed8c-4e1c-ba3b-51e1641b6760-22952117663552","trial_id":2,"step":39,"intermediate_value":0.9289877376522457}
{"op_code":7,"worker_id":"2bf13a8c-ed8c-4e1c-ba3b-51e1641b6760-22952117663552","trial_id":2,"step":40,"intermediate_value":0.9006209623771206}
{"op_code":7,"worker_id":"2bf13a8c-ed8c-4e1c-ba3b-51e1641b6760-22952117663552","trial_id":2,"step":41,"intermediate_value":0.9022240724286433}
{"op_code":7,"worker_id":"2bf13a8c-ed8c-4e1c-ba3b-51e1641b6760-22952117663552","trial_id":2,"step":42,"intermediate_value":0.9111907235385401}
{"op_code":7,"worker_id":"2bf13a8c-ed8c-4e1c-ba3b-51e1641b6760-22952117663552","trial_id":2,"step":43,"intermediate_value":0.957219861438973}
{"op_code":7,"worker_id":"2bf13a8c-ed8c-4e1c-ba3b-51e1641b6760-22952117663552","trial_id":2,"step":44,"intermediate_value":0.9957937450454187}
{"op_code":7,"worker_id":"2bf13a8c-ed8c-4e1c-ba3b-51e1641b6760-22952117663552","trial_id":2,"step":45,"intermediate_value":0.9366474721496781}
{"op_code":7,"worker_id":"2bf13a8c-ed8c-4e1c-ba3b-51e1641b6760-22952117663552","trial_id":2,"step":46,"intermediate_value":0.8805075405896912}
{"op_code":7,"worker_id":"2bf13a8c-ed8c-4e1c-ba3b-51e1641b6760-22952117663552","trial_id":2,"step":47,"intermediate_value":0.8732040383778998}
{"op_code":7,"worker_id":"2bf13a8c-ed8c-4e1c-ba3b-51e1641b6760-22952117663552","trial_id":2,"step":48,"intermediate_value":0.888631103867455}
{"op_code":7,"worker_id":"2bf13a8c-ed8c-4e1c-ba3b-51e1641b6760-22952117663552","trial_id":2,"step":49,"intermediate_value":0.8764328671661278}
{"op_code":7,"worker_id":"2bf13a8c-ed8c-4e1c-ba3b-51e1641b6760-22952117663552","trial_id":2,"step":50,"intermediate_value":0.8927025031364685}
{"op_code":7,"worker_id":"2bf13a8c-ed8c-4e1c-ba3b-51e1641b6760-22952117663552","trial_id":2,"step":51,"intermediate_value":0.8669936540288009}
{"op_code":7,"worker_id":"2bf13a8c-ed8c-4e1c-ba3b-51e1641b6760-22952117663552","trial_id":2,"step":52,"intermediate_value":0.9274083020989722}
{"op_code":7,"worker_id":"2bf13a8c-ed8c-4e1c-ba3b-51e1641b6760-22952117663552","trial_id":2,"step":53,"intermediate_value":0.9263126507207027}
{"op_code":7,"worker_id":"2bf13a8c-ed8c-4e1c-ba3b-51e1641b6760-22952117663552","trial_id":2,"step":54,"intermediate_value":0.8599011719863185}
{"op_code":7,"worker_id":"2bf13a8c-ed8c-4e1c-ba3b-51e1641b6760-22952117663552","trial_id":2,"step":55,"intermediate_value":0.8684145117428238}
{"op_code":7,"worker_id":"2bf13a8c-ed8c-4e1c-ba3b-51e1641b6760-22952117663552","trial_id":2,"step":56,"intermediate_value":0.9137442264692639}
{"op_code":7,"worker_id":"2bf13a8c-ed8c-4e1c-ba3b-51e1641b6760-22952117663552","trial_id":2,"step":57,"intermediate_value":0.8644625213646804}
{"op_code":7,"worker_id":"2bf13a8c-ed8c-4e1c-ba3b-51e1641b6760-22952117663552","trial_id":2,"step":58,"intermediate_value":0.8611089841751017}
{"op_code":7,"worker_id":"2bf13a8c-ed8c-4e1c-ba3b-51e1641b6760-22952117663552","trial_id":2,"step":59,"intermediate_value":0.8639043495324159}
{"op_code":7,"worker_id":"2bf13a8c-ed8c-4e1c-ba3b-51e1641b6760-22952117663552","trial_id":2,"step":60,"intermediate_value":0.901487027269524}
{"op_code":7,"worker_id":"2bf13a8c-ed8c-4e1c-ba3b-51e1641b6760-22952117663552","trial_id":2,"step":61,"intermediate_value":0.8575008778102599}
{"op_code":7,"worker_id":"2bf13a8c-ed8c-4e1c-ba3b-51e1641b6760-22952117663552","trial_id":2,"step":62,"intermediate_value":0.8914967784536549}
{"op_code":7,"worker_id":"2bf13a8c-ed8c-4e1c-ba3b-51e1641b6760-22952117663552","trial_id":2,"step":63,"intermediate_value":0.8660292193417306}
{"op_code":7,"worker_id":"2bf13a8c-ed8c-4e1c-ba3b-51e1641b6760-22952117663552","trial_id":2,"step":64,"intermediate_value":0.8389816216302513}
{"op_code":7,"worker_id":"2bf13a8c-ed8c-4e1c-ba3b-51e1641b6760-22952117663552","trial_id":2,"step":65,"intermediate_value":0.8707820661410177}
{"op_code":7,"worker_id":"2bf13a8c-ed8c-4e1c-ba3b-51e1641b6760-22952117663552","trial_id":2,"step":66,"intermediate_value":0.8910115381011193}
{"op_code":7,"worker_id":"2bf13a8c-ed8c-4e1c-ba3b-51e1641b6760-22952117663552","trial_id":2,"step":67,"intermediate_value":0.8947622021604971}
{"op_code":7,"worker_id":"2bf13a8c-ed8c-4e1c-ba3b-51e1641b6760-22952117663552","trial_id":2,"step":68,"intermediate_value":0.9135625643096643}
{"op_code":7,"worker_id":"2bf13a8c-ed8c-4e1c-ba3b-51e1641b6760-22952117663552","trial_id":2,"step":69,"intermediate_value":0.9326026878747228}
{"op_code":7,"worker_id":"2bf13a8c-ed8c-4e1c-ba3b-51e1641b6760-22952117663552","trial_id":2,"step":70,"intermediate_value":0.761859363296278}
{"op_code":7,"worker_id":"2bf13a8c-ed8c-4e1c-ba3b-51e1641b6760-22952117663552","trial_id":2,"step":71,"intermediate_value":0.823057016868184}
{"op_code":7,"worker_id":"2bf13a8c-ed8c-4e1c-ba3b-51e1641b6760-22952117663552","trial_id":2,"step":72,"intermediate_value":0.8865870417649211}
{"op_code":7,"worker_id":"2bf13a8c-ed8c-4e1c-ba3b-51e1641b6760-22952117663552","trial_id":2,"step":73,"intermediate_value":0.7803307754006391}
{"op_code":7,"worker_id":"2bf13a8c-ed8c-4e1c-ba3b-51e1641b6760-22952117663552","trial_id":2,"step":74,"intermediate_value":0.7753882833081491}
{"op_code":7,"worker_id":"2bf13a8c-ed8c-4e1c-ba3b-51e1641b6760-22952117663552","trial_id":2,"step":75,"intermediate_value":0.6711328873854939}
{"op_code":7,"worker_id":"2bf13a8c-ed8c-4e1c-ba3b-51e1641b6760-22952117663552","trial_id":2,"step":76,"intermediate_value":0.5945672316483331}
{"op_code":7,"worker_id":"2bf13a8c-ed8c-4e1c-ba3b-51e1641b6760-22952117663552","trial_id":2,"step":77,"intermediate_value":0.6730859228017633}
{"op_code":7,"worker_id":"2bf13a8c-ed8c-4e1c-ba3b-51e1641b6760-22952117663552","trial_id":2,"step":78,"intermediate_value":0.5892766979241286}
{"op_code":7,"worker_id":"2bf13a8c-ed8c-4e1c-ba3b-51e1641b6760-22952117663552","trial_id":2,"step":79,"intermediate_value":0.5930315828125389}
{"op_code":7,"worker_id":"2bf13a8c-ed8c-4e1c-ba3b-51e1641b6760-22952117663552","trial_id":2,"step":80,"intermediate_value":0.5862499575880782}
{"op_code":7,"worker_id":"2bf13a8c-ed8c-4e1c-ba3b-51e1641b6760-22952117663552","trial_id":2,"step":81,"intermediate_value":0.595544414800257}
{"op_code":7,"worker_id":"2bf13a8c-ed8c-4e1c-ba3b-51e1641b6760-22952117663552","trial_id":2,"step":82,"intermediate_value":0.5804409476644486}
{"op_code":7,"worker_id":"2bf13a8c-ed8c-4e1c-ba3b-51e1641b6760-22952117663552","trial_id":2,"step":83,"intermediate_value":0.5695907983350018}
{"op_code":7,"worker_id":"2bf13a8c-ed8c-4e1c-ba3b-51e1641b6760-22952117663552","trial_id":2,"step":84,"intermediate_value":0.5650124447342906}
{"op_code":7,"worker_id":"2bf13a8c-ed8c-4e1c-ba3b-51e1641b6760-22952117663552","trial_id":2,"step":85,"intermediate_value":0.578917766593105}
{"op_code":7,"worker_id":"2bf13a8c-ed8c-4e1c-ba3b-51e1641b6760-22952117663552","trial_id":2,"step":86,"intermediate_value":0.649646299023928}
{"op_code":7,"worker_id":"2bf13a8c-ed8c-4e1c-ba3b-51e1641b6760-22952117663552","trial_id":2,"step":87,"intermediate_value":0.6053732862676166}
{"op_code":7,"worker_id":"2bf13a8c-ed8c-4e1c-ba3b-51e1641b6760-22952117663552","trial_id":2,"step":88,"intermediate_value":0.5845161274800238}
{"op_code":7,"worker_id":"2bf13a8c-ed8c-4e1c-ba3b-51e1641b6760-22952117663552","trial_id":2,"step":89,"intermediate_value":0.5494129244118823}
{"op_code":7,"worker_id":"2bf13a8c-ed8c-4e1c-ba3b-51e1641b6760-22952117663552","trial_id":2,"step":90,"intermediate_value":0.5748929606213689}
{"op_code":7,"worker_id":"2bf13a8c-ed8c-4e1c-ba3b-51e1641b6760-22952117663552","trial_id":2,"step":91,"intermediate_value":0.567984646891077}
{"op_code":7,"worker_id":"2bf13a8c-ed8c-4e1c-ba3b-51e1641b6760-22952117663552","trial_id":2,"step":92,"intermediate_value":0.5739878831102048}
{"op_code":7,"worker_id":"2bf13a8c-ed8c-4e1c-ba3b-51e1641b6760-22952117663552","trial_id":2,"step":93,"intermediate_value":0.593522128614808}
{"op_code":7,"worker_id":"2bf13a8c-ed8c-4e1c-ba3b-51e1641b6760-22952117663552","trial_id":2,"step":94,"intermediate_value":0.5746275371079768}
{"op_code":7,"worker_id":"2bf13a8c-ed8c-4e1c-ba3b-51e1641b6760-22952117663552","trial_id":2,"step":95,"intermediate_value":0.5655320679872768}
{"op_code":7,"worker_id":"2bf13a8c-ed8c-4e1c-ba3b-51e1641b6760-22952117663552","trial_id":2,"step":96,"intermediate_value":0.5627964591499184}
{"op_code":7,"worker_id":"2bf13a8c-ed8c-4e1c-ba3b-51e1641b6760-22952117663552","trial_id":2,"step":97,"intermediate_value":0.5617363189180268}
{"op_code":7,"worker_id":"2bf13a8c-ed8c-4e1c-ba3b-51e1641b6760-22952117663552","trial_id":2,"step":98,"intermediate_value":0.5499644350185372}
{"op_code":7,"worker_id":"2bf13a8c-ed8c-4e1c-ba3b-51e1641b6760-22952117663552","trial_id":2,"step":99,"intermediate_value":0.5530171864538996}
{"op_code":6,"worker_id":"2bf13a8c-ed8c-4e1c-ba3b-51e1641b6760-22952117663552","trial_id":2,"state":1,"values":[0.5494129244118823],"datetime_complete":"2025-12-22T18:43:29.028727"}
{"op_code":4,"worker_id":"2bf13a8c-ed8c-4e1c-ba3b-51e1641b6760-22952117663552","study_id":0,"datetime_start":"2025-12-22T18:43:29.029386"}
{"op_code":5,"worker_id":"2bf13a8c-ed8c-4e1c-ba3b-51e1641b6760-22952117663552","trial_id":3,"param_name":"n_layers","param_value_internal":14.0,"distribution":"{\"name\": \"IntDistribution\", \"attributes\": {\"log\": false, \"step\": 1, \"low\": 2, \"high\": 64}}"}
{"op_code":5,"worker_id":"2bf13a8c-ed8c-4e1c-ba3b-51e1641b6760-22952117663552","trial_id":3,"param_name":"n_heads","param_value_internal":4,"distribution":"{\"name\": \"CategoricalDistribution\", \"attributes\": {\"choices\": [2, 4, 8, 16, 32]}}"}
{"op_code":5,"worker_id":"2bf13a8c-ed8c-4e1c-ba3b-51e1641b6760-22952117663552","trial_id":3,"param_name":"head_dim","param_value_internal":4,"distribution":"{\"name\": \"CategoricalDistribution\", \"attributes\": {\"choices\": [4, 8, 16, 32, 64]}}"}
{"op_code":8,"worker_id":"2bf13a8c-ed8c-4e1c-ba3b-51e1641b6760-22952117663552","trial_id":3,"user_attr":{"d_model":2048}}
{"op_code":5,"worker_id":"2bf13a8c-ed8c-4e1c-ba3b-51e1641b6760-22952117663552","trial_id":3,"param_name":"lr","param_value_internal":1.987021538542864e-06,"distribution":"{\"name\": \"FloatDistribution\", \"attributes\": {\"step\": null, \"low\": 1e-06, \"high\": 0.01, \"log\": true}}"}
{"op_code":5,"worker_id":"2bf13a8c-ed8c-4e1c-ba3b-51e1641b6760-22952117663552","trial_id":3,"param_name":"min_lr_ratio","param_value_internal":0.09133995846860977,"distribution":"{\"name\": \"FloatDistribution\", \"attributes\": {\"step\": null, \"low\": 0.0001, \"high\": 0.1, \"log\": true}}"}
{"op_code":5,"worker_id":"2bf13a8c-ed8c-4e1c-ba3b-51e1641b6760-22952117663552","trial_id":3,"param_name":"batch_size","param_value_internal":0,"distribution":"{\"name\": \"CategoricalDistribution\", \"attributes\": {\"choices\": [256, 512, 1024]}}"}
{"op_code":5,"worker_id":"2bf13a8c-ed8c-4e1c-ba3b-51e1641b6760-22952117663552","trial_id":3,"param_name":"weight_decay","param_value_internal":0.24463842853645024,"distribution":"{\"name\": \"FloatDistribution\", \"attributes\": {\"step\": null, \"low\": 0.0, \"high\": 0.3, \"log\": false}}"}
{"op_code":5,"worker_id":"2bf13a8c-ed8c-4e1c-ba3b-51e1641b6760-22952117663552","trial_id":3,"param_name":"beta_1","param_value_internal":0.9120572031542851,"distribution":"{\"name\": \"FloatDistribution\", \"attributes\": {\"step\": null, \"low\": 0.7, \"high\": 1.0, \"log\": false}}"}
{"op_code":5,"worker_id":"2bf13a8c-ed8c-4e1c-ba3b-51e1641b6760-22952117663552","trial_id":3,"param_name":"beta_2","param_value_internal":0.9729007168040987,"distribution":"{\"name\": \"FloatDistribution\", \"attributes\": {\"step\": null, \"low\": 0.9, \"high\": 1.0, \"log\": false}}"}
{"op_code":8,"worker_id":"2bf13a8c-ed8c-4e1c-ba3b-51e1641b6760-22952117663552","trial_id":3,"user_attr":{"min_lr":1.814944648067383e-07}}
{"op_code":7,"worker_id":"2bf13a8c-ed8c-4e1c-ba3b-51e1641b6760-22952117663552","trial_id":3,"step":0,"intermediate_value":1.065116649562071}
{"op_code":7,"worker_id":"2bf13a8c-ed8c-4e1c-ba3b-51e1641b6760-22952117663552","trial_id":3,"step":1,"intermediate_value":0.975602191184622}
{"op_code":7,"worker_id":"2bf13a8c-ed8c-4e1c-ba3b-51e1641b6760-22952117663552","trial_id":3,"step":2,"intermediate_value":0.9469955231936943}
{"op_code":7,"worker_id":"2bf13a8c-ed8c-4e1c-ba3b-51e1641b6760-22952117663552","trial_id":3,"step":3,"intermediate_value":0.9290421016134259}
{"op_code":7,"worker_id":"2bf13a8c-ed8c-4e1c-ba3b-51e1641b6760-22952117663552","trial_id":3,"step":4,"intermediate_value":0.9146813795518479}
{"op_code":7,"worker_id":"2bf13a8c-ed8c-4e1c-ba3b-51e1641b6760-22952117663552","trial_id":3,"step":5,"intermediate_value":0.900725127256355}
{"op_code":7,"worker_id":"2bf13a8c-ed8c-4e1c-ba3b-51e1641b6760-22952117663552","trial_id":3,"step":6,"intermediate_value":0.8911578792411379}
{"op_code":7,"worker_id":"2bf13a8c-ed8c-4e1c-ba3b-51e1641b6760-22952117663552","trial_id":3,"step":7,"intermediate_value":0.8863572538393955}
{"op_code":7,"worker_id":"2bf13a8c-ed8c-4e1c-ba3b-51e1641b6760-22952117663552","trial_id":3,"step":8,"intermediate_value":0.8697024309479611}
{"op_code":7,"worker_id":"2bf13a8c-ed8c-4e1c-ba3b-51e1641b6760-22952117663552","trial_id":3,"step":9,"intermediate_value":0.8555751931483494}
{"op_code":7,"worker_id":"2bf13a8c-ed8c-4e1c-ba3b-51e1641b6760-22952117663552","trial_id":3,"step":10,"intermediate_value":0.8514929702273467}
{"op_code":7,"worker_id":"2bf13a8c-ed8c-4e1c-ba3b-51e1641b6760-22952117663552","trial_id":3,"step":11,"intermediate_value":0.84001555179786}
{"op_code":7,"worker_id":"2bf13a8c-ed8c-4e1c-ba3b-51e1641b6760-22952117663552","trial_id":3,"step":12,"intermediate_value":0.8302268892137747}
{"op_code":7,"worker_id":"2bf13a8c-ed8c-4e1c-ba3b-51e1641b6760-22952117663552","trial_id":3,"step":13,"intermediate_value":0.8338619147472676}
{"op_code":7,"worker_id":"2bf13a8c-ed8c-4e1c-ba3b-51e1641b6760-22952117663552","trial_id":3,"step":14,"intermediate_value":0.8056391623944998}
{"op_code":7,"worker_id":"2bf13a8c-ed8c-4e1c-ba3b-51e1641b6760-22952117663552","trial_id":3,"step":15,"intermediate_value":0.8066401026285699}
{"op_code":7,"worker_id":"2bf13a8c-ed8c-4e1c-ba3b-51e1641b6760-22952117663552","trial_id":3,"step":16,"intermediate_value":0.7758254354393214}
{"op_code":7,"worker_id":"2bf13a8c-ed8c-4e1c-ba3b-51e1641b6760-22952117663552","trial_id":3,"step":17,"intermediate_value":0.7785190331836895}
{"op_code":7,"worker_id":"2bf13a8c-ed8c-4e1c-ba3b-51e1641b6760-22952117663552","trial_id":3,"step":18,"intermediate_value":0.7430800581317779}
{"op_code":7,"worker_id":"2bf13a8c-ed8c-4e1c-ba3b-51e1641b6760-22952117663552","trial_id":3,"step":19,"intermediate_value":0.7163223772003698}
{"op_code":7,"worker_id":"2bf13a8c-ed8c-4e1c-ba3b-51e1641b6760-22952117663552","trial_id":3,"step":20,"intermediate_value":0.7105390126877691}
{"op_code":7,"worker_id":"2bf13a8c-ed8c-4e1c-ba3b-51e1641b6760-22952117663552","trial_id":3,"step":21,"intermediate_value":0.689285617847601}
{"op_code":7,"worker_id":"2bf13a8c-ed8c-4e1c-ba3b-51e1641b6760-22952117663552","trial_id":3,"step":22,"intermediate_value":0.6658935290214429}
{"op_code":7,"worker_id":"2bf13a8c-ed8c-4e1c-ba3b-51e1641b6760-22952117663552","trial_id":3,"step":23,"intermediate_value":0.7063787969830198}
{"op_code":7,"worker_id":"2bf13a8c-ed8c-4e1c-ba3b-51e1641b6760-22952117663552","trial_id":3,"step":24,"intermediate_value":0.668281207729489}
{"op_code":7,"worker_id":"2bf13a8c-ed8c-4e1c-ba3b-51e1641b6760-22952117663552","trial_id":3,"step":25,"intermediate_value":0.7217588888509984}
{"op_code":7,"worker_id":"2bf13a8c-ed8c-4e1c-ba3b-51e1641b6760-22952117663552","trial_id":3,"step":26,"intermediate_value":0.7601328976496542}
{"op_code":7,"worker_id":"2bf13a8c-ed8c-4e1c-ba3b-51e1641b6760-22952117663552","trial_id":3,"step":27,"intermediate_value":0.6881025552325402}
{"op_code":7,"worker_id":"2bf13a8c-ed8c-4e1c-ba3b-51e1641b6760-22952117663552","trial_id":3,"step":28,"intermediate_value":0.7459073290140462}
{"op_code":7,"worker_id":"2bf13a8c-ed8c-4e1c-ba3b-51e1641b6760-22952117663552","trial_id":3,"step":29,"intermediate_value":0.7136028953435724}
{"op_code":7,"worker_id":"2bf13a8c-ed8c-4e1c-ba3b-51e1641b6760-22952117663552","trial_id":3,"step":30,"intermediate_value":0.7230384559818009}
{"op_code":7,"worker_id":"2bf13a8c-ed8c-4e1c-ba3b-51e1641b6760-22952117663552","trial_id":3,"step":31,"intermediate_value":0.7033676045503764}
{"op_code":7,"worker_id":"2bf13a8c-ed8c-4e1c-ba3b-51e1641b6760-22952117663552","trial_id":3,"step":32,"intermediate_value":0.7619085962379247}
{"op_code":7,"worker_id":"2bf13a8c-ed8c-4e1c-ba3b-51e1641b6760-22952117663552","trial_id":3,"step":33,"intermediate_value":0.7529168372900885}
{"op_code":7,"worker_id":"2bf13a8c-ed8c-4e1c-ba3b-51e1641b6760-22952117663552","trial_id":3,"step":34,"intermediate_value":0.7804408490587101}
{"op_code":7,"worker_id":"2bf13a8c-ed8c-4e1c-ba3b-51e1641b6760-22952117663552","trial_id":3,"step":35,"intermediate_value":0.7583921032019781}
{"op_code":7,"worker_id":"2bf13a8c-ed8c-4e1c-ba3b-51e1641b6760-22952117663552","trial_id":3,"step":36,"intermediate_value":0.8154508979153662}
{"op_code":7,"worker_id":"2bf13a8c-ed8c-4e1c-ba3b-51e1641b6760-22952117663552","trial_id":3,"step":37,"intermediate_value":0.8008958736206996}
{"op_code":7,"worker_id":"2bf13a8c-ed8c-4e1c-ba3b-51e1641b6760-22952117663552","trial_id":3,"step":38,"intermediate_value":0.839746474229851}
{"op_code":7,"worker_id":"2bf13a8c-ed8c-4e1c-ba3b-51e1641b6760-22952117663552","trial_id":3,"step":39,"intermediate_value":0.8340793673395404}
{"op_code":7,"worker_id":"2bf13a8c-ed8c-4e1c-ba3b-51e1641b6760-22952117663552","trial_id":3,"step":40,"intermediate_value":0.8483676114257686}
{"op_code":7,"worker_id":"2bf13a8c-ed8c-4e1c-ba3b-51e1641b6760-22952117663552","trial_id":3,"step":41,"intermediate_value":0.8606788192213926}
{"op_code":7,"worker_id":"2bf13a8c-ed8c-4e1c-ba3b-51e1641b6760-22952117663552","trial_id":3,"step":42,"intermediate_value":0.9037602578476513}
{"op_code":7,"worker_id":"2bf13a8c-ed8c-4e1c-ba3b-51e1641b6760-22952117663552","trial_id":3,"step":43,"intermediate_value":0.8467289058763362}
{"op_code":7,"worker_id":"2bf13a8c-ed8c-4e1c-ba3b-51e1641b6760-22952117663552","trial_id":3,"step":44,"intermediate_value":0.8619816749404192}
{"op_code":7,"worker_id":"2bf13a8c-ed8c-4e1c-ba3b-51e1641b6760-22952117663552","trial_id":3,"step":45,"intermediate_value":0.845167679365278}
{"op_code":7,"worker_id":"2bf13a8c-ed8c-4e1c-ba3b-51e1641b6760-22952117663552","trial_id":3,"step":46,"intermediate_value":0.8448110260290325}
{"op_code":7,"worker_id":"2bf13a8c-ed8c-4e1c-ba3b-51e1641b6760-22952117663552","trial_id":3,"step":47,"intermediate_value":0.8569719538287053}
{"op_code":7,"worker_id":"2bf13a8c-ed8c-4e1c-ba3b-51e1641b6760-22952117663552","trial_id":3,"step":48,"intermediate_value":0.8771685959322738}
{"op_code":7,"worker_id":"2bf13a8c-ed8c-4e1c-ba3b-51e1641b6760-22952117663552","trial_id":3,"step":49,"intermediate_value":0.8730418017467712}
{"op_code":7,"worker_id":"2bf13a8c-ed8c-4e1c-ba3b-51e1641b6760-22952117663552","trial_id":3,"step":50,"intermediate_value":0.8655565162570451}
{"op_code":7,"worker_id":"2bf13a8c-ed8c-4e1c-ba3b-51e1641b6760-22952117663552","trial_id":3,"step":51,"intermediate_value":0.863864993638981}
{"op_code":7,"worker_id":"2bf13a8c-ed8c-4e1c-ba3b-51e1641b6760-22952117663552","trial_id":3,"step":52,"intermediate_value":0.855182752349057}
{"op_code":7,"worker_id":"2bf13a8c-ed8c-4e1c-ba3b-51e1641b6760-22952117663552","trial_id":3,"step":53,"intermediate_value":0.8610987811750365}
{"op_code":7,"worker_id":"2bf13a8c-ed8c-4e1c-ba3b-51e1641b6760-22952117663552","trial_id":3,"step":54,"intermediate_value":0.8702902090365635}
{"op_code":7,"worker_id":"2bf13a8c-ed8c-4e1c-ba3b-51e1641b6760-22952117663552","trial_id":3,"step":55,"intermediate_value":0.8703883025852669}
{"op_code":7,"worker_id":"2bf13a8c-ed8c-4e1c-ba3b-51e1641b6760-22952117663552","trial_id":3,"step":56,"intermediate_value":0.8670340060197869}
{"op_code":7,"worker_id":"2bf13a8c-ed8c-4e1c-ba3b-51e1641b6760-22952117663552","trial_id":3,"step":57,"intermediate_value":0.8725579545025582}
{"op_code":7,"worker_id":"2bf13a8c-ed8c-4e1c-ba3b-51e1641b6760-22952117663552","trial_id":3,"step":58,"intermediate_value":0.8767275427018479}
{"op_code":7,"worker_id":"2bf13a8c-ed8c-4e1c-ba3b-51e1641b6760-22952117663552","trial_id":3,"step":59,"intermediate_value":0.8872262860249511}
{"op_code":7,"worker_id":"2bf13a8c-ed8c-4e1c-ba3b-51e1641b6760-22952117663552","trial_id":3,"step":60,"intermediate_value":0.8855715513512191}
{"op_code":7,"worker_id":"2bf13a8c-ed8c-4e1c-ba3b-51e1641b6760-22952117663552","trial_id":3,"step":61,"intermediate_value":0.8900514292405877}
{"op_code":7,"worker_id":"2bf13a8c-ed8c-4e1c-ba3b-51e1641b6760-22952117663552","trial_id":3,"step":62,"intermediate_value":0.8924678168121465}
{"op_code":7,"worker_id":"2bf13a8c-ed8c-4e1c-ba3b-51e1641b6760-22952117663552","trial_id":3,"step":63,"intermediate_value":0.8946208156300609}
{"op_code":7,"worker_id":"2bf13a8c-ed8c-4e1c-ba3b-51e1641b6760-22952117663552","trial_id":3,"step":64,"intermediate_value":0.8959390002071929}
{"op_code":7,"worker_id":"2bf13a8c-ed8c-4e1c-ba3b-51e1641b6760-22952117663552","trial_id":3,"step":65,"intermediate_value":0.8979847945211056}
{"op_code":7,"worker_id":"2bf13a8c-ed8c-4e1c-ba3b-51e1641b6760-22952117663552","trial_id":3,"step":66,"intermediate_value":0.9001969895894558}
{"op_code":7,"worker_id":"2bf13a8c-ed8c-4e1c-ba3b-51e1641b6760-22952117663552","trial_id":3,"step":67,"intermediate_value":0.9008065599280886}
{"op_code":7,"worker_id":"2bf13a8c-ed8c-4e1c-ba3b-51e1641b6760-22952117663552","trial_id":3,"step":68,"intermediate_value":0.9021176401689243}
{"op_code":7,"worker_id":"2bf13a8c-ed8c-4e1c-ba3b-51e1641b6760-22952117663552","trial_id":3,"step":69,"intermediate_value":0.9020465328175826}
{"op_code":7,"worker_id":"2bf13a8c-ed8c-4e1c-ba3b-51e1641b6760-22952117663552","trial_id":3,"step":70,"intermediate_value":0.902454043622543}
{"op_code":7,"worker_id":"2bf13a8c-ed8c-4e1c-ba3b-51e1641b6760-22952117663552","trial_id":3,"step":71,"intermediate_value":0.9026514536403959}
{"op_code":7,"worker_id":"2bf13a8c-ed8c-4e1c-ba3b-51e1641b6760-22952117663552","trial_id":3,"step":72,"intermediate_value":0.9022711117355283}
{"op_code":7,"worker_id":"2bf13a8c-ed8c-4e1c-ba3b-51e1641b6760-22952117663552","trial_id":3,"step":73,"intermediate_value":0.9014969010652879}
{"op_code":7,"worker_id":"2bf13a8c-ed8c-4e1c-ba3b-51e1641b6760-22952117663552","trial_id":3,"step":74,"intermediate_value":0.9007195855799095}
{"op_code":7,"worker_id":"2bf13a8c-ed8c-4e1c-ba3b-51e1641b6760-22952117663552","trial_id":3,"step":75,"intermediate_value":0.9009455912619441}
{"op_code":7,"worker_id":"2bf13a8c-ed8c-4e1c-ba3b-51e1641b6760-22952117663552","trial_id":3,"step":76,"intermediate_value":0.9020913154912024}
{"op_code":7,"worker_id":"2bf13a8c-ed8c-4e1c-ba3b-51e1641b6760-22952117663552","trial_id":3,"step":77,"intermediate_value":0.9012066512628241}
{"op_code":7,"worker_id":"2bf13a8c-ed8c-4e1c-ba3b-51e1641b6760-22952117663552","trial_id":3,"step":78,"intermediate_value":0.9008076352156779}
{"op_code":7,"worker_id":"2bf13a8c-ed8c-4e1c-ba3b-51e1641b6760-22952117663552","trial_id":3,"step":79,"intermediate_value":0.8995099019608322}
{"op_code":7,"worker_id":"2bf13a8c-ed8c-4e1c-ba3b-51e1641b6760-22952117663552","trial_id":3,"step":80,"intermediate_value":0.8981582505422979}
{"op_code":9,"worker_id":"2bf13a8c-ed8c-4e1c-ba3b-51e1641b6760-22952117663552","trial_id":3,"system_attr":{"completed_rung_0":0.8981582505422979}}
{"op_code":7,"worker_id":"2bf13a8c-ed8c-4e1c-ba3b-51e1641b6760-22952117663552","trial_id":3,"step":81,"intermediate_value":0.8987233582906169}
{"op_code":7,"worker_id":"2bf13a8c-ed8c-4e1c-ba3b-51e1641b6760-22952117663552","trial_id":3,"step":82,"intermediate_value":0.8990422275142738}
{"op_code":7,"worker_id":"2bf13a8c-ed8c-4e1c-ba3b-51e1641b6760-22952117663552","trial_id":3,"step":83,"intermediate_value":0.8987949112980391}
{"op_code":7,"worker_id":"2bf13a8c-ed8c-4e1c-ba3b-51e1641b6760-22952117663552","trial_id":3,"step":84,"intermediate_value":0.8979878434082792}
{"op_code":7,"worker_id":"2bf13a8c-ed8c-4e1c-ba3b-51e1641b6760-22952117663552","trial_id":3,"step":85,"intermediate_value":0.8988530917948251}
{"op_code":7,"worker_id":"2bf13a8c-ed8c-4e1c-ba3b-51e1641b6760-22952117663552","trial_id":3,"step":86,"intermediate_value":0.8978736701809215}
{"op_code":7,"worker_id":"2bf13a8c-ed8c-4e1c-ba3b-51e1641b6760-22952117663552","trial_id":3,"step":87,"intermediate_value":0.8982078314958801}
{"op_code":7,"worker_id":"2bf13a8c-ed8c-4e1c-ba3b-51e1641b6760-22952117663552","trial_id":3,"step":88,"intermediate_value":0.8978430703724265}
{"op_code":7,"worker_id":"2bf13a8c-ed8c-4e1c-ba3b-51e1641b6760-22952117663552","trial_id":3,"step":89,"intermediate_value":0.89723835501948}
{"op_code":7,"worker_id":"2bf13a8c-ed8c-4e1c-ba3b-51e1641b6760-22952117663552","trial_id":3,"step":90,"intermediate_value":0.8967823086401463}
{"op_code":7,"worker_id":"2bf13a8c-ed8c-4e1c-ba3b-51e1641b6760-22952117663552","trial_id":3,"step":91,"intermediate_value":0.8966723201820718}
{"op_code":7,"worker_id":"2bf13a8c-ed8c-4e1c-ba3b-51e1641b6760-22952117663552","trial_id":3,"step":92,"intermediate_value":0.896796342387601}
{"op_code":7,"worker_id":"2bf13a8c-ed8c-4e1c-ba3b-51e1641b6760-22952117663552","trial_id":3,"step":93,"intermediate_value":0.8967196377146711}
{"op_code":7,"worker_id":"2bf13a8c-ed8c-4e1c-ba3b-51e1641b6760-22952117663552","trial_id":3,"step":94,"intermediate_value":0.8966665359861344}
{"op_code":7,"worker_id":"2bf13a8c-ed8c-4e1c-ba3b-51e1641b6760-22952117663552","trial_id":3,"step":95,"intermediate_value":0.8961241863234894}
{"op_code":7,"worker_id":"2bf13a8c-ed8c-4e1c-ba3b-51e1641b6760-22952117663552","trial_id":3,"step":96,"intermediate_value":0.8963620711475929}
{"op_code":7,"worker_id":"2bf13a8c-ed8c-4e1c-ba3b-51e1641b6760-22952117663552","trial_id":3,"step":97,"intermediate_value":0.8963839536177023}
{"op_code":7,"worker_id":"2bf13a8c-ed8c-4e1c-ba3b-51e1641b6760-22952117663552","trial_id":3,"step":98,"intermediate_value":0.8958224587027571}
{"op_code":7,"worker_id":"2bf13a8c-ed8c-4e1c-ba3b-51e1641b6760-22952117663552","trial_id":3,"step":99,"intermediate_value":0.8951358700420792}
{"op_code":6,"worker_id":"2bf13a8c-ed8c-4e1c-ba3b-51e1641b6760-22952117663552","trial_id":3,"state":1,"values":[0.6658935290214429],"datetime_complete":"2025-12-22T20:48:42.878314"}
{"op_code":4,"worker_id":"2bf13a8c-ed8c-4e1c-ba3b-51e1641b6760-22952117663552","study_id":0,"datetime_start":"2025-12-22T20:48:42.879312"}
{"op_code":5,"worker_id":"2bf13a8c-ed8c-4e1c-ba3b-51e1641b6760-22952117663552","trial_id":4,"param_name":"n_layers","param_value_internal":50.0,"distribution":"{\"name\": \"IntDistribution\", \"attributes\": {\"log\": false, \"step\": 1, \"low\": 2, \"high\": 64}}"}
{"op_code":5,"worker_id":"2bf13a8c-ed8c-4e1c-ba3b-51e1641b6760-22952117663552","trial_id":4,"param_name":"n_heads","param_value_internal":3,"distribution":"{\"name\": \"CategoricalDistribution\", \"attributes\": {\"choices\": [2, 4, 8, 16, 32]}}"}
{"op_code":5,"worker_id":"2bf13a8c-ed8c-4e1c-ba3b-51e1641b6760-22952117663552","trial_id":4,"param_name":"head_dim","param_value_internal":4,"distribution":"{\"name\": \"CategoricalDistribution\", \"attributes\": {\"choices\": [4, 8, 16, 32, 64]}}"}
{"op_code":8,"worker_id":"2bf13a8c-ed8c-4e1c-ba3b-51e1641b6760-22952117663552","trial_id":4,"user_attr":{"d_model":1024}}
{"op_code":5,"worker_id":"2bf13a8c-ed8c-4e1c-ba3b-51e1641b6760-22952117663552","trial_id":4,"param_name":"lr","param_value_internal":0.0003550012525851161,"distribution":"{\"name\": \"FloatDistribution\", \"attributes\": {\"step\": null, \"low\": 1e-06, \"high\": 0.01, \"log\": true}}"}
{"op_code":5,"worker_id":"2bf13a8c-ed8c-4e1c-ba3b-51e1641b6760-22952117663552","trial_id":4,"param_name":"min_lr_ratio","param_value_internal":0.04588156549160976,"distribution":"{\"name\": \"FloatDistribution\", \"attributes\": {\"step\": null, \"low\": 0.0001, \"high\": 0.1, \"log\": true}}"}
{"op_code":5,"worker_id":"2bf13a8c-ed8c-4e1c-ba3b-51e1641b6760-22952117663552","trial_id":4,"param_name":"batch_size","param_value_internal":2,"distribution":"{\"name\": \"CategoricalDistribution\", \"attributes\": {\"choices\": [256, 512, 1024]}}"}
{"op_code":5,"worker_id":"2bf13a8c-ed8c-4e1c-ba3b-51e1641b6760-22952117663552","trial_id":4,"param_name":"weight_decay","param_value_internal":0.22823551458506922,"distribution":"{\"name\": \"FloatDistribution\", \"attributes\": {\"step\": null, \"low\": 0.0, \"high\": 0.3, \"log\": false}}"}
{"op_code":5,"worker_id":"2bf13a8c-ed8c-4e1c-ba3b-51e1641b6760-22952117663552","trial_id":4,"param_name":"beta_1","param_value_internal":0.8683831592708489,"distribution":"{\"name\": \"FloatDistribution\", \"attributes\": {\"step\": null, \"low\": 0.7, \"high\": 1.0, \"log\": false}}"}
{"op_code":5,"worker_id":"2bf13a8c-ed8c-4e1c-ba3b-51e1641b6760-22952117663552","trial_id":4,"param_name":"beta_2","param_value_internal":0.9770967179954562,"distribution":"{\"name\": \"FloatDistribution\", \"attributes\": {\"step\": null, \"low\": 0.9, \"high\": 1.0, \"log\": false}}"}
{"op_code":8,"worker_id":"2bf13a8c-ed8c-4e1c-ba3b-51e1641b6760-22952117663552","trial_id":4,"user_attr":{"min_lr":1.62880132200875e-05}}
{"op_code":7,"worker_id":"2bf13a8c-ed8c-4e1c-ba3b-51e1641b6760-22952117663552","trial_id":4,"step":0,"intermediate_value":0.9002732568081305}
{"op_code":7,"worker_id":"2bf13a8c-ed8c-4e1c-ba3b-51e1641b6760-22952117663552","trial_id":4,"step":1,"intermediate_value":0.9681016632387788}
{"op_code":7,"worker_id":"2bf13a8c-ed8c-4e1c-ba3b-51e1641b6760-22952117663552","trial_id":4,"step":2,"intermediate_value":0.8769994760606071}
{"op_code":7,"worker_id":"2bf13a8c-ed8c-4e1c-ba3b-51e1641b6760-22952117663552","trial_id":4,"step":3,"intermediate_value":1.0824424666159236}
{"op_code":7,"worker_id":"2bf13a8c-ed8c-4e1c-ba3b-51e1641b6760-22952117663552","trial_id":4,"step":4,"intermediate_value":0.9169757083358855}
{"op_code":7,"worker_id":"2bf13a8c-ed8c-4e1c-ba3b-51e1641b6760-22952117663552","trial_id":4,"step":5,"intermediate_value":0.9030543726958414}
{"op_code":7,"worker_id":"2bf13a8c-ed8c-4e1c-ba3b-51e1641b6760-22952117663552","trial_id":4,"step":6,"intermediate_value":0.9299939044288328}
{"op_code":7,"worker_id":"2bf13a8c-ed8c-4e1c-ba3b-51e1641b6760-22952117663552","trial_id":4,"step":7,"intermediate_value":0.9381371325021113}
{"op_code":7,"worker_id":"2bf13a8c-ed8c-4e1c-ba3b-51e1641b6760-22952117663552","trial_id":4,"step":8,"intermediate_value":0.9115679074578155}
{"op_code":7,"worker_id":"2bf13a8c-ed8c-4e1c-ba3b-51e1641b6760-22952117663552","trial_id":4,"step":9,"intermediate_value":0.9103580380249702}
{"op_code":7,"worker_id":"2bf13a8c-ed8c-4e1c-ba3b-51e1641b6760-22952117663552","trial_id":4,"step":10,"intermediate_value":0.9143767810094117}
{"op_code":7,"worker_id":"2bf13a8c-ed8c-4e1c-ba3b-51e1641b6760-22952117663552","trial_id":4,"step":11,"intermediate_value":0.91680105251491}
{"op_code":7,"worker_id":"2bf13a8c-ed8c-4e1c-ba3b-51e1641b6760-22952117663552","trial_id":4,"step":12,"intermediate_value":0.9125973730042028}
{"op_code":7,"worker_id":"2bf13a8c-ed8c-4e1c-ba3b-51e1641b6760-22952117663552","trial_id":4,"step":13,"intermediate_value":0.9204358930830995}
{"op_code":7,"worker_id":"2bf13a8c-ed8c-4e1c-ba3b-51e1641b6760-22952117663552","trial_id":4,"step":14,"intermediate_value":0.9333210263670835}
{"op_code":7,"worker_id":"2bf13a8c-ed8c-4e1c-ba3b-51e1641b6760-22952117663552","trial_id":4,"step":15,"intermediate_value":0.9176370663433595}
{"op_code":7,"worker_id":"2bf13a8c-ed8c-4e1c-ba3b-51e1641b6760-22952117663552","trial_id":4,"step":16,"intermediate_value":0.9143282346171133}
{"op_code":7,"worker_id":"2bf13a8c-ed8c-4e1c-ba3b-51e1641b6760-22952117663552","trial_id":4,"step":17,"intermediate_value":0.9137702878401089}
{"op_code":7,"worker_id":"2bf13a8c-ed8c-4e1c-ba3b-51e1641b6760-22952117663552","trial_id":4,"step":18,"intermediate_value":0.9137099262941208}
{"op_code":7,"worker_id":"2bf13a8c-ed8c-4e1c-ba3b-51e1641b6760-22952117663552","trial_id":4,"step":19,"intermediate_value":0.9155283800082133}
{"op_code":7,"worker_id":"2bf13a8c-ed8c-4e1c-ba3b-51e1641b6760-22952117663552","trial_id":4,"step":20,"intermediate_value":0.9193213998493633}
{"op_code":7,"worker_id":"2bf13a8c-ed8c-4e1c-ba3b-51e1641b6760-22952117663552","trial_id":4,"step":21,"intermediate_value":0.9138773654279335}
{"op_code":7,"worker_id":"2bf13a8c-ed8c-4e1c-ba3b-51e1641b6760-22952117663552","trial_id":4,"step":22,"intermediate_value":0.926681451243155}
{"op_code":7,"worker_id":"2bf13a8c-ed8c-4e1c-ba3b-51e1641b6760-22952117663552","trial_id":4,"step":23,"intermediate_value":0.9189076780000192}
{"op_code":7,"worker_id":"2bf13a8c-ed8c-4e1c-ba3b-51e1641b6760-22952117663552","trial_id":4,"step":24,"intermediate_value":0.9129955398088955}
{"op_code":7,"worker_id":"2bf13a8c-ed8c-4e1c-ba3b-51e1641b6760-22952117663552","trial_id":4,"step":25,"intermediate_value":0.9188679868923246}
{"op_code":7,"worker_id":"2bf13a8c-ed8c-4e1c-ba3b-51e1641b6760-22952117663552","trial_id":4,"step":26,"intermediate_value":0.9138163548771597}
{"op_code":7,"worker_id":"2bf13a8c-ed8c-4e1c-ba3b-51e1641b6760-22952117663552","trial_id":4,"step":27,"intermediate_value":0.9290233043023558}
{"op_code":7,"worker_id":"2bf13a8c-ed8c-4e1c-ba3b-51e1641b6760-22952117663552","trial_id":4,"step":28,"intermediate_value":0.9196288291528415}
{"op_code":7,"worker_id":"2bf13a8c-ed8c-4e1c-ba3b-51e1641b6760-22952117663552","trial_id":4,"step":29,"intermediate_value":0.9270894627129904}
{"op_code":7,"worker_id":"2bf13a8c-ed8c-4e1c-ba3b-51e1641b6760-22952117663552","trial_id":4,"step":30,"intermediate_value":0.9175627015239404}
{"op_code":7,"worker_id":"2bf13a8c-ed8c-4e1c-ba3b-51e1641b6760-22952117663552","trial_id":4,"step":31,"intermediate_value":0.916525633026838}
{"op_code":7,"worker_id":"2bf13a8c-ed8c-4e1c-ba3b-51e1641b6760-22952117663552","trial_id":4,"step":32,"intermediate_value":0.9224447105985802}
{"op_code":7,"worker_id":"2bf13a8c-ed8c-4e1c-ba3b-51e1641b6760-22952117663552","trial_id":4,"step":33,"intermediate_value":0.9214249929923604}
{"op_code":7,"worker_id":"2bf13a8c-ed8c-4e1c-ba3b-51e1641b6760-22952117663552","trial_id":4,"step":34,"intermediate_value":0.9210232673025075}
{"op_code":7,"worker_id":"2bf13a8c-ed8c-4e1c-ba3b-51e1641b6760-22952117663552","trial_id":4,"step":35,"intermediate_value":0.9163997038969083}
{"op_code":7,"worker_id":"2bf13a8c-ed8c-4e1c-ba3b-51e1641b6760-22952117663552","trial_id":4,"step":36,"intermediate_value":0.9150349425675606}
{"op_code":7,"worker_id":"2bf13a8c-ed8c-4e1c-ba3b-51e1641b6760-22952117663552","trial_id":4,"step":37,"intermediate_value":0.918790324161344}
{"op_code":7,"worker_id":"2bf13a8c-ed8c-4e1c-ba3b-51e1641b6760-22952117663552","trial_id":4,"step":38,"intermediate_value":0.9156147009678725}
{"op_code":7,"worker_id":"2bf13a8c-ed8c-4e1c-ba3b-51e1641b6760-22952117663552","trial_id":4,"step":39,"intermediate_value":0.9148612935206503}
{"op_code":7,"worker_id":"2bf13a8c-ed8c-4e1c-ba3b-51e1641b6760-22952117663552","trial_id":4,"step":40,"intermediate_value":0.9201430428777584}
{"op_code":9,"worker_id":"2bf13a8c-ed8c-4e1c-ba3b-51e1641b6760-22952117663552","trial_id":4,"system_attr":{"completed_rung_0":0.9201430428777584}}
{"op_code":6,"worker_id":"2bf13a8c-ed8c-4e1c-ba3b-51e1641b6760-22952117663552","trial_id":4,"state":2,"values":[0.9201430428777584],"datetime_complete":"2025-12-22T21:33:14.914846"}
{"op_code":4,"worker_id":"2bf13a8c-ed8c-4e1c-ba3b-51e1641b6760-22952117663552","study_id":0,"datetime_start":"2025-12-22T21:33:14.915255"}
{"op_code":5,"worker_id":"2bf13a8c-ed8c-4e1c-ba3b-51e1641b6760-22952117663552","trial_id":5,"param_name":"n_layers","param_value_internal":33.0,"distribution":"{\"name\": \"IntDistribution\", \"attributes\": {\"log\": false, \"step\": 1, \"low\": 2, \"high\": 64}}"}
{"op_code":5,"worker_id":"2bf13a8c-ed8c-4e1c-ba3b-51e1641b6760-22952117663552","trial_id":5,"param_name":"n_heads","param_value_internal":0,"distribution":"{\"name\": \"CategoricalDistribution\", \"attributes\": {\"choices\": [2, 4, 8, 16, 32]}}"}
{"op_code":5,"worker_id":"2bf13a8c-ed8c-4e1c-ba3b-51e1641b6760-22952117663552","trial_id":5,"param_name":"head_dim","param_value_internal":3,"distribution":"{\"name\": \"CategoricalDistribution\", \"attributes\": {\"choices\": [4, 8, 16, 32, 64]}}"}
{"op_code":8,"worker_id":"2bf13a8c-ed8c-4e1c-ba3b-51e1641b6760-22952117663552","trial_id":5,"user_attr":{"d_model":64}}
{"op_code":5,"worker_id":"2bf13a8c-ed8c-4e1c-ba3b-51e1641b6760-22952117663552","trial_id":5,"param_name":"lr","param_value_internal":4.3805807679056575e-05,"distribution":"{\"name\": \"FloatDistribution\", \"attributes\": {\"step\": null, \"low\": 1e-06, \"high\": 0.01, \"log\": true}}"}
{"op_code":5,"worker_id":"2bf13a8c-ed8c-4e1c-ba3b-51e1641b6760-22952117663552","trial_id":5,"param_name":"min_lr_ratio","param_value_internal":0.01847793417351926,"distribution":"{\"name\": \"FloatDistribution\", \"attributes\": {\"step\": null, \"low\": 0.0001, \"high\": 0.1, \"log\": true}}"}
{"op_code":5,"worker_id":"2bf13a8c-ed8c-4e1c-ba3b-51e1641b6760-22952117663552","trial_id":5,"param_name":"batch_size","param_value_internal":2,"distribution":"{\"name\": \"CategoricalDistribution\", \"attributes\": {\"choices\": [256, 512, 1024]}}"}
{"op_code":5,"worker_id":"2bf13a8c-ed8c-4e1c-ba3b-51e1641b6760-22952117663552","trial_id":5,"param_name":"weight_decay","param_value_internal":0.04836638617620132,"distribution":"{\"name\": \"FloatDistribution\", \"attributes\": {\"step\": null, \"low\": 0.0, \"high\": 0.3, \"log\": false}}"}
{"op_code":5,"worker_id":"2bf13a8c-ed8c-4e1c-ba3b-51e1641b6760-22952117663552","trial_id":5,"param_name":"beta_1","param_value_internal":0.9789092957027719,"distribution":"{\"name\": \"FloatDistribution\", \"attributes\": {\"step\": null, \"low\": 0.7, \"high\": 1.0, \"log\": false}}"}
{"op_code":5,"worker_id":"2bf13a8c-ed8c-4e1c-ba3b-51e1641b6760-22952117663552","trial_id":5,"param_name":"beta_2","param_value_internal":0.9808120379564417,"distribution":"{\"name\": \"FloatDistribution\", \"attributes\": {\"step\": null, \"low\": 0.9, \"high\": 1.0, \"log\": false}}"}
{"op_code":8,"worker_id":"2bf13a8c-ed8c-4e1c-ba3b-51e1641b6760-22952117663552","trial_id":5,"user_attr":{"min_lr":8.094408307114519e-07}}
{"op_code":7,"worker_id":"2bf13a8c-ed8c-4e1c-ba3b-51e1641b6760-22952117663552","trial_id":5,"step":0,"intermediate_value":0.9113922498828576}
{"op_code":7,"worker_id":"2bf13a8c-ed8c-4e1c-ba3b-51e1641b6760-22952117663552","trial_id":5,"step":1,"intermediate_value":0.9206998459950602}
{"op_code":7,"worker_id":"2bf13a8c-ed8c-4e1c-ba3b-51e1641b6760-22952117663552","trial_id":5,"step":2,"intermediate_value":0.9116635967403969}
{"op_code":7,"worker_id":"2bf13a8c-ed8c-4e1c-ba3b-51e1641b6760-22952117663552","trial_id":5,"step":3,"intermediate_value":0.9019116208505235}
{"op_code":7,"worker_id":"2bf13a8c-ed8c-4e1c-ba3b-51e1641b6760-22952117663552","trial_id":5,"step":4,"intermediate_value":0.8722340046016064}
{"op_code":7,"worker_id":"2bf13a8c-ed8c-4e1c-ba3b-51e1641b6760-22952117663552","trial_id":5,"step":5,"intermediate_value":0.8484210629338754}
{"op_code":7,"worker_id":"2bf13a8c-ed8c-4e1c-ba3b-51e1641b6760-22952117663552","trial_id":5,"step":6,"intermediate_value":0.7964139899607938}
{"op_code":7,"worker_id":"2bf13a8c-ed8c-4e1c-ba3b-51e1641b6760-22952117663552","trial_id":5,"step":7,"intermediate_value":0.7384381437782432}
{"op_code":7,"worker_id":"2bf13a8c-ed8c-4e1c-ba3b-51e1641b6760-22952117663552","trial_id":5,"step":8,"intermediate_value":0.7270602235307614}
{"op_code":7,"worker_id":"2bf13a8c-ed8c-4e1c-ba3b-51e1641b6760-22952117663552","trial_id":5,"step":9,"intermediate_value":0.7106130972310176}
{"op_code":7,"worker_id":"2bf13a8c-ed8c-4e1c-ba3b-51e1641b6760-22952117663552","trial_id":5,"step":10,"intermediate_value":0.6913282798419785}
{"op_code":7,"worker_id":"2bf13a8c-ed8c-4e1c-ba3b-51e1641b6760-22952117663552","trial_id":5,"step":11,"intermediate_value":0.6642173060601575}
{"op_code":7,"worker_id":"2bf13a8c-ed8c-4e1c-ba3b-51e1641b6760-22952117663552","trial_id":5,"step":12,"intermediate_value":0.6186060409811751}
{"op_code":7,"worker_id":"2bf13a8c-ed8c-4e1c-ba3b-51e1641b6760-22952117663552","trial_id":5,"step":13,"intermediate_value":0.5903329457535297}
{"op_code":7,"worker_id":"2bf13a8c-ed8c-4e1c-ba3b-51e1641b6760-22952117663552","trial_id":5,"step":14,"intermediate_value":0.5390081384428032}
{"op_code":7,"worker_id":"2bf13a8c-ed8c-4e1c-ba3b-51e1641b6760-22952117663552","trial_id":5,"step":15,"intermediate_value":0.5301056717072801}
{"op_code":7,"worker_id":"2bf13a8c-ed8c-4e1c-ba3b-51e1641b6760-22952117663552","trial_id":5,"step":16,"intermediate_value":0.5283073044756553}
{"op_code":7,"worker_id":"2bf13a8c-ed8c-4e1c-ba3b-51e1641b6760-22952117663552","trial_id":5,"step":17,"intermediate_value":0.5109642526291727}
{"op_code":7,"worker_id":"2bf13a8c-ed8c-4e1c-ba3b-51e1641b6760-22952117663552","trial_id":5,"step":18,"intermediate_value":0.5118238478368712}
{"op_code":7,"worker_id":"2bf13a8c-ed8c-4e1c-ba3b-51e1641b6760-22952117663552","trial_id":5,"step":19,"intermediate_value":0.5115239877576364}
{"op_code":7,"worker_id":"2bf13a8c-ed8c-4e1c-ba3b-51e1641b6760-22952117663552","trial_id":5,"step":20,"intermediate_value":0.5120766087571073}
{"op_code":7,"worker_id":"2bf13a8c-ed8c-4e1c-ba3b-51e1641b6760-22952117663552","trial_id":5,"step":21,"intermediate_value":0.47930791118532456}
{"op_code":7,"worker_id":"2bf13a8c-ed8c-4e1c-ba3b-51e1641b6760-22952117663552","trial_id":5,"step":22,"intermediate_value":0.49154509404234475}
{"op_code":7,"worker_id":"2bf13a8c-ed8c-4e1c-ba3b-51e1641b6760-22952117663552","trial_id":5,"step":23,"intermediate_value":0.5073874997569432}
{"op_code":7,"worker_id":"2bf13a8c-ed8c-4e1c-ba3b-51e1641b6760-22952117663552","trial_id":5,"step":24,"intermediate_value":0.5121487120999418}
{"op_code":7,"worker_id":"2bf13a8c-ed8c-4e1c-ba3b-51e1641b6760-22952117663552","trial_id":5,"step":25,"intermediate_value":0.5140939704181178}
{"op_code":7,"worker_id":"2bf13a8c-ed8c-4e1c-ba3b-51e1641b6760-22952117663552","trial_id":5,"step":26,"intermediate_value":0.5383613731089012}
{"op_code":7,"worker_id":"2bf13a8c-ed8c-4e1c-ba3b-51e1641b6760-22952117663552","trial_id":5,"step":27,"intermediate_value":0.4911885073459304}
{"op_code":7,"worker_id":"2bf13a8c-ed8c-4e1c-ba3b-51e1641b6760-22952117663552","trial_id":5,"step":28,"intermediate_value":0.4987102976756022}
{"op_code":7,"worker_id":"2bf13a8c-ed8c-4e1c-ba3b-51e1641b6760-22952117663552","trial_id":5,"step":29,"intermediate_value":0.4732703882957834}
{"op_code":7,"worker_id":"2bf13a8c-ed8c-4e1c-ba3b-51e1641b6760-22952117663552","trial_id":5,"step":30,"intermediate_value":0.5047652885441537}
{"op_code":7,"worker_id":"2bf13a8c-ed8c-4e1c-ba3b-51e1641b6760-22952117663552","trial_id":5,"step":31,"intermediate_value":0.5450569821846443}
{"op_code":7,"worker_id":"2bf13a8c-ed8c-4e1c-ba3b-51e1641b6760-22952117663552","trial_id":5,"step":32,"intermediate_value":0.519054505960797}
{"op_code":7,"worker_id":"2bf13a8c-ed8c-4e1c-ba3b-51e1641b6760-22952117663552","trial_id":5,"step":33,"intermediate_value":0.5704574876267149}
{"op_code":7,"worker_id":"2bf13a8c-ed8c-4e1c-ba3b-51e1641b6760-22952117663552","trial_id":5,"step":34,"intermediate_value":0.5084891554016802}
{"op_code":7,"worker_id":"2bf13a8c-ed8c-4e1c-ba3b-51e1641b6760-22952117663552","trial_id":5,"step":35,"intermediate_value":0.47750021550861826}
{"op_code":7,"worker_id":"2bf13a8c-ed8c-4e1c-ba3b-51e1641b6760-22952117663552","trial_id":5,"step":36,"intermediate_value":0.48793325966504686}
{"op_code":7,"worker_id":"2bf13a8c-ed8c-4e1c-ba3b-51e1641b6760-22952117663552","trial_id":5,"step":37,"intermediate_value":0.48766089765485354}
{"op_code":7,"worker_id":"2bf13a8c-ed8c-4e1c-ba3b-51e1641b6760-22952117663552","trial_id":5,"step":38,"intermediate_value":0.508503898041387}
{"op_code":7,"worker_id":"2bf13a8c-ed8c-4e1c-ba3b-51e1641b6760-22952117663552","trial_id":5,"step":39,"intermediate_value":0.5270238952138953}
{"op_code":7,"worker_id":"2bf13a8c-ed8c-4e1c-ba3b-51e1641b6760-22952117663552","trial_id":5,"step":40,"intermediate_value":0.5129215952057573}
{"op_code":7,"worker_id":"2bf13a8c-ed8c-4e1c-ba3b-51e1641b6760-22952117663552","trial_id":5,"step":41,"intermediate_value":0.5019276018385926}
{"op_code":7,"worker_id":"2bf13a8c-ed8c-4e1c-ba3b-51e1641b6760-22952117663552","trial_id":5,"step":42,"intermediate_value":0.5632322199757555}
{"op_code":7,"worker_id":"2bf13a8c-ed8c-4e1c-ba3b-51e1641b6760-22952117663552","trial_id":5,"step":43,"intermediate_value":0.5114576212027743}
{"op_code":7,"worker_id":"2bf13a8c-ed8c-4e1c-ba3b-51e1641b6760-22952117663552","trial_id":5,"step":44,"intermediate_value":0.48565501437775466}
{"op_code":7,"worker_id":"2bf13a8c-ed8c-4e1c-ba3b-51e1641b6760-22952117663552","trial_id":5,"step":45,"intermediate_value":0.48060247507100995}
{"op_code":7,"worker_id":"2bf13a8c-ed8c-4e1c-ba3b-51e1641b6760-22952117663552","trial_id":5,"step":46,"intermediate_value":0.5079942885101336}
{"op_code":7,"worker_id":"2bf13a8c-ed8c-4e1c-ba3b-51e1641b6760-22952117663552","trial_id":5,"step":47,"intermediate_value":0.49800007888430803}
{"op_code":7,"worker_id":"2bf13a8c-ed8c-4e1c-ba3b-51e1641b6760-22952117663552","trial_id":5,"step":48,"intermediate_value":0.5442050278257503}
{"op_code":7,"worker_id":"2bf13a8c-ed8c-4e1c-ba3b-51e1641b6760-22952117663552","trial_id":5,"step":49,"intermediate_value":0.5556202137738926}
{"op_code":7,"worker_id":"2bf13a8c-ed8c-4e1c-ba3b-51e1641b6760-22952117663552","trial_id":5,"step":50,"intermediate_value":0.5008214749616802}
{"op_code":7,"worker_id":"2bf13a8c-ed8c-4e1c-ba3b-51e1641b6760-22952117663552","trial_id":5,"step":51,"intermediate_value":0.5395858285690117}
{"op_code":7,"worker_id":"2bf13a8c-ed8c-4e1c-ba3b-51e1641b6760-22952117663552","trial_id":5,"step":52,"intermediate_value":0.5147764066218764}
{"op_code":7,"worker_id":"2bf13a8c-ed8c-4e1c-ba3b-51e1641b6760-22952117663552","trial_id":5,"step":53,"intermediate_value":0.4726861358254547}
{"op_code":7,"worker_id":"2bf13a8c-ed8c-4e1c-ba3b-51e1641b6760-22952117663552","trial_id":5,"step":54,"intermediate_value":0.4986786615381886}
{"op_code":7,"worker_id":"2bf13a8c-ed8c-4e1c-ba3b-51e1641b6760-22952117663552","trial_id":5,"step":55,"intermediate_value":0.48987019701926027}
{"op_code":7,"worker_id":"2bf13a8c-ed8c-4e1c-ba3b-51e1641b6760-22952117663552","trial_id":5,"step":56,"intermediate_value":0.5194170289757979}
{"op_code":7,"worker_id":"2bf13a8c-ed8c-4e1c-ba3b-51e1641b6760-22952117663552","trial_id":5,"step":57,"intermediate_value":0.5276558503844418}
{"op_code":7,"worker_id":"2bf13a8c-ed8c-4e1c-ba3b-51e1641b6760-22952117663552","trial_id":5,"step":58,"intermediate_value":0.5076523121636392}
{"op_code":7,"worker_id":"2bf13a8c-ed8c-4e1c-ba3b-51e1641b6760-22952117663552","trial_id":5,"step":59,"intermediate_value":0.47295918162748624}
{"op_code":7,"worker_id":"2bf13a8c-ed8c-4e1c-ba3b-51e1641b6760-22952117663552","trial_id":5,"step":60,"intermediate_value":0.49950894388156997}
{"op_code":7,"worker_id":"2bf13a8c-ed8c-4e1c-ba3b-51e1641b6760-22952117663552","trial_id":5,"step":61,"intermediate_value":0.5006617553717725}
{"op_code":7,"worker_id":"2bf13a8c-ed8c-4e1c-ba3b-51e1641b6760-22952117663552","trial_id":5,"step":62,"intermediate_value":0.47819688937417976}
{"op_code":7,"worker_id":"2bf13a8c-ed8c-4e1c-ba3b-51e1641b6760-22952117663552","trial_id":5,"step":63,"intermediate_value":0.48074034987678166}
{"op_code":7,"worker_id":"2bf13a8c-ed8c-4e1c-ba3b-51e1641b6760-22952117663552","trial_id":5,"step":64,"intermediate_value":0.4841216246852671}
{"op_code":7,"worker_id":"2bf13a8c-ed8c-4e1c-ba3b-51e1641b6760-22952117663552","trial_id":5,"step":65,"intermediate_value":0.49449268365245697}
{"op_code":7,"worker_id":"2bf13a8c-ed8c-4e1c-ba3b-51e1641b6760-22952117663552","trial_id":5,"step":66,"intermediate_value":0.49873537376682103}
{"op_code":7,"worker_id":"2bf13a8c-ed8c-4e1c-ba3b-51e1641b6760-22952117663552","trial_id":5,"step":67,"intermediate_value":0.49887027272408824}
{"op_code":7,"worker_id":"2bf13a8c-ed8c-4e1c-ba3b-51e1641b6760-22952117663552","trial_id":5,"step":68,"intermediate_value":0.491813111701187}
{"op_code":7,"worker_id":"2bf13a8c-ed8c-4e1c-ba3b-51e1641b6760-22952117663552","trial_id":5,"step":69,"intermediate_value":0.48646991391481736}
{"op_code":7,"worker_id":"2bf13a8c-ed8c-4e1c-ba3b-51e1641b6760-22952117663552","trial_id":5,"step":70,"intermediate_value":0.4885083851299535}
{"op_code":7,"worker_id":"2bf13a8c-ed8c-4e1c-ba3b-51e1641b6760-22952117663552","trial_id":5,"step":71,"intermediate_value":0.47802719611714317}
{"op_code":7,"worker_id":"2bf13a8c-ed8c-4e1c-ba3b-51e1641b6760-22952117663552","trial_id":5,"step":72,"intermediate_value":0.48275719637831194}
{"op_code":7,"worker_id":"2bf13a8c-ed8c-4e1c-ba3b-51e1641b6760-22952117663552","trial_id":5,"step":73,"intermediate_value":0.5152264948346578}
{"op_code":7,"worker_id":"2bf13a8c-ed8c-4e1c-ba3b-51e1641b6760-22952117663552","trial_id":5,"step":74,"intermediate_value":0.5168739503530138}
{"op_code":7,"worker_id":"2bf13a8c-ed8c-4e1c-ba3b-51e1641b6760-22952117663552","trial_id":5,"step":75,"intermediate_value":0.49960371353448074}
{"op_code":7,"worker_id":"2bf13a8c-ed8c-4e1c-ba3b-51e1641b6760-22952117663552","trial_id":5,"step":76,"intermediate_value":0.4892829858111317}
{"op_code":7,"worker_id":"2bf13a8c-ed8c-4e1c-ba3b-51e1641b6760-22952117663552","trial_id":5,"step":77,"intermediate_value":0.48113169788890037}
{"op_code":7,"worker_id":"2bf13a8c-ed8c-4e1c-ba3b-51e1641b6760-22952117663552","trial_id":5,"step":78,"intermediate_value":0.4787247129323785}
{"op_code":7,"worker_id":"2bf13a8c-ed8c-4e1c-ba3b-51e1641b6760-22952117663552","trial_id":5,"step":79,"intermediate_value":0.48046806246077606}
{"op_code":7,"worker_id":"2bf13a8c-ed8c-4e1c-ba3b-51e1641b6760-22952117663552","trial_id":5,"step":80,"intermediate_value":0.474486484292846}
{"op_code":9,"worker_id":"2bf13a8c-ed8c-4e1c-ba3b-51e1641b6760-22952117663552","trial_id":5,"system_attr":{"completed_rung_0":0.474486484292846}}
{"op_code":7,"worker_id":"2bf13a8c-ed8c-4e1c-ba3b-51e1641b6760-22952117663552","trial_id":5,"step":81,"intermediate_value":0.4757640067297934}
{"op_code":7,"worker_id":"2bf13a8c-ed8c-4e1c-ba3b-51e1641b6760-22952117663552","trial_id":5,"step":82,"intermediate_value":0.4792440636160818}
{"op_code":7,"worker_id":"2bf13a8c-ed8c-4e1c-ba3b-51e1641b6760-22952117663552","trial_id":5,"step":83,"intermediate_value":0.47915379224015864}
{"op_code":7,"worker_id":"2bf13a8c-ed8c-4e1c-ba3b-51e1641b6760-22952117663552","trial_id":5,"step":84,"intermediate_value":0.4785367479527972}
{"op_code":7,"worker_id":"2bf13a8c-ed8c-4e1c-ba3b-51e1641b6760-22952117663552","trial_id":5,"step":85,"intermediate_value":0.48081240881663057}
{"op_code":7,"worker_id":"2bf13a8c-ed8c-4e1c-ba3b-51e1641b6760-22952117663552","trial_id":5,"step":86,"intermediate_value":0.48506638107209304}
{"op_code":7,"worker_id":"2bf13a8c-ed8c-4e1c-ba3b-51e1641b6760-22952117663552","trial_id":5,"step":87,"intermediate_value":0.48478754732673845}
{"op_code":7,"worker_id":"2bf13a8c-ed8c-4e1c-ba3b-51e1641b6760-22952117663552","trial_id":5,"step":88,"intermediate_value":0.4871769451303131}
{"op_code":7,"worker_id":"2bf13a8c-ed8c-4e1c-ba3b-51e1641b6760-22952117663552","trial_id":5,"step":89,"intermediate_value":0.4875718170284235}
{"op_code":7,"worker_id":"2bf13a8c-ed8c-4e1c-ba3b-51e1641b6760-22952117663552","trial_id":5,"step":90,"intermediate_value":0.4869552967740689}
{"op_code":7,"worker_id":"2bf13a8c-ed8c-4e1c-ba3b-51e1641b6760-22952117663552","trial_id":5,"step":91,"intermediate_value":0.48460064211491305}
{"op_code":7,"worker_id":"2bf13a8c-ed8c-4e1c-ba3b-51e1641b6760-22952117663552","trial_id":5,"step":92,"intermediate_value":0.4802638311403078}
{"op_code":7,"worker_id":"2bf13a8c-ed8c-4e1c-ba3b-51e1641b6760-22952117663552","trial_id":5,"step":93,"intermediate_value":0.4784776082313216}
{"op_code":7,"worker_id":"2bf13a8c-ed8c-4e1c-ba3b-51e1641b6760-22952117663552","trial_id":5,"step":94,"intermediate_value":0.4781790078746891}
{"op_code":7,"worker_id":"2bf13a8c-ed8c-4e1c-ba3b-51e1641b6760-22952117663552","trial_id":5,"step":95,"intermediate_value":0.4770156291455985}
{"op_code":7,"worker_id":"2bf13a8c-ed8c-4e1c-ba3b-51e1641b6760-22952117663552","trial_id":5,"step":96,"intermediate_value":0.47611163830559167}
{"op_code":7,"worker_id":"2bf13a8c-ed8c-4e1c-ba3b-51e1641b6760-22952117663552","trial_id":5,"step":97,"intermediate_value":0.47554018163737594}
{"op_code":7,"worker_id":"2bf13a8c-ed8c-4e1c-ba3b-51e1641b6760-22952117663552","trial_id":5,"step":98,"intermediate_value":0.47576273555291787}
{"op_code":7,"worker_id":"2bf13a8c-ed8c-4e1c-ba3b-51e1641b6760-22952117663552","trial_id":5,"step":99,"intermediate_value":0.47543719725535294}
{"op_code":6,"worker_id":"2bf13a8c-ed8c-4e1c-ba3b-51e1641b6760-22952117663552","trial_id":5,"state":1,"values":[0.4726861358254547],"datetime_complete":"2025-12-22T21:39:14.894536"}
{"op_code":4,"worker_id":"2bf13a8c-ed8c-4e1c-ba3b-51e1641b6760-22952117663552","study_id":0,"datetime_start":"2025-12-22T21:39:14.895216"}
{"op_code":5,"worker_id":"2bf13a8c-ed8c-4e1c-ba3b-51e1641b6760-22952117663552","trial_id":6,"param_name":"n_layers","param_value_internal":41.0,"distribution":"{\"name\": \"IntDistribution\", \"attributes\": {\"log\": false, \"step\": 1, \"low\": 2, \"high\": 64}}"}
{"op_code":5,"worker_id":"2bf13a8c-ed8c-4e1c-ba3b-51e1641b6760-22952117663552","trial_id":6,"param_name":"n_heads","param_value_internal":3,"distribution":"{\"name\": \"CategoricalDistribution\", \"attributes\": {\"choices\": [2, 4, 8, 16, 32]}}"}
{"op_code":5,"worker_id":"2bf13a8c-ed8c-4e1c-ba3b-51e1641b6760-22952117663552","trial_id":6,"param_name":"head_dim","param_value_internal":1,"distribution":"{\"name\": \"CategoricalDistribution\", \"attributes\": {\"choices\": [4, 8, 16, 32, 64]}}"}
{"op_code":8,"worker_id":"2bf13a8c-ed8c-4e1c-ba3b-51e1641b6760-22952117663552","trial_id":6,"user_attr":{"d_model":128}}
{"op_code":5,"worker_id":"2bf13a8c-ed8c-4e1c-ba3b-51e1641b6760-22952117663552","trial_id":6,"param_name":"lr","param_value_internal":5.110120656497168e-05,"distribution":"{\"name\": \"FloatDistribution\", \"attributes\": {\"step\": null, \"low\": 1e-06, \"high\": 0.01, \"log\": true}}"}
{"op_code":5,"worker_id":"2bf13a8c-ed8c-4e1c-ba3b-51e1641b6760-22952117663552","trial_id":6,"param_name":"min_lr_ratio","param_value_internal":0.028447512555118206,"distribution":"{\"name\": \"FloatDistribution\", \"attributes\": {\"step\": null, \"low\": 0.0001, \"high\": 0.1, \"log\": true}}"}
{"op_code":5,"worker_id":"2bf13a8c-ed8c-4e1c-ba3b-51e1641b6760-22952117663552","trial_id":6,"param_name":"batch_size","param_value_internal":0,"distribution":"{\"name\": \"CategoricalDistribution\", \"attributes\": {\"choices\": [256, 512, 1024]}}"}
{"op_code":5,"worker_id":"2bf13a8c-ed8c-4e1c-ba3b-51e1641b6760-22952117663552","trial_id":6,"param_name":"weight_decay","param_value_internal":0.1252233009446337,"distribution":"{\"name\": \"FloatDistribution\", \"attributes\": {\"step\": null, \"low\": 0.0, \"high\": 0.3, \"log\": false}}"}
{"op_code":5,"worker_id":"2bf13a8c-ed8c-4e1c-ba3b-51e1641b6760-22952117663552","trial_id":6,"param_name":"beta_1","param_value_internal":0.7666323431412191,"distribution":"{\"name\": \"FloatDistribution\", \"attributes\": {\"step\": null, \"low\": 0.7, \"high\": 1.0, \"log\": false}}"}
{"op_code":5,"worker_id":"2bf13a8c-ed8c-4e1c-ba3b-51e1641b6760-22952117663552","trial_id":6,"param_name":"beta_2","param_value_internal":0.9119865367333683,"distribution":"{\"name\": \"FloatDistribution\", \"attributes\": {\"step\": null, \"low\": 0.9, \"high\": 1.0, \"log\": false}}"}
{"op_code":8,"worker_id":"2bf13a8c-ed8c-4e1c-ba3b-51e1641b6760-22952117663552","trial_id":6,"user_attr":{"min_lr":1.4537022153387209e-06}}
{"op_code":7,"worker_id":"2bf13a8c-ed8c-4e1c-ba3b-51e1641b6760-22952117663552","trial_id":6,"step":0,"intermediate_value":0.9107270115635149}
{"op_code":7,"worker_id":"2bf13a8c-ed8c-4e1c-ba3b-51e1641b6760-22952117663552","trial_id":6,"step":1,"intermediate_value":0.8988357105006244}
{"op_code":7,"worker_id":"2bf13a8c-ed8c-4e1c-ba3b-51e1641b6760-22952117663552","trial_id":6,"step":2,"intermediate_value":0.8665971625176472}
{"op_code":7,"worker_id":"2bf13a8c-ed8c-4e1c-ba3b-51e1641b6760-22952117663552","trial_id":6,"step":3,"intermediate_value":0.8060506208228613}
{"op_code":7,"worker_id":"2bf13a8c-ed8c-4e1c-ba3b-51e1641b6760-22952117663552","trial_id":6,"step":4,"intermediate_value":0.7988918345169664}
{"op_code":7,"worker_id":"2bf13a8c-ed8c-4e1c-ba3b-51e1641b6760-22952117663552","trial_id":6,"step":5,"intermediate_value":0.7374354125059089}
{"op_code":7,"worker_id":"2bf13a8c-ed8c-4e1c-ba3b-51e1641b6760-22952117663552","trial_id":6,"step":6,"intermediate_value":0.7070811125024499}
{"op_code":7,"worker_id":"2bf13a8c-ed8c-4e1c-ba3b-51e1641b6760-22952117663552","trial_id":6,"step":7,"intermediate_value":0.6726066880237448}
{"op_code":7,"worker_id":"2bf13a8c-ed8c-4e1c-ba3b-51e1641b6760-22952117663552","trial_id":6,"step":8,"intermediate_value":0.6868020083273574}
{"op_code":7,"worker_id":"2bf13a8c-ed8c-4e1c-ba3b-51e1641b6760-22952117663552","trial_id":6,"step":9,"intermediate_value":0.6365773146121386}
{"op_code":7,"worker_id":"2bf13a8c-ed8c-4e1c-ba3b-51e1641b6760-22952117663552","trial_id":6,"step":10,"intermediate_value":0.6227917584943036}
{"op_code":7,"worker_id":"2bf13a8c-ed8c-4e1c-ba3b-51e1641b6760-22952117663552","trial_id":6,"step":11,"intermediate_value":0.6275282391873968}
{"op_code":7,"worker_id":"2bf13a8c-ed8c-4e1c-ba3b-51e1641b6760-22952117663552","trial_id":6,"step":12,"intermediate_value":0.6758021176356296}
{"op_code":7,"worker_id":"2bf13a8c-ed8c-4e1c-ba3b-51e1641b6760-22952117663552","trial_id":6,"step":13,"intermediate_value":0.6875884534342575}
{"op_code":7,"worker_id":"2bf13a8c-ed8c-4e1c-ba3b-51e1641b6760-22952117663552","trial_id":6,"step":14,"intermediate_value":0.6473441940609671}
{"op_code":7,"worker_id":"2bf13a8c-ed8c-4e1c-ba3b-51e1641b6760-22952117663552","trial_id":6,"step":15,"intermediate_value":0.7411792660805961}
{"op_code":7,"worker_id":"2bf13a8c-ed8c-4e1c-ba3b-51e1641b6760-22952117663552","trial_id":6,"step":16,"intermediate_value":0.7158158478787785}
{"op_code":7,"worker_id":"2bf13a8c-ed8c-4e1c-ba3b-51e1641b6760-22952117663552","trial_id":6,"step":17,"intermediate_value":0.7201389719865783}
{"op_code":7,"worker_id":"2bf13a8c-ed8c-4e1c-ba3b-51e1641b6760-22952117663552","trial_id":6,"step":18,"intermediate_value":0.8253776589463755}
{"op_code":7,"worker_id":"2bf13a8c-ed8c-4e1c-ba3b-51e1641b6760-22952117663552","trial_id":6,"step":19,"intermediate_value":0.8719800589064828}
{"op_code":7,"worker_id":"2bf13a8c-ed8c-4e1c-ba3b-51e1641b6760-22952117663552","trial_id":6,"step":20,"intermediate_value":0.9111984651425272}
{"op_code":7,"worker_id":"2bf13a8c-ed8c-4e1c-ba3b-51e1641b6760-22952117663552","trial_id":6,"step":21,"intermediate_value":0.9109182669598861}
{"op_code":9,"worker_id":"2bf13a8c-ed8c-4e1c-ba3b-51e1641b6760-22952117663552","trial_id":6,"system_attr":{"completed_rung_0":0.9109182669598861}}
{"op_code":7,"worker_id":"2bf13a8c-ed8c-4e1c-ba3b-51e1641b6760-22952117663552","trial_id":6,"step":22,"intermediate_value":0.9196390038707503}
{"op_code":7,"worker_id":"2bf13a8c-ed8c-4e1c-ba3b-51e1641b6760-22952117663552","trial_id":6,"step":23,"intermediate_value":0.9201969657080029}
{"op_code":7,"worker_id":"2bf13a8c-ed8c-4e1c-ba3b-51e1641b6760-22952117663552","trial_id":6,"step":24,"intermediate_value":0.9141614936283333}
{"op_code":7,"worker_id":"2bf13a8c-ed8c-4e1c-ba3b-51e1641b6760-22952117663552","trial_id":6,"step":25,"intermediate_value":0.9195758875720159}
{"op_code":7,"worker_id":"2bf13a8c-ed8c-4e1c-ba3b-51e1641b6760-22952117663552","trial_id":6,"step":26,"intermediate_value":0.9187402506033013}
{"op_code":7,"worker_id":"2bf13a8c-ed8c-4e1c-ba3b-51e1641b6760-22952117663552","trial_id":6,"step":27,"intermediate_value":0.9201438517474336}
{"op_code":7,"worker_id":"2bf13a8c-ed8c-4e1c-ba3b-51e1641b6760-22952117663552","trial_id":6,"step":28,"intermediate_value":0.9273296466642993}
{"op_code":7,"worker_id":"2bf13a8c-ed8c-4e1c-ba3b-51e1641b6760-22952117663552","trial_id":6,"step":29,"intermediate_value":0.9137909517735066}
{"op_code":7,"worker_id":"2bf13a8c-ed8c-4e1c-ba3b-51e1641b6760-22952117663552","trial_id":6,"step":30,"intermediate_value":0.9208686059762857}
{"op_code":7,"worker_id":"2bf13a8c-ed8c-4e1c-ba3b-51e1641b6760-22952117663552","trial_id":6,"step":31,"intermediate_value":0.9161695128799475}
{"op_code":7,"worker_id":"2bf13a8c-ed8c-4e1c-ba3b-51e1641b6760-22952117663552","trial_id":6,"step":32,"intermediate_value":0.9190534323559961}
{"op_code":7,"worker_id":"2bf13a8c-ed8c-4e1c-ba3b-51e1641b6760-22952117663552","trial_id":6,"step":33,"intermediate_value":0.9146867146978458}
{"op_code":7,"worker_id":"2bf13a8c-ed8c-4e1c-ba3b-51e1641b6760-22952117663552","trial_id":6,"step":34,"intermediate_value":0.9220544121019356}
{"op_code":7,"worker_id":"2bf13a8c-ed8c-4e1c-ba3b-51e1641b6760-22952117663552","trial_id":6,"step":35,"intermediate_value":0.9229636854831292}
{"op_code":7,"worker_id":"2bf13a8c-ed8c-4e1c-ba3b-51e1641b6760-22952117663552","trial_id":6,"step":36,"intermediate_value":0.9150968582887525}
{"op_code":7,"worker_id":"2bf13a8c-ed8c-4e1c-ba3b-51e1641b6760-22952117663552","trial_id":6,"step":37,"intermediate_value":0.9148471186452347}
{"op_code":7,"worker_id":"2bf13a8c-ed8c-4e1c-ba3b-51e1641b6760-22952117663552","trial_id":6,"step":38,"intermediate_value":0.9166189678198926}
{"op_code":7,"worker_id":"2bf13a8c-ed8c-4e1c-ba3b-51e1641b6760-22952117663552","trial_id":6,"step":39,"intermediate_value":0.924081830013972}
{"op_code":7,"worker_id":"2bf13a8c-ed8c-4e1c-ba3b-51e1641b6760-22952117663552","trial_id":6,"step":40,"intermediate_value":0.9158573990614813}
{"op_code":9,"worker_id":"2bf13a8c-ed8c-4e1c-ba3b-51e1641b6760-22952117663552","trial_id":6,"system_attr":{"completed_rung_1":0.9158573990614813}}
{"op_code":6,"worker_id":"2bf13a8c-ed8c-4e1c-ba3b-51e1641b6760-22952117663552","trial_id":6,"state":2,"values":[0.9158573990614813],"datetime_complete":"2025-12-22T21:47:48.959551"}
{"op_code":4,"worker_id":"2bf13a8c-ed8c-4e1c-ba3b-51e1641b6760-22952117663552","study_id":0,"datetime_start":"2025-12-22T21:47:48.959956"}
{"op_code":5,"worker_id":"2bf13a8c-ed8c-4e1c-ba3b-51e1641b6760-22952117663552","trial_id":7,"param_name":"n_layers","param_value_internal":23.0,"distribution":"{\"name\": \"IntDistribution\", \"attributes\": {\"log\": false, \"step\": 1, \"low\": 2, \"high\": 64}}"}
{"op_code":5,"worker_id":"2bf13a8c-ed8c-4e1c-ba3b-51e1641b6760-22952117663552","trial_id":7,"param_name":"n_heads","param_value_internal":0,"distribution":"{\"name\": \"CategoricalDistribution\", \"attributes\": {\"choices\": [2, 4, 8, 16, 32]}}"}
{"op_code":5,"worker_id":"2bf13a8c-ed8c-4e1c-ba3b-51e1641b6760-22952117663552","trial_id":7,"param_name":"head_dim","param_value_internal":0,"distribution":"{\"name\": \"CategoricalDistribution\", \"attributes\": {\"choices\": [4, 8, 16, 32, 64]}}"}
{"op_code":8,"worker_id":"2bf13a8c-ed8c-4e1c-ba3b-51e1641b6760-22952117663552","trial_id":7,"user_attr":{"d_model":8}}
{"op_code":5,"worker_id":"2bf13a8c-ed8c-4e1c-ba3b-51e1641b6760-22952117663552","trial_id":7,"param_name":"lr","param_value_internal":1.3783578294796391e-05,"distribution":"{\"name\": \"FloatDistribution\", \"attributes\": {\"step\": null, \"low\": 1e-06, \"high\": 0.01, \"log\": true}}"}
{"op_code":5,"worker_id":"2bf13a8c-ed8c-4e1c-ba3b-51e1641b6760-22952117663552","trial_id":7,"param_name":"min_lr_ratio","param_value_internal":0.0001290211302456716,"distribution":"{\"name\": \"FloatDistribution\", \"attributes\": {\"step\": null, \"low\": 0.0001, \"high\": 0.1, \"log\": true}}"}
{"op_code":5,"worker_id":"2bf13a8c-ed8c-4e1c-ba3b-51e1641b6760-22952117663552","trial_id":7,"param_name":"batch_size","param_value_internal":0,"distribution":"{\"name\": \"CategoricalDistribution\", \"attributes\": {\"choices\": [256, 512, 1024]}}"}
{"op_code":5,"worker_id":"2bf13a8c-ed8c-4e1c-ba3b-51e1641b6760-22952117663552","trial_id":7,"param_name":"weight_decay","param_value_internal":0.08359393927098342,"distribution":"{\"name\": \"FloatDistribution\", \"attributes\": {\"step\": null, \"low\": 0.0, \"high\": 0.3, \"log\": false}}"}
{"op_code":5,"worker_id":"2bf13a8c-ed8c-4e1c-ba3b-51e1641b6760-22952117663552","trial_id":7,"param_name":"beta_1","param_value_internal":0.9724797657899962,"distribution":"{\"name\": \"FloatDistribution\", \"attributes\": {\"step\": null, \"low\": 0.7, \"high\": 1.0, \"log\": false}}"}
{"op_code":5,"worker_id":"2bf13a8c-ed8c-4e1c-ba3b-51e1641b6760-22952117663552","trial_id":7,"param_name":"beta_2","param_value_internal":0.9239561890666973,"distribution":"{\"name\": \"FloatDistribution\", \"attributes\": {\"step\": null, \"low\": 0.9, \"high\": 1.0, \"log\": false}}"}
{"op_code":8,"worker_id":"2bf13a8c-ed8c-4e1c-ba3b-51e1641b6760-22952117663552","trial_id":7,"user_attr":{"min_lr":1.7783728504243375e-09}}
{"op_code":7,"worker_id":"2bf13a8c-ed8c-4e1c-ba3b-51e1641b6760-22952117663552","trial_id":7,"step":0,"intermediate_value":1.2657176950506752}
{"op_code":7,"worker_id":"2bf13a8c-ed8c-4e1c-ba3b-51e1641b6760-22952117663552","trial_id":7,"step":1,"intermediate_value":1.2607467291900978}
{"op_code":7,"worker_id":"2bf13a8c-ed8c-4e1c-ba3b-51e1641b6760-22952117663552","trial_id":7,"step":2,"intermediate_value":1.2522663269744365}
{"op_code":7,"worker_id":"2bf13a8c-ed8c-4e1c-ba3b-51e1641b6760-22952117663552","trial_id":7,"step":3,"intermediate_value":1.2399432437134241}
{"op_code":7,"worker_id":"2bf13a8c-ed8c-4e1c-ba3b-51e1641b6760-22952117663552","trial_id":7,"step":4,"intermediate_value":1.223081776680047}
{"op_code":7,"worker_id":"2bf13a8c-ed8c-4e1c-ba3b-51e1641b6760-22952117663552","trial_id":7,"step":5,"intermediate_value":1.2006691616483713}
{"op_code":7,"worker_id":"2bf13a8c-ed8c-4e1c-ba3b-51e1641b6760-22952117663552","trial_id":7,"step":6,"intermediate_value":1.1719458080554206}
{"op_code":7,"worker_id":"2bf13a8c-ed8c-4e1c-ba3b-51e1641b6760-22952117663552","trial_id":7,"step":7,"intermediate_value":1.1351552556842248}
{"op_code":7,"worker_id":"2bf13a8c-ed8c-4e1c-ba3b-51e1641b6760-22952117663552","trial_id":7,"step":8,"intermediate_value":1.0941130184476768}
{"op_code":7,"worker_id":"2bf13a8c-ed8c-4e1c-ba3b-51e1641b6760-22952117663552","trial_id":7,"step":9,"intermediate_value":1.0520548175662439}
{"op_code":7,"worker_id":"2bf13a8c-ed8c-4e1c-ba3b-51e1641b6760-22952117663552","trial_id":7,"step":10,"intermediate_value":1.0047066791484647}
{"op_code":7,"worker_id":"2bf13a8c-ed8c-4e1c-ba3b-51e1641b6760-22952117663552","trial_id":7,"step":11,"intermediate_value":0.9539777843694811}
{"op_code":7,"worker_id":"2bf13a8c-ed8c-4e1c-ba3b-51e1641b6760-22952117663552","trial_id":7,"step":12,"intermediate_value":0.9068293627329427}
{"op_code":7,"worker_id":"2bf13a8c-ed8c-4e1c-ba3b-51e1641b6760-22952117663552","trial_id":7,"step":13,"intermediate_value":0.8814676667730438}
{"op_code":7,"worker_id":"2bf13a8c-ed8c-4e1c-ba3b-51e1641b6760-22952117663552","trial_id":7,"step":14,"intermediate_value":0.8733327648252214}
{"op_code":7,"worker_id":"2bf13a8c-ed8c-4e1c-ba3b-51e1641b6760-22952117663552","trial_id":7,"step":15,"intermediate_value":0.8763997735784854}
{"op_code":7,"worker_id":"2bf13a8c-ed8c-4e1c-ba3b-51e1641b6760-22952117663552","trial_id":7,"step":16,"intermediate_value":0.8811683521151967}
{"op_code":7,"worker_id":"2bf13a8c-ed8c-4e1c-ba3b-51e1641b6760-22952117663552","trial_id":7,"step":17,"intermediate_value":0.8851438082692745}
{"op_code":7,"worker_id":"2bf13a8c-ed8c-4e1c-ba3b-51e1641b6760-22952117663552","trial_id":7,"step":18,"intermediate_value":0.887325861912181}
{"op_code":7,"worker_id":"2bf13a8c-ed8c-4e1c-ba3b-51e1641b6760-22952117663552","trial_id":7,"step":19,"intermediate_value":0.8893000138470569}
{"op_code":7,"worker_id":"2bf13a8c-ed8c-4e1c-ba3b-51e1641b6760-22952117663552","trial_id":7,"step":20,"intermediate_value":0.8909813648582495}
{"op_code":7,"worker_id":"2bf13a8c-ed8c-4e1c-ba3b-51e1641b6760-22952117663552","trial_id":7,"step":21,"intermediate_value":0.8927611327538993}
{"op_code":7,"worker_id":"2bf13a8c-ed8c-4e1c-ba3b-51e1641b6760-22952117663552","trial_id":7,"step":22,"intermediate_value":0.8945612822563198}
{"op_code":7,"worker_id":"2bf13a8c-ed8c-4e1c-ba3b-51e1641b6760-22952117663552","trial_id":7,"step":23,"intermediate_value":0.8970248918374946}
{"op_code":7,"worker_id":"2bf13a8c-ed8c-4e1c-ba3b-51e1641b6760-22952117663552","trial_id":7,"step":24,"intermediate_value":0.898900669523264}
{"op_code":7,"worker_id":"2bf13a8c-ed8c-4e1c-ba3b-51e1641b6760-22952117663552","trial_id":7,"step":25,"intermediate_value":0.8999005235811145}
{"op_code":7,"worker_id":"2bf13a8c-ed8c-4e1c-ba3b-51e1641b6760-22952117663552","trial_id":7,"step":26,"intermediate_value":0.9016980627111976}
{"op_code":7,"worker_id":"2bf13a8c-ed8c-4e1c-ba3b-51e1641b6760-22952117663552","trial_id":7,"step":27,"intermediate_value":0.9042135626961469}
{"op_code":7,"worker_id":"2bf13a8c-ed8c-4e1c-ba3b-51e1641b6760-22952117663552","trial_id":7,"step":28,"intermediate_value":0.9046381761453612}
{"op_code":7,"worker_id":"2bf13a8c-ed8c-4e1c-ba3b-51e1641b6760-22952117663552","trial_id":7,"step":29,"intermediate_value":0.9059205009985366}
{"op_code":7,"worker_id":"2bf13a8c-ed8c-4e1c-ba3b-51e1641b6760-22952117663552","trial_id":7,"step":30,"intermediate_value":0.9060055704727716}
{"op_code":7,"worker_id":"2bf13a8c-ed8c-4e1c-ba3b-51e1641b6760-22952117663552","trial_id":7,"step":31,"intermediate_value":0.9088327676800222}
{"op_code":7,"worker_id":"2bf13a8c-ed8c-4e1c-ba3b-51e1641b6760-22952117663552","trial_id":7,"step":32,"intermediate_value":0.9095604246480044}
{"op_code":7,"worker_id":"2bf13a8c-ed8c-4e1c-ba3b-51e1641b6760-22952117663552","trial_id":7,"step":33,"intermediate_value":0.9100392537891936}
{"op_code":7,"worker_id":"2bf13a8c-ed8c-4e1c-ba3b-51e1641b6760-22952117663552","trial_id":7,"step":34,"intermediate_value":0.911135331874499}
{"op_code":7,"worker_id":"2bf13a8c-ed8c-4e1c-ba3b-51e1641b6760-22952117663552","trial_id":7,"step":35,"intermediate_value":0.9118762014882279}
{"op_code":7,"worker_id":"2bf13a8c-ed8c-4e1c-ba3b-51e1641b6760-22952117663552","trial_id":7,"step":36,"intermediate_value":0.9100567378890331}
{"op_code":7,"worker_id":"2bf13a8c-ed8c-4e1c-ba3b-51e1641b6760-22952117663552","trial_id":7,"step":37,"intermediate_value":0.9081627544842015}
{"op_code":7,"worker_id":"2bf13a8c-ed8c-4e1c-ba3b-51e1641b6760-22952117663552","trial_id":7,"step":38,"intermediate_value":0.9071526662452082}
{"op_code":7,"worker_id":"2bf13a8c-ed8c-4e1c-ba3b-51e1641b6760-22952117663552","trial_id":7,"step":39,"intermediate_value":0.9029065717016109}
{"op_code":7,"worker_id":"2bf13a8c-ed8c-4e1c-ba3b-51e1641b6760-22952117663552","trial_id":7,"step":40,"intermediate_value":0.9008951327837518}
{"op_code":7,"worker_id":"2bf13a8c-ed8c-4e1c-ba3b-51e1641b6760-22952117663552","trial_id":7,"step":41,"intermediate_value":0.8983275946207601}
{"op_code":7,"worker_id":"2bf13a8c-ed8c-4e1c-ba3b-51e1641b6760-22952117663552","trial_id":7,"step":42,"intermediate_value":0.8947697798693873}
{"op_code":7,"worker_id":"2bf13a8c-ed8c-4e1c-ba3b-51e1641b6760-22952117663552","trial_id":7,"step":43,"intermediate_value":0.8908480993369295}
{"op_code":7,"worker_id":"2bf13a8c-ed8c-4e1c-ba3b-51e1641b6760-22952117663552","trial_id":7,"step":44,"intermediate_value":0.8859512475744544}
{"op_code":7,"worker_id":"2bf13a8c-ed8c-4e1c-ba3b-51e1641b6760-22952117663552","trial_id":7,"step":45,"intermediate_value":0.8845909286648354}
{"op_code":7,"worker_id":"2bf13a8c-ed8c-4e1c-ba3b-51e1641b6760-22952117663552","trial_id":7,"step":46,"intermediate_value":0.8816548484783014}
{"op_code":7,"worker_id":"2bf13a8c-ed8c-4e1c-ba3b-51e1641b6760-22952117663552","trial_id":7,"step":47,"intermediate_value":0.8747063090368522}
{"op_code":7,"worker_id":"2bf13a8c-ed8c-4e1c-ba3b-51e1641b6760-22952117663552","trial_id":7,"step":48,"intermediate_value":0.8714058187084266}
{"op_code":7,"worker_id":"2bf13a8c-ed8c-4e1c-ba3b-51e1641b6760-22952117663552","trial_id":7,"step":49,"intermediate_value":0.8690817614184297}
{"op_code":7,"worker_id":"2bf13a8c-ed8c-4e1c-ba3b-51e1641b6760-22952117663552","trial_id":7,"step":50,"intermediate_value":0.8653745446906537}
{"op_code":7,"worker_id":"2bf13a8c-ed8c-4e1c-ba3b-51e1641b6760-22952117663552","trial_id":7,"step":51,"intermediate_value":0.8646942028512875}
{"op_code":7,"worker_id":"2bf13a8c-ed8c-4e1c-ba3b-51e1641b6760-22952117663552","trial_id":7,"step":52,"intermediate_value":0.860304830832272}
{"op_code":7,"worker_id":"2bf13a8c-ed8c-4e1c-ba3b-51e1641b6760-22952117663552","trial_id":7,"step":53,"intermediate_value":0.8571345637842995}
{"op_code":7,"worker_id":"2bf13a8c-ed8c-4e1c-ba3b-51e1641b6760-22952117663552","trial_id":7,"step":54,"intermediate_value":0.8527451099591464}
{"op_code":7,"worker_id":"2bf13a8c-ed8c-4e1c-ba3b-51e1641b6760-22952117663552","trial_id":7,"step":55,"intermediate_value":0.8493921975224044}
{"op_code":7,"worker_id":"2bf13a8c-ed8c-4e1c-ba3b-51e1641b6760-22952117663552","trial_id":7,"step":56,"intermediate_value":0.8476811308736337}
{"op_code":7,"worker_id":"2bf13a8c-ed8c-4e1c-ba3b-51e1641b6760-22952117663552","trial_id":7,"step":57,"intermediate_value":0.8449259033406756}
{"op_code":7,"worker_id":"2bf13a8c-ed8c-4e1c-ba3b-51e1641b6760-22952117663552","trial_id":7,"step":58,"intermediate_value":0.8445759549966769}
{"op_code":7,"worker_id":"2bf13a8c-ed8c-4e1c-ba3b-51e1641b6760-22952117663552","trial_id":7,"step":59,"intermediate_value":0.8385669264504918}
{"op_code":7,"worker_id":"2bf13a8c-ed8c-4e1c-ba3b-51e1641b6760-22952117663552","trial_id":7,"step":60,"intermediate_value":0.8392629940880293}
{"op_code":7,"worker_id":"2bf13a8c-ed8c-4e1c-ba3b-51e1641b6760-22952117663552","trial_id":7,"step":61,"intermediate_value":0.8330225435440226}
{"op_code":7,"worker_id":"2bf13a8c-ed8c-4e1c-ba3b-51e1641b6760-22952117663552","trial_id":7,"step":62,"intermediate_value":0.8322094180405776}
{"op_code":7,"worker_id":"2bf13a8c-ed8c-4e1c-ba3b-51e1641b6760-22952117663552","trial_id":7,"step":63,"intermediate_value":0.8253898061325824}
{"op_code":7,"worker_id":"2bf13a8c-ed8c-4e1c-ba3b-51e1641b6760-22952117663552","trial_id":7,"step":64,"intermediate_value":0.8295133299109209}
{"op_code":7,"worker_id":"2bf13a8c-ed8c-4e1c-ba3b-51e1641b6760-22952117663552","trial_id":7,"step":65,"intermediate_value":0.8271345141943663}
{"op_code":7,"worker_id":"2bf13a8c-ed8c-4e1c-ba3b-51e1641b6760-22952117663552","trial_id":7,"step":66,"intermediate_value":0.8280926288093395}
{"op_code":7,"worker_id":"2bf13a8c-ed8c-4e1c-ba3b-51e1641b6760-22952117663552","trial_id":7,"step":67,"intermediate_value":0.8259349884653148}
{"op_code":7,"worker_id":"2bf13a8c-ed8c-4e1c-ba3b-51e1641b6760-22952117663552","trial_id":7,"step":68,"intermediate_value":0.8225906337848903}
{"op_code":7,"worker_id":"2bf13a8c-ed8c-4e1c-ba3b-51e1641b6760-22952117663552","trial_id":7,"step":69,"intermediate_value":0.8265706378511404}
{"op_code":7,"worker_id":"2bf13a8c-ed8c-4e1c-ba3b-51e1641b6760-22952117663552","trial_id":7,"step":70,"intermediate_value":0.8217302403840306}
{"op_code":7,"worker_id":"2bf13a8c-ed8c-4e1c-ba3b-51e1641b6760-22952117663552","trial_id":7,"step":71,"intermediate_value":0.8220661670711965}
{"op_code":7,"worker_id":"2bf13a8c-ed8c-4e1c-ba3b-51e1641b6760-22952117663552","trial_id":7,"step":72,"intermediate_value":0.8223363162501144}
{"op_code":7,"worker_id":"2bf13a8c-ed8c-4e1c-ba3b-51e1641b6760-22952117663552","trial_id":7,"step":73,"intermediate_value":0.8213623212042794}
{"op_code":7,"worker_id":"2bf13a8c-ed8c-4e1c-ba3b-51e1641b6760-22952117663552","trial_id":7,"step":74,"intermediate_value":0.8233448665054385}
{"op_code":7,"worker_id":"2bf13a8c-ed8c-4e1c-ba3b-51e1641b6760-22952117663552","trial_id":7,"step":75,"intermediate_value":0.8230243595328054}
{"op_code":7,"worker_id":"2bf13a8c-ed8c-4e1c-ba3b-51e1641b6760-22952117663552","trial_id":7,"step":76,"intermediate_value":0.8220212664609844}
{"op_code":7,"worker_id":"2bf13a8c-ed8c-4e1c-ba3b-51e1641b6760-22952117663552","trial_id":7,"step":77,"intermediate_value":0.82285268238855}
{"op_code":7,"worker_id":"2bf13a8c-ed8c-4e1c-ba3b-51e1641b6760-22952117663552","trial_id":7,"step":78,"intermediate_value":0.8211246514659759}
{"op_code":7,"worker_id":"2bf13a8c-ed8c-4e1c-ba3b-51e1641b6760-22952117663552","trial_id":7,"step":79,"intermediate_value":0.8203636551384117}
{"op_code":7,"worker_id":"2bf13a8c-ed8c-4e1c-ba3b-51e1641b6760-22952117663552","trial_id":7,"step":80,"intermediate_value":0.8221244536260693}
{"op_code":7,"worker_id":"2bf13a8c-ed8c-4e1c-ba3b-51e1641b6760-22952117663552","trial_id":7,"step":81,"intermediate_value":0.821133928649649}
{"op_code":7,"worker_id":"2bf13a8c-ed8c-4e1c-ba3b-51e1641b6760-22952117663552","trial_id":7,"step":82,"intermediate_value":0.8224996329060936}
{"op_code":7,"worker_id":"2bf13a8c-ed8c-4e1c-ba3b-51e1641b6760-22952117663552","trial_id":7,"step":83,"intermediate_value":0.8221756914190833}
{"op_code":7,"worker_id":"2bf13a8c-ed8c-4e1c-ba3b-51e1641b6760-22952117663552","trial_id":7,"step":84,"intermediate_value":0.8218799767262288}
{"op_code":7,"worker_id":"2bf13a8c-ed8c-4e1c-ba3b-51e1641b6760-22952117663552","trial_id":7,"step":85,"intermediate_value":0.8207039138741906}
{"op_code":7,"worker_id":"2bf13a8c-ed8c-4e1c-ba3b-51e1641b6760-22952117663552","trial_id":7,"step":86,"intermediate_value":0.8207201444381497}
{"op_code":7,"worker_id":"2bf13a8c-ed8c-4e1c-ba3b-51e1641b6760-22952117663552","trial_id":7,"step":87,"intermediate_value":0.8218282101982994}
{"op_code":7,"worker_id":"2bf13a8c-ed8c-4e1c-ba3b-51e1641b6760-22952117663552","trial_id":7,"step":88,"intermediate_value":0.8218902522700254}
{"op_code":7,"worker_id":"2bf13a8c-ed8c-4e1c-ba3b-51e1641b6760-22952117663552","trial_id":7,"step":89,"intermediate_value":0.8219982628861922}
{"op_code":7,"worker_id":"2bf13a8c-ed8c-4e1c-ba3b-51e1641b6760-22952117663552","trial_id":7,"step":90,"intermediate_value":0.8211010963184271}
{"op_code":9,"worker_id":"2bf13a8c-ed8c-4e1c-ba3b-51e1641b6760-22952117663552","trial_id":7,"system_attr":{"completed_rung_0":0.8211010963184271}}
{"op_code":6,"worker_id":"2bf13a8c-ed8c-4e1c-ba3b-51e1641b6760-22952117663552","trial_id":7,"state":2,"values":[0.8211010963184271],"datetime_complete":"2025-12-22T22:00:00.660384"}
{"op_code":4,"worker_id":"2bf13a8c-ed8c-4e1c-ba3b-51e1641b6760-22952117663552","study_id":0,"datetime_start":"2025-12-22T22:00:00.660767"}
{"op_code":5,"worker_id":"2bf13a8c-ed8c-4e1c-ba3b-51e1641b6760-22952117663552","trial_id":8,"param_name":"n_layers","param_value_internal":11.0,"distribution":"{\"name\": \"IntDistribution\", \"attributes\": {\"log\": false, \"step\": 1, \"low\": 2, \"high\": 64}}"}
{"op_code":5,"worker_id":"2bf13a8c-ed8c-4e1c-ba3b-51e1641b6760-22952117663552","trial_id":8,"param_name":"n_heads","param_value_internal":1,"distribution":"{\"name\": \"CategoricalDistribution\", \"attributes\": {\"choices\": [2, 4, 8, 16, 32]}}"}
{"op_code":5,"worker_id":"2bf13a8c-ed8c-4e1c-ba3b-51e1641b6760-22952117663552","trial_id":8,"param_name":"head_dim","param_value_internal":1,"distribution":"{\"name\": \"CategoricalDistribution\", \"attributes\": {\"choices\": [4, 8, 16, 32, 64]}}"}
{"op_code":8,"worker_id":"2bf13a8c-ed8c-4e1c-ba3b-51e1641b6760-22952117663552","trial_id":8,"user_attr":{"d_model":32}}
{"op_code":5,"worker_id":"2bf13a8c-ed8c-4e1c-ba3b-51e1641b6760-22952117663552","trial_id":8,"param_name":"lr","param_value_internal":0.00013902686711035023,"distribution":"{\"name\": \"FloatDistribution\", \"attributes\": {\"step\": null, \"low\": 1e-06, \"high\": 0.01, \"log\": true}}"}
{"op_code":5,"worker_id":"2bf13a8c-ed8c-4e1c-ba3b-51e1641b6760-22952117663552","trial_id":8,"param_name":"min_lr_ratio","param_value_internal":0.00018658181360124853,"distribution":"{\"name\": \"FloatDistribution\", \"attributes\": {\"step\": null, \"low\": 0.0001, \"high\": 0.1, \"log\": true}}"}
{"op_code":5,"worker_id":"2bf13a8c-ed8c-4e1c-ba3b-51e1641b6760-22952117663552","trial_id":8,"param_name":"batch_size","param_value_internal":0,"distribution":"{\"name\": \"CategoricalDistribution\", \"attributes\": {\"choices\": [256, 512, 1024]}}"}
{"op_code":5,"worker_id":"2bf13a8c-ed8c-4e1c-ba3b-51e1641b6760-22952117663552","trial_id":8,"param_name":"weight_decay","param_value_internal":0.012232542466429174,"distribution":"{\"name\": \"FloatDistribution\", \"attributes\": {\"step\": null, \"low\": 0.0, \"high\": 0.3, \"log\": false}}"}
{"op_code":5,"worker_id":"2bf13a8c-ed8c-4e1c-ba3b-51e1641b6760-22952117663552","trial_id":8,"param_name":"beta_1","param_value_internal":0.8772678829564725,"distribution":"{\"name\": \"FloatDistribution\", \"attributes\": {\"step\": null, \"low\": 0.7, \"high\": 1.0, \"log\": false}}"}
{"op_code":5,"worker_id":"2bf13a8c-ed8c-4e1c-ba3b-51e1641b6760-22952117663552","trial_id":8,"param_name":"beta_2","param_value_internal":0.9677564361842282,"distribution":"{\"name\": \"FloatDistribution\", \"attributes\": {\"step\": null, \"low\": 0.9, \"high\": 1.0, \"log\": false}}"}
{"op_code":8,"worker_id":"2bf13a8c-ed8c-4e1c-ba3b-51e1641b6760-22952117663552","trial_id":8,"user_attr":{"min_lr":2.5939885004748916e-08}}
{"op_code":7,"worker_id":"2bf13a8c-ed8c-4e1c-ba3b-51e1641b6760-22952117663552","trial_id":8,"step":0,"intermediate_value":0.8733484018174213}
{"op_code":7,"worker_id":"2bf13a8c-ed8c-4e1c-ba3b-51e1641b6760-22952117663552","trial_id":8,"step":1,"intermediate_value":0.8672818986263705}
{"op_code":7,"worker_id":"2bf13a8c-ed8c-4e1c-ba3b-51e1641b6760-22952117663552","trial_id":8,"step":2,"intermediate_value":0.8570935728993987}
{"op_code":7,"worker_id":"2bf13a8c-ed8c-4e1c-ba3b-51e1641b6760-22952117663552","trial_id":8,"step":3,"intermediate_value":0.8500417231947784}
{"op_code":7,"worker_id":"2bf13a8c-ed8c-4e1c-ba3b-51e1641b6760-22952117663552","trial_id":8,"step":4,"intermediate_value":0.8444797793317096}
{"op_code":7,"worker_id":"2bf13a8c-ed8c-4e1c-ba3b-51e1641b6760-22952117663552","trial_id":8,"step":5,"intermediate_value":0.7692462801933289}
{"op_code":7,"worker_id":"2bf13a8c-ed8c-4e1c-ba3b-51e1641b6760-22952117663552","trial_id":8,"step":6,"intermediate_value":0.6824447786963566}
{"op_code":7,"worker_id":"2bf13a8c-ed8c-4e1c-ba3b-51e1641b6760-22952117663552","trial_id":8,"step":7,"intermediate_value":0.6466335787184864}
{"op_code":7,"worker_id":"2bf13a8c-ed8c-4e1c-ba3b-51e1641b6760-22952117663552","trial_id":8,"step":8,"intermediate_value":0.5544236226013971}
{"op_code":7,"worker_id":"2bf13a8c-ed8c-4e1c-ba3b-51e1641b6760-22952117663552","trial_id":8,"step":9,"intermediate_value":0.5216952228602707}
{"op_code":7,"worker_id":"2bf13a8c-ed8c-4e1c-ba3b-51e1641b6760-22952117663552","trial_id":8,"step":10,"intermediate_value":0.5072863193876237}
{"op_code":7,"worker_id":"2bf13a8c-ed8c-4e1c-ba3b-51e1641b6760-22952117663552","trial_id":8,"step":11,"intermediate_value":0.49923056774150715}
{"op_code":7,"worker_id":"2bf13a8c-ed8c-4e1c-ba3b-51e1641b6760-22952117663552","trial_id":8,"step":12,"intermediate_value":0.47995917578608965}
{"op_code":7,"worker_id":"2bf13a8c-ed8c-4e1c-ba3b-51e1641b6760-22952117663552","trial_id":8,"step":13,"intermediate_value":0.4819724740789737}
{"op_code":7,"worker_id":"2bf13a8c-ed8c-4e1c-ba3b-51e1641b6760-22952117663552","trial_id":8,"step":14,"intermediate_value":0.4996984760107943}
{"op_code":7,"worker_id":"2bf13a8c-ed8c-4e1c-ba3b-51e1641b6760-22952117663552","trial_id":8,"step":15,"intermediate_value":0.46743687365120135}
{"op_code":7,"worker_id":"2bf13a8c-ed8c-4e1c-ba3b-51e1641b6760-22952117663552","trial_id":8,"step":16,"intermediate_value":0.46935992464334797}
{"op_code":7,"worker_id":"2bf13a8c-ed8c-4e1c-ba3b-51e1641b6760-22952117663552","trial_id":8,"step":17,"intermediate_value":0.47095477170932903}
{"op_code":7,"worker_id":"2bf13a8c-ed8c-4e1c-ba3b-51e1641b6760-22952117663552","trial_id":8,"step":18,"intermediate_value":0.46600167151023486}
{"op_code":7,"worker_id":"2bf13a8c-ed8c-4e1c-ba3b-51e1641b6760-22952117663552","trial_id":8,"step":19,"intermediate_value":0.4696914719799942}
{"op_code":7,"worker_id":"2bf13a8c-ed8c-4e1c-ba3b-51e1641b6760-22952117663552","trial_id":8,"step":20,"intermediate_value":0.4723792931646073}
{"op_code":7,"worker_id":"2bf13a8c-ed8c-4e1c-ba3b-51e1641b6760-22952117663552","trial_id":8,"step":21,"intermediate_value":0.47610431630274863}
{"op_code":7,"worker_id":"2bf13a8c-ed8c-4e1c-ba3b-51e1641b6760-22952117663552","trial_id":8,"step":22,"intermediate_value":0.4747533874579596}
{"op_code":7,"worker_id":"2bf13a8c-ed8c-4e1c-ba3b-51e1641b6760-22952117663552","trial_id":8,"step":23,"intermediate_value":0.4671941838654759}
{"op_code":7,"worker_id":"2bf13a8c-ed8c-4e1c-ba3b-51e1641b6760-22952117663552","trial_id":8,"step":24,"intermediate_value":0.47362929833599965}
{"op_code":7,"worker_id":"2bf13a8c-ed8c-4e1c-ba3b-51e1641b6760-22952117663552","trial_id":8,"step":25,"intermediate_value":0.47852205183723784}
{"op_code":7,"worker_id":"2bf13a8c-ed8c-4e1c-ba3b-51e1641b6760-22952117663552","trial_id":8,"step":26,"intermediate_value":0.4666345887336867}
{"op_code":7,"worker_id":"2bf13a8c-ed8c-4e1c-ba3b-51e1641b6760-22952117663552","trial_id":8,"step":27,"intermediate_value":0.47152431834210706}
{"op_code":7,"worker_id":"2bf13a8c-ed8c-4e1c-ba3b-51e1641b6760-22952117663552","trial_id":8,"step":28,"intermediate_value":0.47122764665178274}
{"op_code":7,"worker_id":"2bf13a8c-ed8c-4e1c-ba3b-51e1641b6760-22952117663552","trial_id":8,"step":29,"intermediate_value":0.4720935630982174}
{"op_code":7,"worker_id":"2bf13a8c-ed8c-4e1c-ba3b-51e1641b6760-22952117663552","trial_id":8,"step":30,"intermediate_value":0.46518727348651184}
{"op_code":7,"worker_id":"2bf13a8c-ed8c-4e1c-ba3b-51e1641b6760-22952117663552","trial_id":8,"step":31,"intermediate_value":0.48151075705656093}
{"op_code":7,"worker_id":"2bf13a8c-ed8c-4e1c-ba3b-51e1641b6760-22952117663552","trial_id":8,"step":32,"intermediate_value":0.4731717580578081}
{"op_code":7,"worker_id":"2bf13a8c-ed8c-4e1c-ba3b-51e1641b6760-22952117663552","trial_id":8,"step":33,"intermediate_value":0.4752566085450024}
{"op_code":7,"worker_id":"2bf13a8c-ed8c-4e1c-ba3b-51e1641b6760-22952117663552","trial_id":8,"step":34,"intermediate_value":0.5091517063505143}
{"op_code":7,"worker_id":"2bf13a8c-ed8c-4e1c-ba3b-51e1641b6760-22952117663552","trial_id":8,"step":35,"intermediate_value":0.5082183446324169}
{"op_code":7,"worker_id":"2bf13a8c-ed8c-4e1c-ba3b-51e1641b6760-22952117663552","trial_id":8,"step":36,"intermediate_value":0.5855174635935791}
{"op_code":7,"worker_id":"2bf13a8c-ed8c-4e1c-ba3b-51e1641b6760-22952117663552","trial_id":8,"step":37,"intermediate_value":0.5060639561707438}
{"op_code":7,"worker_id":"2bf13a8c-ed8c-4e1c-ba3b-51e1641b6760-22952117663552","trial_id":8,"step":38,"intermediate_value":0.530668840077424}
{"op_code":7,"worker_id":"2bf13a8c-ed8c-4e1c-ba3b-51e1641b6760-22952117663552","trial_id":8,"step":39,"intermediate_value":0.5753992391509376}
{"op_code":7,"worker_id":"2bf13a8c-ed8c-4e1c-ba3b-51e1641b6760-22952117663552","trial_id":8,"step":40,"intermediate_value":0.5595850931085019}
{"op_code":7,"worker_id":"2bf13a8c-ed8c-4e1c-ba3b-51e1641b6760-22952117663552","trial_id":8,"step":41,"intermediate_value":0.6642942333843643}
{"op_code":9,"worker_id":"2bf13a8c-ed8c-4e1c-ba3b-51e1641b6760-22952117663552","trial_id":8,"system_attr":{"completed_rung_0":0.6642942333843643}}
{"op_code":7,"worker_id":"2bf13a8c-ed8c-4e1c-ba3b-51e1641b6760-22952117663552","trial_id":8,"step":42,"intermediate_value":0.6276066419917069}
{"op_code":7,"worker_id":"2bf13a8c-ed8c-4e1c-ba3b-51e1641b6760-22952117663552","trial_id":8,"step":43,"intermediate_value":0.699202999313531}
{"op_code":7,"worker_id":"2bf13a8c-ed8c-4e1c-ba3b-51e1641b6760-22952117663552","trial_id":8,"step":44,"intermediate_value":0.7892531671982219}
{"op_code":7,"worker_id":"2bf13a8c-ed8c-4e1c-ba3b-51e1641b6760-22952117663552","trial_id":8,"step":45,"intermediate_value":0.81100281496772}
{"op_code":7,"worker_id":"2bf13a8c-ed8c-4e1c-ba3b-51e1641b6760-22952117663552","trial_id":8,"step":46,"intermediate_value":0.7934890896400099}
{"op_code":7,"worker_id":"2bf13a8c-ed8c-4e1c-ba3b-51e1641b6760-22952117663552","trial_id":8,"step":47,"intermediate_value":0.8633808712093856}
{"op_code":7,"worker_id":"2bf13a8c-ed8c-4e1c-ba3b-51e1641b6760-22952117663552","trial_id":8,"step":48,"intermediate_value":0.9058482331596094}
{"op_code":7,"worker_id":"2bf13a8c-ed8c-4e1c-ba3b-51e1641b6760-22952117663552","trial_id":8,"step":49,"intermediate_value":0.8319774222685066}
{"op_code":7,"worker_id":"2bf13a8c-ed8c-4e1c-ba3b-51e1641b6760-22952117663552","trial_id":8,"step":50,"intermediate_value":0.906934688877522}
{"op_code":7,"worker_id":"2bf13a8c-ed8c-4e1c-ba3b-51e1641b6760-22952117663552","trial_id":8,"step":51,"intermediate_value":0.8672080826929032}
{"op_code":7,"worker_id":"2bf13a8c-ed8c-4e1c-ba3b-51e1641b6760-22952117663552","trial_id":8,"step":52,"intermediate_value":0.8548731527435963}
{"op_code":7,"worker_id":"2bf13a8c-ed8c-4e1c-ba3b-51e1641b6760-22952117663552","trial_id":8,"step":53,"intermediate_value":0.8810703289183575}
{"op_code":7,"worker_id":"2bf13a8c-ed8c-4e1c-ba3b-51e1641b6760-22952117663552","trial_id":8,"step":54,"intermediate_value":0.8532672363950972}
{"op_code":7,"worker_id":"2bf13a8c-ed8c-4e1c-ba3b-51e1641b6760-22952117663552","trial_id":8,"step":55,"intermediate_value":0.8655887012804107}
{"op_code":7,"worker_id":"2bf13a8c-ed8c-4e1c-ba3b-51e1641b6760-22952117663552","trial_id":8,"step":56,"intermediate_value":0.870580280025093}
{"op_code":7,"worker_id":"2bf13a8c-ed8c-4e1c-ba3b-51e1641b6760-22952117663552","trial_id":8,"step":57,"intermediate_value":0.8492379387926801}
{"op_code":7,"worker_id":"2bf13a8c-ed8c-4e1c-ba3b-51e1641b6760-22952117663552","trial_id":8,"step":58,"intermediate_value":0.8462640496759652}
{"op_code":7,"worker_id":"2bf13a8c-ed8c-4e1c-ba3b-51e1641b6760-22952117663552","trial_id":8,"step":59,"intermediate_value":0.8467540193707069}
{"op_code":7,"worker_id":"2bf13a8c-ed8c-4e1c-ba3b-51e1641b6760-22952117663552","trial_id":8,"step":60,"intermediate_value":0.8905707403999772}
{"op_code":7,"worker_id":"2bf13a8c-ed8c-4e1c-ba3b-51e1641b6760-22952117663552","trial_id":8,"step":61,"intermediate_value":0.8431704411303022}
{"op_code":7,"worker_id":"2bf13a8c-ed8c-4e1c-ba3b-51e1641b6760-22952117663552","trial_id":8,"step":62,"intermediate_value":0.848261893573322}
{"op_code":7,"worker_id":"2bf13a8c-ed8c-4e1c-ba3b-51e1641b6760-22952117663552","trial_id":8,"step":63,"intermediate_value":0.8661047169322221}
{"op_code":7,"worker_id":"2bf13a8c-ed8c-4e1c-ba3b-51e1641b6760-22952117663552","trial_id":8,"step":64,"intermediate_value":0.8421350775522977}
{"op_code":7,"worker_id":"2bf13a8c-ed8c-4e1c-ba3b-51e1641b6760-22952117663552","trial_id":8,"step":65,"intermediate_value":0.8409844150464023}
{"op_code":7,"worker_id":"2bf13a8c-ed8c-4e1c-ba3b-51e1641b6760-22952117663552","trial_id":8,"step":66,"intermediate_value":0.8546694885510708}
{"op_code":7,"worker_id":"2bf13a8c-ed8c-4e1c-ba3b-51e1641b6760-22952117663552","trial_id":8,"step":67,"intermediate_value":0.8396968686000874}
{"op_code":7,"worker_id":"2bf13a8c-ed8c-4e1c-ba3b-51e1641b6760-22952117663552","trial_id":8,"step":68,"intermediate_value":0.8346944873443277}
{"op_code":7,"worker_id":"2bf13a8c-ed8c-4e1c-ba3b-51e1641b6760-22952117663552","trial_id":8,"step":69,"intermediate_value":0.8437320189119658}
{"op_code":7,"worker_id":"2bf13a8c-ed8c-4e1c-ba3b-51e1641b6760-22952117663552","trial_id":8,"step":70,"intermediate_value":0.8492717791706642}
{"op_code":7,"worker_id":"2bf13a8c-ed8c-4e1c-ba3b-51e1641b6760-22952117663552","trial_id":8,"step":71,"intermediate_value":0.8452682987226711}
{"op_code":7,"worker_id":"2bf13a8c-ed8c-4e1c-ba3b-51e1641b6760-22952117663552","trial_id":8,"step":72,"intermediate_value":0.8593841002080789}
{"op_code":7,"worker_id":"2bf13a8c-ed8c-4e1c-ba3b-51e1641b6760-22952117663552","trial_id":8,"step":73,"intermediate_value":0.8329835230769636}
{"op_code":7,"worker_id":"2bf13a8c-ed8c-4e1c-ba3b-51e1641b6760-22952117663552","trial_id":8,"step":74,"intermediate_value":0.8376505005826306}
{"op_code":7,"worker_id":"2bf13a8c-ed8c-4e1c-ba3b-51e1641b6760-22952117663552","trial_id":8,"step":75,"intermediate_value":0.8441541728741475}
{"op_code":7,"worker_id":"2bf13a8c-ed8c-4e1c-ba3b-51e1641b6760-22952117663552","trial_id":8,"step":76,"intermediate_value":0.8408719168297619}
{"op_code":7,"worker_id":"2bf13a8c-ed8c-4e1c-ba3b-51e1641b6760-22952117663552","trial_id":8,"step":77,"intermediate_value":0.8461603098775426}
{"op_code":7,"worker_id":"2bf13a8c-ed8c-4e1c-ba3b-51e1641b6760-22952117663552","trial_id":8,"step":78,"intermediate_value":0.8362921926757477}
{"op_code":7,"worker_id":"2bf13a8c-ed8c-4e1c-ba3b-51e1641b6760-22952117663552","trial_id":8,"step":79,"intermediate_value":0.8345596962834875}
{"op_code":7,"worker_id":"2bf13a8c-ed8c-4e1c-ba3b-51e1641b6760-22952117663552","trial_id":8,"step":80,"intermediate_value":0.862316165035447}
{"op_code":9,"worker_id":"2bf13a8c-ed8c-4e1c-ba3b-51e1641b6760-22952117663552","trial_id":8,"system_attr":{"completed_rung_1":0.862316165035447}}
{"op_code":7,"worker_id":"2bf13a8c-ed8c-4e1c-ba3b-51e1641b6760-22952117663552","trial_id":8,"step":81,"intermediate_value":0.831856167896221}
{"op_code":7,"worker_id":"2bf13a8c-ed8c-4e1c-ba3b-51e1641b6760-22952117663552","trial_id":8,"step":82,"intermediate_value":0.8526940481518511}
{"op_code":7,"worker_id":"2bf13a8c-ed8c-4e1c-ba3b-51e1641b6760-22952117663552","trial_id":8,"step":83,"intermediate_value":0.8421553837164159}
{"op_code":7,"worker_id":"2bf13a8c-ed8c-4e1c-ba3b-51e1641b6760-22952117663552","trial_id":8,"step":84,"intermediate_value":0.8432272845881407}
{"op_code":7,"worker_id":"2bf13a8c-ed8c-4e1c-ba3b-51e1641b6760-22952117663552","trial_id":8,"step":85,"intermediate_value":0.84818110644181}
{"op_code":7,"worker_id":"2bf13a8c-ed8c-4e1c-ba3b-51e1641b6760-22952117663552","trial_id":8,"step":86,"intermediate_value":0.8322497164368771}
{"op_code":7,"worker_id":"2bf13a8c-ed8c-4e1c-ba3b-51e1641b6760-22952117663552","trial_id":8,"step":87,"intermediate_value":0.8333006971388667}
{"op_code":7,"worker_id":"2bf13a8c-ed8c-4e1c-ba3b-51e1641b6760-22952117663552","trial_id":8,"step":88,"intermediate_value":0.8403768041662757}
{"op_code":7,"worker_id":"2bf13a8c-ed8c-4e1c-ba3b-51e1641b6760-22952117663552","trial_id":8,"step":89,"intermediate_value":0.836200260960476}
{"op_code":7,"worker_id":"2bf13a8c-ed8c-4e1c-ba3b-51e1641b6760-22952117663552","trial_id":8,"step":90,"intermediate_value":0.8365091551382488}
{"op_code":7,"worker_id":"2bf13a8c-ed8c-4e1c-ba3b-51e1641b6760-22952117663552","trial_id":8,"step":91,"intermediate_value":0.8400892598349005}
{"op_code":7,"worker_id":"2bf13a8c-ed8c-4e1c-ba3b-51e1641b6760-22952117663552","trial_id":8,"step":92,"intermediate_value":0.8407487351699232}
{"op_code":7,"worker_id":"2bf13a8c-ed8c-4e1c-ba3b-51e1641b6760-22952117663552","trial_id":8,"step":93,"intermediate_value":0.8364613121938875}
{"op_code":7,"worker_id":"2bf13a8c-ed8c-4e1c-ba3b-51e1641b6760-22952117663552","trial_id":8,"step":94,"intermediate_value":0.8360543352853361}
{"op_code":7,"worker_id":"2bf13a8c-ed8c-4e1c-ba3b-51e1641b6760-22952117663552","trial_id":8,"step":95,"intermediate_value":0.8381376687176569}
{"op_code":7,"worker_id":"2bf13a8c-ed8c-4e1c-ba3b-51e1641b6760-22952117663552","trial_id":8,"step":96,"intermediate_value":0.8385556439912192}
{"op_code":7,"worker_id":"2bf13a8c-ed8c-4e1c-ba3b-51e1641b6760-22952117663552","trial_id":8,"step":97,"intermediate_value":0.8369827852413182}
{"op_code":7,"worker_id":"2bf13a8c-ed8c-4e1c-ba3b-51e1641b6760-22952117663552","trial_id":8,"step":98,"intermediate_value":0.8364156125420494}
{"op_code":7,"worker_id":"2bf13a8c-ed8c-4e1c-ba3b-51e1641b6760-22952117663552","trial_id":8,"step":99,"intermediate_value":0.8366958663698334}
{"op_code":6,"worker_id":"2bf13a8c-ed8c-4e1c-ba3b-51e1641b6760-22952117663552","trial_id":8,"state":1,"values":[0.46518727348651184],"datetime_complete":"2025-12-22T22:07:42.493929"}
{"op_code":4,"worker_id":"2bf13a8c-ed8c-4e1c-ba3b-51e1641b6760-22952117663552","study_id":0,"datetime_start":"2025-12-22T22:07:42.494513"}
{"op_code":5,"worker_id":"2bf13a8c-ed8c-4e1c-ba3b-51e1641b6760-22952117663552","trial_id":9,"param_name":"n_layers","param_value_internal":3.0,"distribution":"{\"name\": \"IntDistribution\", \"attributes\": {\"log\": false, \"step\": 1, \"low\": 2, \"high\": 64}}"}
{"op_code":5,"worker_id":"2bf13a8c-ed8c-4e1c-ba3b-51e1641b6760-22952117663552","trial_id":9,"param_name":"n_heads","param_value_internal":4,"distribution":"{\"name\": \"CategoricalDistribution\", \"attributes\": {\"choices\": [2, 4, 8, 16, 32]}}"}
{"op_code":5,"worker_id":"2bf13a8c-ed8c-4e1c-ba3b-51e1641b6760-22952117663552","trial_id":9,"param_name":"head_dim","param_value_internal":1,"distribution":"{\"name\": \"CategoricalDistribution\", \"attributes\": {\"choices\": [4, 8, 16, 32, 64]}}"}
{"op_code":8,"worker_id":"2bf13a8c-ed8c-4e1c-ba3b-51e1641b6760-22952117663552","trial_id":9,"user_attr":{"d_model":256}}
{"op_code":5,"worker_id":"2bf13a8c-ed8c-4e1c-ba3b-51e1641b6760-22952117663552","trial_id":9,"param_name":"lr","param_value_internal":0.004997749370303174,"distribution":"{\"name\": \"FloatDistribution\", \"attributes\": {\"step\": null, \"low\": 1e-06, \"high\": 0.01, \"log\": true}}"}
{"op_code":5,"worker_id":"2bf13a8c-ed8c-4e1c-ba3b-51e1641b6760-22952117663552","trial_id":9,"param_name":"min_lr_ratio","param_value_internal":0.042856634196503485,"distribution":"{\"name\": \"FloatDistribution\", \"attributes\": {\"step\": null, \"low\": 0.0001, \"high\": 0.1, \"log\": true}}"}
{"op_code":5,"worker_id":"2bf13a8c-ed8c-4e1c-ba3b-51e1641b6760-22952117663552","trial_id":9,"param_name":"batch_size","param_value_internal":2,"distribution":"{\"name\": \"CategoricalDistribution\", \"attributes\": {\"choices\": [256, 512, 1024]}}"}
{"op_code":5,"worker_id":"2bf13a8c-ed8c-4e1c-ba3b-51e1641b6760-22952117663552","trial_id":9,"param_name":"weight_decay","param_value_internal":0.1665602434798387,"distribution":"{\"name\": \"FloatDistribution\", \"attributes\": {\"step\": null, \"low\": 0.0, \"high\": 0.3, \"log\": false}}"}
{"op_code":5,"worker_id":"2bf13a8c-ed8c-4e1c-ba3b-51e1641b6760-22952117663552","trial_id":9,"param_name":"beta_1","param_value_internal":0.8588951735068019,"distribution":"{\"name\": \"FloatDistribution\", \"attributes\": {\"step\": null, \"low\": 0.7, \"high\": 1.0, \"log\": false}}"}
{"op_code":5,"worker_id":"2bf13a8c-ed8c-4e1c-ba3b-51e1641b6760-22952117663552","trial_id":9,"param_name":"beta_2","param_value_internal":0.9241852290900452,"distribution":"{\"name\": \"FloatDistribution\", \"attributes\": {\"step\": null, \"low\": 0.9, \"high\": 1.0, \"log\": false}}"}
{"op_code":8,"worker_id":"2bf13a8c-ed8c-4e1c-ba3b-51e1641b6760-22952117663552","trial_id":9,"user_attr":{"min_lr":0.00021418671656888875}}
{"op_code":7,"worker_id":"2bf13a8c-ed8c-4e1c-ba3b-51e1641b6760-22952117663552","trial_id":9,"step":0,"intermediate_value":0.8850797632552267}
{"op_code":7,"worker_id":"2bf13a8c-ed8c-4e1c-ba3b-51e1641b6760-22952117663552","trial_id":9,"step":1,"intermediate_value":0.9193910443061611}
{"op_code":7,"worker_id":"2bf13a8c-ed8c-4e1c-ba3b-51e1641b6760-22952117663552","trial_id":9,"step":2,"intermediate_value":0.9451964902708114}
{"op_code":7,"worker_id":"2bf13a8c-ed8c-4e1c-ba3b-51e1641b6760-22952117663552","trial_id":9,"step":3,"intermediate_value":0.9349203408117962}
{"op_code":7,"worker_id":"2bf13a8c-ed8c-4e1c-ba3b-51e1641b6760-22952117663552","trial_id":9,"step":4,"intermediate_value":0.9133649639528982}
{"op_code":7,"worker_id":"2bf13a8c-ed8c-4e1c-ba3b-51e1641b6760-22952117663552","trial_id":9,"step":5,"intermediate_value":0.9336241708531499}
{"op_code":7,"worker_id":"2bf13a8c-ed8c-4e1c-ba3b-51e1641b6760-22952117663552","trial_id":9,"step":6,"intermediate_value":0.9177427529440232}
{"op_code":7,"worker_id":"2bf13a8c-ed8c-4e1c-ba3b-51e1641b6760-22952117663552","trial_id":9,"step":7,"intermediate_value":0.9130058256049739}
{"op_code":7,"worker_id":"2bf13a8c-ed8c-4e1c-ba3b-51e1641b6760-22952117663552","trial_id":9,"step":8,"intermediate_value":0.9153067434244168}
{"op_code":7,"worker_id":"2bf13a8c-ed8c-4e1c-ba3b-51e1641b6760-22952117663552","trial_id":9,"step":9,"intermediate_value":0.9152343367201012}
{"op_code":7,"worker_id":"2bf13a8c-ed8c-4e1c-ba3b-51e1641b6760-22952117663552","trial_id":9,"step":10,"intermediate_value":0.915018136603128}
{"op_code":7,"worker_id":"2bf13a8c-ed8c-4e1c-ba3b-51e1641b6760-22952117663552","trial_id":9,"step":11,"intermediate_value":0.9158489209194342}
{"op_code":7,"worker_id":"2bf13a8c-ed8c-4e1c-ba3b-51e1641b6760-22952117663552","trial_id":9,"step":12,"intermediate_value":0.9154356462109838}
{"op_code":7,"worker_id":"2bf13a8c-ed8c-4e1c-ba3b-51e1641b6760-22952117663552","trial_id":9,"step":13,"intermediate_value":0.9142420940976126}
{"op_code":7,"worker_id":"2bf13a8c-ed8c-4e1c-ba3b-51e1641b6760-22952117663552","trial_id":9,"step":14,"intermediate_value":0.9155825260553778}
{"op_code":7,"worker_id":"2bf13a8c-ed8c-4e1c-ba3b-51e1641b6760-22952117663552","trial_id":9,"step":15,"intermediate_value":0.9153168680829086}
{"op_code":7,"worker_id":"2bf13a8c-ed8c-4e1c-ba3b-51e1641b6760-22952117663552","trial_id":9,"step":16,"intermediate_value":0.9152063301025336}
{"op_code":7,"worker_id":"2bf13a8c-ed8c-4e1c-ba3b-51e1641b6760-22952117663552","trial_id":9,"step":17,"intermediate_value":0.9146571368650751}
{"op_code":7,"worker_id":"2bf13a8c-ed8c-4e1c-ba3b-51e1641b6760-22952117663552","trial_id":9,"step":18,"intermediate_value":0.915472777924928}
{"op_code":7,"worker_id":"2bf13a8c-ed8c-4e1c-ba3b-51e1641b6760-22952117663552","trial_id":9,"step":19,"intermediate_value":0.9152059633536695}
{"op_code":7,"worker_id":"2bf13a8c-ed8c-4e1c-ba3b-51e1641b6760-22952117663552","trial_id":9,"step":20,"intermediate_value":0.9149351882906288}
{"op_code":9,"worker_id":"2bf13a8c-ed8c-4e1c-ba3b-51e1641b6760-22952117663552","trial_id":9,"system_attr":{"completed_rung_0":0.9149351882906288}}
{"op_code":6,"worker_id":"2bf13a8c-ed8c-4e1c-ba3b-51e1641b6760-22952117663552","trial_id":9,"state":2,"values":[0.9149351882906288],"datetime_complete":"2025-12-22T22:08:24.564384"}
{"op_code":4,"worker_id":"2bf13a8c-ed8c-4e1c-ba3b-51e1641b6760-22952117663552","study_id":0,"datetime_start":"2025-12-22T22:08:24.564741"}
{"op_code":5,"worker_id":"2bf13a8c-ed8c-4e1c-ba3b-51e1641b6760-22952117663552","trial_id":10,"param_name":"n_layers","param_value_internal":61.0,"distribution":"{\"name\": \"IntDistribution\", \"attributes\": {\"log\": false, \"step\": 1, \"low\": 2, \"high\": 64}}"}
{"op_code":5,"worker_id":"2bf13a8c-ed8c-4e1c-ba3b-51e1641b6760-22952117663552","trial_id":10,"param_name":"n_heads","param_value_internal":1,"distribution":"{\"name\": \"CategoricalDistribution\", \"attributes\": {\"choices\": [2, 4, 8, 16, 32]}}"}
{"op_code":5,"worker_id":"2bf13a8c-ed8c-4e1c-ba3b-51e1641b6760-22952117663552","trial_id":10,"param_name":"head_dim","param_value_internal":2,"distribution":"{\"name\": \"CategoricalDistribution\", \"attributes\": {\"choices\": [4, 8, 16, 32, 64]}}"}
{"op_code":8,"worker_id":"2bf13a8c-ed8c-4e1c-ba3b-51e1641b6760-22952117663552","trial_id":10,"user_attr":{"d_model":64}}
{"op_code":5,"worker_id":"2bf13a8c-ed8c-4e1c-ba3b-51e1641b6760-22952117663552","trial_id":10,"param_name":"lr","param_value_internal":0.0017274255287824164,"distribution":"{\"name\": \"FloatDistribution\", \"attributes\": {\"step\": null, \"low\": 1e-06, \"high\": 0.01, \"log\": true}}"}
{"op_code":5,"worker_id":"2bf13a8c-ed8c-4e1c-ba3b-51e1641b6760-22952117663552","trial_id":10,"param_name":"min_lr_ratio","param_value_internal":0.0013123555471846915,"distribution":"{\"name\": \"FloatDistribution\", \"attributes\": {\"step\": null, \"low\": 0.0001, \"high\": 0.1, \"log\": true}}"}
{"op_code":5,"worker_id":"2bf13a8c-ed8c-4e1c-ba3b-51e1641b6760-22952117663552","trial_id":10,"param_name":"batch_size","param_value_internal":1,"distribution":"{\"name\": \"CategoricalDistribution\", \"attributes\": {\"choices\": [256, 512, 1024]}}"}
{"op_code":5,"worker_id":"2bf13a8c-ed8c-4e1c-ba3b-51e1641b6760-22952117663552","trial_id":10,"param_name":"weight_decay","param_value_internal":0.004538202501163823,"distribution":"{\"name\": \"FloatDistribution\", \"attributes\": {\"step\": null, \"low\": 0.0, \"high\": 0.3, \"log\": false}}"}
{"op_code":5,"worker_id":"2bf13a8c-ed8c-4e1c-ba3b-51e1641b6760-22952117663552","trial_id":10,"param_name":"beta_1","param_value_internal":0.7162378128987199,"distribution":"{\"name\": \"FloatDistribution\", \"attributes\": {\"step\": null, \"low\": 0.7, \"high\": 1.0, \"log\": false}}"}
{"op_code":5,"worker_id":"2bf13a8c-ed8c-4e1c-ba3b-51e1641b6760-22952117663552","trial_id":10,"param_name":"beta_2","param_value_internal":0.9949554968829024,"distribution":"{\"name\": \"FloatDistribution\", \"attributes\": {\"step\": null, \"low\": 0.9, \"high\": 1.0, \"log\": false}}"}
{"op_code":8,"worker_id":"2bf13a8c-ed8c-4e1c-ba3b-51e1641b6760-22952117663552","trial_id":10,"user_attr":{"min_lr":2.2669964750460533e-06}}
{"op_code":7,"worker_id":"2bf13a8c-ed8c-4e1c-ba3b-51e1641b6760-22952117663552","trial_id":10,"step":0,"intermediate_value":0.8655562670205411}
{"op_code":7,"worker_id":"2bf13a8c-ed8c-4e1c-ba3b-51e1641b6760-22952117663552","trial_id":10,"step":1,"intermediate_value":0.7766962390777479}
{"op_code":7,"worker_id":"2bf13a8c-ed8c-4e1c-ba3b-51e1641b6760-22952117663552","trial_id":10,"step":2,"intermediate_value":0.560210593866708}
{"op_code":7,"worker_id":"2bf13a8c-ed8c-4e1c-ba3b-51e1641b6760-22952117663552","trial_id":10,"step":3,"intermediate_value":0.5062360853345651}
{"op_code":7,"worker_id":"2bf13a8c-ed8c-4e1c-ba3b-51e1641b6760-22952117663552","trial_id":10,"step":4,"intermediate_value":0.45962106414395576}
{"op_code":7,"worker_id":"2bf13a8c-ed8c-4e1c-ba3b-51e1641b6760-22952117663552","trial_id":10,"step":5,"intermediate_value":0.4736918667740104}
{"op_code":7,"worker_id":"2bf13a8c-ed8c-4e1c-ba3b-51e1641b6760-22952117663552","trial_id":10,"step":6,"intermediate_value":0.4671342739148214}
{"op_code":7,"worker_id":"2bf13a8c-ed8c-4e1c-ba3b-51e1641b6760-22952117663552","trial_id":10,"step":7,"intermediate_value":0.5667072309718013}
{"op_code":7,"worker_id":"2bf13a8c-ed8c-4e1c-ba3b-51e1641b6760-22952117663552","trial_id":10,"step":8,"intermediate_value":0.5167136130101033}
{"op_code":7,"worker_id":"2bf13a8c-ed8c-4e1c-ba3b-51e1641b6760-22952117663552","trial_id":10,"step":9,"intermediate_value":0.5350936410831528}
{"op_code":7,"worker_id":"2bf13a8c-ed8c-4e1c-ba3b-51e1641b6760-22952117663552","trial_id":10,"step":10,"intermediate_value":0.531657022018591}
{"op_code":7,"worker_id":"2bf13a8c-ed8c-4e1c-ba3b-51e1641b6760-22952117663552","trial_id":10,"step":11,"intermediate_value":0.5498398953909551}
{"op_code":7,"worker_id":"2bf13a8c-ed8c-4e1c-ba3b-51e1641b6760-22952117663552","trial_id":10,"step":12,"intermediate_value":0.5063200411281834}
{"op_code":7,"worker_id":"2bf13a8c-ed8c-4e1c-ba3b-51e1641b6760-22952117663552","trial_id":10,"step":13,"intermediate_value":0.5233126190067893}
{"op_code":7,"worker_id":"2bf13a8c-ed8c-4e1c-ba3b-51e1641b6760-22952117663552","trial_id":10,"step":14,"intermediate_value":0.5755679403052777}
{"op_code":7,"worker_id":"2bf13a8c-ed8c-4e1c-ba3b-51e1641b6760-22952117663552","trial_id":10,"step":15,"intermediate_value":0.5076318591090708}
{"op_code":7,"worker_id":"2bf13a8c-ed8c-4e1c-ba3b-51e1641b6760-22952117663552","trial_id":10,"step":16,"intermediate_value":0.5586637493978616}
{"op_code":7,"worker_id":"2bf13a8c-ed8c-4e1c-ba3b-51e1641b6760-22952117663552","trial_id":10,"step":17,"intermediate_value":0.5838733771517608}
{"op_code":7,"worker_id":"2bf13a8c-ed8c-4e1c-ba3b-51e1641b6760-22952117663552","trial_id":10,"step":18,"intermediate_value":0.5438691837931867}
{"op_code":7,"worker_id":"2bf13a8c-ed8c-4e1c-ba3b-51e1641b6760-22952117663552","trial_id":10,"step":19,"intermediate_value":0.6579264342289944}
{"op_code":7,"worker_id":"2bf13a8c-ed8c-4e1c-ba3b-51e1641b6760-22952117663552","trial_id":10,"step":20,"intermediate_value":0.572179467086973}
{"op_code":9,"worker_id":"2bf13a8c-ed8c-4e1c-ba3b-51e1641b6760-22952117663552","trial_id":10,"system_attr":{"completed_rung_0":0.572179467086973}}
{"op_code":7,"worker_id":"2bf13a8c-ed8c-4e1c-ba3b-51e1641b6760-22952117663552","trial_id":10,"step":21,"intermediate_value":0.5707765218060494}
{"op_code":7,"worker_id":"2bf13a8c-ed8c-4e1c-ba3b-51e1641b6760-22952117663552","trial_id":10,"step":22,"intermediate_value":0.5915046832032617}
{"op_code":7,"worker_id":"2bf13a8c-ed8c-4e1c-ba3b-51e1641b6760-22952117663552","trial_id":10,"step":23,"intermediate_value":0.6723194524628129}
{"op_code":7,"worker_id":"2bf13a8c-ed8c-4e1c-ba3b-51e1641b6760-22952117663552","trial_id":10,"step":24,"intermediate_value":0.5641716565950061}
{"op_code":7,"worker_id":"2bf13a8c-ed8c-4e1c-ba3b-51e1641b6760-22952117663552","trial_id":10,"step":25,"intermediate_value":0.5534874805352018}
{"op_code":7,"worker_id":"2bf13a8c-ed8c-4e1c-ba3b-51e1641b6760-22952117663552","trial_id":10,"step":26,"intermediate_value":0.5791004744147349}
{"op_code":7,"worker_id":"2bf13a8c-ed8c-4e1c-ba3b-51e1641b6760-22952117663552","trial_id":10,"step":27,"intermediate_value":0.5817300861133516}
{"op_code":7,"worker_id":"2bf13a8c-ed8c-4e1c-ba3b-51e1641b6760-22952117663552","trial_id":10,"step":28,"intermediate_value":0.5522087615862719}
{"op_code":7,"worker_id":"2bf13a8c-ed8c-4e1c-ba3b-51e1641b6760-22952117663552","trial_id":10,"step":29,"intermediate_value":0.5654131224995406}
{"op_code":7,"worker_id":"2bf13a8c-ed8c-4e1c-ba3b-51e1641b6760-22952117663552","trial_id":10,"step":30,"intermediate_value":0.589083332820295}
{"op_code":7,"worker_id":"2bf13a8c-ed8c-4e1c-ba3b-51e1641b6760-22952117663552","trial_id":10,"step":31,"intermediate_value":0.5263593726452277}
{"op_code":7,"worker_id":"2bf13a8c-ed8c-4e1c-ba3b-51e1641b6760-22952117663552","trial_id":10,"step":32,"intermediate_value":0.533025797611171}
{"op_code":7,"worker_id":"2bf13a8c-ed8c-4e1c-ba3b-51e1641b6760-22952117663552","trial_id":10,"step":33,"intermediate_value":0.5510701213301572}
{"op_code":7,"worker_id":"2bf13a8c-ed8c-4e1c-ba3b-51e1641b6760-22952117663552","trial_id":10,"step":34,"intermediate_value":0.5648573723976298}
{"op_code":7,"worker_id":"2bf13a8c-ed8c-4e1c-ba3b-51e1641b6760-22952117663552","trial_id":10,"step":35,"intermediate_value":0.6783247095834318}
{"op_code":7,"worker_id":"2bf13a8c-ed8c-4e1c-ba3b-51e1641b6760-22952117663552","trial_id":10,"step":36,"intermediate_value":0.5270814665130308}
{"op_code":7,"worker_id":"2bf13a8c-ed8c-4e1c-ba3b-51e1641b6760-22952117663552","trial_id":10,"step":37,"intermediate_value":0.5510868780129321}
{"op_code":7,"worker_id":"2bf13a8c-ed8c-4e1c-ba3b-51e1641b6760-22952117663552","trial_id":10,"step":38,"intermediate_value":0.5219790864810966}
{"op_code":7,"worker_id":"2bf13a8c-ed8c-4e1c-ba3b-51e1641b6760-22952117663552","trial_id":10,"step":39,"intermediate_value":0.5704723630511463}
{"op_code":7,"worker_id":"2bf13a8c-ed8c-4e1c-ba3b-51e1641b6760-22952117663552","trial_id":10,"step":40,"intermediate_value":0.5651316590439242}
{"op_code":9,"worker_id":"2bf13a8c-ed8c-4e1c-ba3b-51e1641b6760-22952117663552","trial_id":10,"system_attr":{"completed_rung_1":0.5651316590439242}}
{"op_code":7,"worker_id":"2bf13a8c-ed8c-4e1c-ba3b-51e1641b6760-22952117663552","trial_id":10,"step":41,"intermediate_value":0.5696987261551555}
{"op_code":7,"worker_id":"2bf13a8c-ed8c-4e1c-ba3b-51e1641b6760-22952117663552","trial_id":10,"step":42,"intermediate_value":0.5902834637874952}
{"op_code":7,"worker_id":"2bf13a8c-ed8c-4e1c-ba3b-51e1641b6760-22952117663552","trial_id":10,"step":43,"intermediate_value":0.5725589099727916}
{"op_code":7,"worker_id":"2bf13a8c-ed8c-4e1c-ba3b-51e1641b6760-22952117663552","trial_id":10,"step":44,"intermediate_value":0.5745308526470143}
{"op_code":7,"worker_id":"2bf13a8c-ed8c-4e1c-ba3b-51e1641b6760-22952117663552","trial_id":10,"step":45,"intermediate_value":0.5356398431997423}
{"op_code":7,"worker_id":"2bf13a8c-ed8c-4e1c-ba3b-51e1641b6760-22952117663552","trial_id":10,"step":46,"intermediate_value":0.5702370921346499}
{"op_code":7,"worker_id":"2bf13a8c-ed8c-4e1c-ba3b-51e1641b6760-22952117663552","trial_id":10,"step":47,"intermediate_value":0.6111087560795098}
{"op_code":7,"worker_id":"2bf13a8c-ed8c-4e1c-ba3b-51e1641b6760-22952117663552","trial_id":10,"step":48,"intermediate_value":0.5764097859850982}
{"op_code":7,"worker_id":"2bf13a8c-ed8c-4e1c-ba3b-51e1641b6760-22952117663552","trial_id":10,"step":49,"intermediate_value":0.5338609939792403}
{"op_code":7,"worker_id":"2bf13a8c-ed8c-4e1c-ba3b-51e1641b6760-22952117663552","trial_id":10,"step":50,"intermediate_value":0.5165031410903976}
{"op_code":7,"worker_id":"2bf13a8c-ed8c-4e1c-ba3b-51e1641b6760-22952117663552","trial_id":10,"step":51,"intermediate_value":0.6331684649485568}
{"op_code":7,"worker_id":"2bf13a8c-ed8c-4e1c-ba3b-51e1641b6760-22952117663552","trial_id":10,"step":52,"intermediate_value":0.5310237920298412}
{"op_code":7,"worker_id":"2bf13a8c-ed8c-4e1c-ba3b-51e1641b6760-22952117663552","trial_id":10,"step":53,"intermediate_value":0.5420497154567306}
{"op_code":7,"worker_id":"2bf13a8c-ed8c-4e1c-ba3b-51e1641b6760-22952117663552","trial_id":10,"step":54,"intermediate_value":0.5241537375523668}
{"op_code":7,"worker_id":"2bf13a8c-ed8c-4e1c-ba3b-51e1641b6760-22952117663552","trial_id":10,"step":55,"intermediate_value":0.6047687410318413}
{"op_code":7,"worker_id":"2bf13a8c-ed8c-4e1c-ba3b-51e1641b6760-22952117663552","trial_id":10,"step":56,"intermediate_value":0.5695952134624495}
{"op_code":7,"worker_id":"2bf13a8c-ed8c-4e1c-ba3b-51e1641b6760-22952117663552","trial_id":10,"step":57,"intermediate_value":0.6319079060430063}
{"op_code":7,"worker_id":"2bf13a8c-ed8c-4e1c-ba3b-51e1641b6760-22952117663552","trial_id":10,"step":58,"intermediate_value":0.5663093682709962}
{"op_code":7,"worker_id":"2bf13a8c-ed8c-4e1c-ba3b-51e1641b6760-22952117663552","trial_id":10,"step":59,"intermediate_value":0.5702624571988025}
{"op_code":7,"worker_id":"2bf13a8c-ed8c-4e1c-ba3b-51e1641b6760-22952117663552","trial_id":10,"step":60,"intermediate_value":0.542692959803562}
{"op_code":7,"worker_id":"2bf13a8c-ed8c-4e1c-ba3b-51e1641b6760-22952117663552","trial_id":10,"step":61,"intermediate_value":0.6953929302814027}
{"op_code":7,"worker_id":"2bf13a8c-ed8c-4e1c-ba3b-51e1641b6760-22952117663552","trial_id":10,"step":62,"intermediate_value":0.5462379549604577}
{"op_code":7,"worker_id":"2bf13a8c-ed8c-4e1c-ba3b-51e1641b6760-22952117663552","trial_id":10,"step":63,"intermediate_value":0.5433209739970143}
{"op_code":7,"worker_id":"2bf13a8c-ed8c-4e1c-ba3b-51e1641b6760-22952117663552","trial_id":10,"step":64,"intermediate_value":0.5686814650663419}
{"op_code":7,"worker_id":"2bf13a8c-ed8c-4e1c-ba3b-51e1641b6760-22952117663552","trial_id":10,"step":65,"intermediate_value":0.5513088438010301}
{"op_code":7,"worker_id":"2bf13a8c-ed8c-4e1c-ba3b-51e1641b6760-22952117663552","trial_id":10,"step":66,"intermediate_value":0.5527141249052571}
{"op_code":7,"worker_id":"2bf13a8c-ed8c-4e1c-ba3b-51e1641b6760-22952117663552","trial_id":10,"step":67,"intermediate_value":0.5722236124221964}
{"op_code":7,"worker_id":"2bf13a8c-ed8c-4e1c-ba3b-51e1641b6760-22952117663552","trial_id":10,"step":68,"intermediate_value":0.6991863657995475}
{"op_code":7,"worker_id":"2bf13a8c-ed8c-4e1c-ba3b-51e1641b6760-22952117663552","trial_id":10,"step":69,"intermediate_value":0.6623625591273551}
{"op_code":7,"worker_id":"2bf13a8c-ed8c-4e1c-ba3b-51e1641b6760-22952117663552","trial_id":10,"step":70,"intermediate_value":0.6019891697741064}
{"op_code":7,"worker_id":"2bf13a8c-ed8c-4e1c-ba3b-51e1641b6760-22952117663552","trial_id":10,"step":71,"intermediate_value":0.5573481507997071}
{"op_code":7,"worker_id":"2bf13a8c-ed8c-4e1c-ba3b-51e1641b6760-22952117663552","trial_id":10,"step":72,"intermediate_value":0.556415472873448}
{"op_code":7,"worker_id":"2bf13a8c-ed8c-4e1c-ba3b-51e1641b6760-22952117663552","trial_id":10,"step":73,"intermediate_value":0.594694844061511}
{"op_code":7,"worker_id":"2bf13a8c-ed8c-4e1c-ba3b-51e1641b6760-22952117663552","trial_id":10,"step":74,"intermediate_value":0.5718738775377737}
{"op_code":7,"worker_id":"2bf13a8c-ed8c-4e1c-ba3b-51e1641b6760-22952117663552","trial_id":10,"step":75,"intermediate_value":0.593809716288588}
{"op_code":7,"worker_id":"2bf13a8c-ed8c-4e1c-ba3b-51e1641b6760-22952117663552","trial_id":10,"step":76,"intermediate_value":0.5930332452376966}
{"op_code":7,"worker_id":"2bf13a8c-ed8c-4e1c-ba3b-51e1641b6760-22952117663552","trial_id":10,"step":77,"intermediate_value":0.5513081834126763}
{"op_code":7,"worker_id":"2bf13a8c-ed8c-4e1c-ba3b-51e1641b6760-22952117663552","trial_id":10,"step":78,"intermediate_value":0.5749216728080351}
{"op_code":7,"worker_id":"2bf13a8c-ed8c-4e1c-ba3b-51e1641b6760-22952117663552","trial_id":10,"step":79,"intermediate_value":0.5631257319648354}
{"op_code":7,"worker_id":"2bf13a8c-ed8c-4e1c-ba3b-51e1641b6760-22952117663552","trial_id":10,"step":80,"intermediate_value":0.5683472293693117}
{"op_code":9,"worker_id":"2bf13a8c-ed8c-4e1c-ba3b-51e1641b6760-22952117663552","trial_id":10,"system_attr":{"completed_rung_2":0.5683472293693117}}
{"op_code":7,"worker_id":"2bf13a8c-ed8c-4e1c-ba3b-51e1641b6760-22952117663552","trial_id":10,"step":81,"intermediate_value":0.5646031744256704}
{"op_code":7,"worker_id":"2bf13a8c-ed8c-4e1c-ba3b-51e1641b6760-22952117663552","trial_id":10,"step":82,"intermediate_value":0.5631188176139252}
{"op_code":7,"worker_id":"2bf13a8c-ed8c-4e1c-ba3b-51e1641b6760-22952117663552","trial_id":10,"step":83,"intermediate_value":0.5862825230064482}
{"op_code":7,"worker_id":"2bf13a8c-ed8c-4e1c-ba3b-51e1641b6760-22952117663552","trial_id":10,"step":84,"intermediate_value":0.5542896436273274}
{"op_code":7,"worker_id":"2bf13a8c-ed8c-4e1c-ba3b-51e1641b6760-22952117663552","trial_id":10,"step":85,"intermediate_value":0.5526968491742054}
{"op_code":7,"worker_id":"2bf13a8c-ed8c-4e1c-ba3b-51e1641b6760-22952117663552","trial_id":10,"step":86,"intermediate_value":0.5424838710227188}
{"op_code":7,"worker_id":"2bf13a8c-ed8c-4e1c-ba3b-51e1641b6760-22952117663552","trial_id":10,"step":87,"intermediate_value":0.5358428680741207}
{"op_code":7,"worker_id":"2bf13a8c-ed8c-4e1c-ba3b-51e1641b6760-22952117663552","trial_id":10,"step":88,"intermediate_value":0.5609421120561032}
{"op_code":7,"worker_id":"2bf13a8c-ed8c-4e1c-ba3b-51e1641b6760-22952117663552","trial_id":10,"step":89,"intermediate_value":0.5252010001406551}
{"op_code":7,"worker_id":"2bf13a8c-ed8c-4e1c-ba3b-51e1641b6760-22952117663552","trial_id":10,"step":90,"intermediate_value":0.5231232648076819}
{"op_code":7,"worker_id":"2bf13a8c-ed8c-4e1c-ba3b-51e1641b6760-22952117663552","trial_id":10,"step":91,"intermediate_value":0.5347261654383205}
{"op_code":7,"worker_id":"2bf13a8c-ed8c-4e1c-ba3b-51e1641b6760-22952117663552","trial_id":10,"step":92,"intermediate_value":0.5272980567116472}
{"op_code":7,"worker_id":"2bf13a8c-ed8c-4e1c-ba3b-51e1641b6760-22952117663552","trial_id":10,"step":93,"intermediate_value":0.51269875295363}
{"op_code":7,"worker_id":"2bf13a8c-ed8c-4e1c-ba3b-51e1641b6760-22952117663552","trial_id":10,"step":94,"intermediate_value":0.5166550434215496}
{"op_code":7,"worker_id":"2bf13a8c-ed8c-4e1c-ba3b-51e1641b6760-22952117663552","trial_id":10,"step":95,"intermediate_value":0.5137502930059693}
{"op_code":7,"worker_id":"2bf13a8c-ed8c-4e1c-ba3b-51e1641b6760-22952117663552","trial_id":10,"step":96,"intermediate_value":0.5121726511424123}
{"op_code":7,"worker_id":"2bf13a8c-ed8c-4e1c-ba3b-51e1641b6760-22952117663552","trial_id":10,"step":97,"intermediate_value":0.5159618756949266}
{"op_code":7,"worker_id":"2bf13a8c-ed8c-4e1c-ba3b-51e1641b6760-22952117663552","trial_id":10,"step":98,"intermediate_value":0.5125053265482222}
{"op_code":7,"worker_id":"2bf13a8c-ed8c-4e1c-ba3b-51e1641b6760-22952117663552","trial_id":10,"step":99,"intermediate_value":0.5133335152696177}
{"op_code":6,"worker_id":"2bf13a8c-ed8c-4e1c-ba3b-51e1641b6760-22952117663552","trial_id":10,"state":1,"values":[0.45962106414395576],"datetime_complete":"2025-12-22T22:23:39.135325"}
{"op_code":4,"worker_id":"2bf13a8c-ed8c-4e1c-ba3b-51e1641b6760-22952117663552","study_id":0,"datetime_start":"2025-12-22T22:23:39.136085"}
{"op_code":5,"worker_id":"2bf13a8c-ed8c-4e1c-ba3b-51e1641b6760-22952117663552","trial_id":11,"param_name":"n_layers","param_value_internal":64.0,"distribution":"{\"name\": \"IntDistribution\", \"attributes\": {\"log\": false, \"step\": 1, \"low\": 2, \"high\": 64}}"}
{"op_code":5,"worker_id":"2bf13a8c-ed8c-4e1c-ba3b-51e1641b6760-22952117663552","trial_id":11,"param_name":"n_heads","param_value_internal":1,"distribution":"{\"name\": \"CategoricalDistribution\", \"attributes\": {\"choices\": [2, 4, 8, 16, 32]}}"}
{"op_code":5,"worker_id":"2bf13a8c-ed8c-4e1c-ba3b-51e1641b6760-22952117663552","trial_id":11,"param_name":"head_dim","param_value_internal":2,"distribution":"{\"name\": \"CategoricalDistribution\", \"attributes\": {\"choices\": [4, 8, 16, 32, 64]}}"}
{"op_code":8,"worker_id":"2bf13a8c-ed8c-4e1c-ba3b-51e1641b6760-22952117663552","trial_id":11,"user_attr":{"d_model":64}}
{"op_code":5,"worker_id":"2bf13a8c-ed8c-4e1c-ba3b-51e1641b6760-22952117663552","trial_id":11,"param_name":"lr","param_value_internal":0.0008841356228177204,"distribution":"{\"name\": \"FloatDistribution\", \"attributes\": {\"step\": null, \"low\": 1e-06, \"high\": 0.01, \"log\": true}}"}
{"op_code":5,"worker_id":"2bf13a8c-ed8c-4e1c-ba3b-51e1641b6760-22952117663552","trial_id":11,"param_name":"min_lr_ratio","param_value_internal":0.0013015708676036525,"distribution":"{\"name\": \"FloatDistribution\", \"attributes\": {\"step\": null, \"low\": 0.0001, \"high\": 0.1, \"log\": true}}"}
{"op_code":5,"worker_id":"2bf13a8c-ed8c-4e1c-ba3b-51e1641b6760-22952117663552","trial_id":11,"param_name":"batch_size","param_value_internal":1,"distribution":"{\"name\": \"CategoricalDistribution\", \"attributes\": {\"choices\": [256, 512, 1024]}}"}
{"op_code":5,"worker_id":"2bf13a8c-ed8c-4e1c-ba3b-51e1641b6760-22952117663552","trial_id":11,"param_name":"weight_decay","param_value_internal":0.0033065398508329855,"distribution":"{\"name\": \"FloatDistribution\", \"attributes\": {\"step\": null, \"low\": 0.0, \"high\": 0.3, \"log\": false}}"}
{"op_code":5,"worker_id":"2bf13a8c-ed8c-4e1c-ba3b-51e1641b6760-22952117663552","trial_id":11,"param_name":"beta_1","param_value_internal":0.722252064585509,"distribution":"{\"name\": \"FloatDistribution\", \"attributes\": {\"step\": null, \"low\": 0.7, \"high\": 1.0, \"log\": false}}"}
{"op_code":5,"worker_id":"2bf13a8c-ed8c-4e1c-ba3b-51e1641b6760-22952117663552","trial_id":11,"param_name":"beta_2","param_value_internal":0.9998757524928483,"distribution":"{\"name\": \"FloatDistribution\", \"attributes\": {\"step\": null, \"low\": 0.9, \"high\": 1.0, \"log\": false}}"}
{"op_code":8,"worker_id":"2bf13a8c-ed8c-4e1c-ba3b-51e1641b6760-22952117663552","trial_id":11,"user_attr":{"min_lr":1.150765169670156e-06}}
{"op_code":7,"worker_id":"2bf13a8c-ed8c-4e1c-ba3b-51e1641b6760-22952117663552","trial_id":11,"step":0,"intermediate_value":0.8666841512897261}
{"op_code":7,"worker_id":"2bf13a8c-ed8c-4e1c-ba3b-51e1641b6760-22952117663552","trial_id":11,"step":1,"intermediate_value":0.6613581091483717}
{"op_code":7,"worker_id":"2bf13a8c-ed8c-4e1c-ba3b-51e1641b6760-22952117663552","trial_id":11,"step":2,"intermediate_value":0.6002401385725888}
{"op_code":7,"worker_id":"2bf13a8c-ed8c-4e1c-ba3b-51e1641b6760-22952117663552","trial_id":11,"step":3,"intermediate_value":0.5608425445828149}
{"op_code":7,"worker_id":"2bf13a8c-ed8c-4e1c-ba3b-51e1641b6760-22952117663552","trial_id":11,"step":4,"intermediate_value":0.4756169641569416}
{"op_code":7,"worker_id":"2bf13a8c-ed8c-4e1c-ba3b-51e1641b6760-22952117663552","trial_id":11,"step":5,"intermediate_value":0.5031335546877036}
{"op_code":7,"worker_id":"2bf13a8c-ed8c-4e1c-ba3b-51e1641b6760-22952117663552","trial_id":11,"step":6,"intermediate_value":0.47847577211837045}
{"op_code":7,"worker_id":"2bf13a8c-ed8c-4e1c-ba3b-51e1641b6760-22952117663552","trial_id":11,"step":7,"intermediate_value":0.47420311338253857}
{"op_code":7,"worker_id":"2bf13a8c-ed8c-4e1c-ba3b-51e1641b6760-22952117663552","trial_id":11,"step":8,"intermediate_value":0.5078336166246648}
{"op_code":7,"worker_id":"2bf13a8c-ed8c-4e1c-ba3b-51e1641b6760-22952117663552","trial_id":11,"step":9,"intermediate_value":0.4793381008318452}
{"op_code":7,"worker_id":"2bf13a8c-ed8c-4e1c-ba3b-51e1641b6760-22952117663552","trial_id":11,"step":10,"intermediate_value":0.47250196312953}
{"op_code":7,"worker_id":"2bf13a8c-ed8c-4e1c-ba3b-51e1641b6760-22952117663552","trial_id":11,"step":11,"intermediate_value":0.48793517765484107}
{"op_code":7,"worker_id":"2bf13a8c-ed8c-4e1c-ba3b-51e1641b6760-22952117663552","trial_id":11,"step":12,"intermediate_value":0.4716775641463971}
{"op_code":7,"worker_id":"2bf13a8c-ed8c-4e1c-ba3b-51e1641b6760-22952117663552","trial_id":11,"step":13,"intermediate_value":0.4834273889890628}
{"op_code":7,"worker_id":"2bf13a8c-ed8c-4e1c-ba3b-51e1641b6760-22952117663552","trial_id":11,"step":14,"intermediate_value":0.4639097070001057}
{"op_code":7,"worker_id":"2bf13a8c-ed8c-4e1c-ba3b-51e1641b6760-22952117663552","trial_id":11,"step":15,"intermediate_value":0.46333175660735204}
{"op_code":7,"worker_id":"2bf13a8c-ed8c-4e1c-ba3b-51e1641b6760-22952117663552","trial_id":11,"step":16,"intermediate_value":0.48761723421222375}
{"op_code":7,"worker_id":"2bf13a8c-ed8c-4e1c-ba3b-51e1641b6760-22952117663552","trial_id":11,"step":17,"intermediate_value":0.46327050869857994}
{"op_code":7,"worker_id":"2bf13a8c-ed8c-4e1c-ba3b-51e1641b6760-22952117663552","trial_id":11,"step":18,"intermediate_value":0.49387298904421206}
{"op_code":7,"worker_id":"2bf13a8c-ed8c-4e1c-ba3b-51e1641b6760-22952117663552","trial_id":11,"step":19,"intermediate_value":0.4876217629985877}
{"op_code":7,"worker_id":"2bf13a8c-ed8c-4e1c-ba3b-51e1641b6760-22952117663552","trial_id":11,"step":20,"intermediate_value":0.47144912259293054}
{"op_code":7,"worker_id":"2bf13a8c-ed8c-4e1c-ba3b-51e1641b6760-22952117663552","trial_id":11,"step":21,"intermediate_value":0.4761590621083939}
{"op_code":7,"worker_id":"2bf13a8c-ed8c-4e1c-ba3b-51e1641b6760-22952117663552","trial_id":11,"step":22,"intermediate_value":0.4602989864448353}
{"op_code":7,"worker_id":"2bf13a8c-ed8c-4e1c-ba3b-51e1641b6760-22952117663552","trial_id":11,"step":23,"intermediate_value":0.5817720432581285}
{"op_code":7,"worker_id":"2bf13a8c-ed8c-4e1c-ba3b-51e1641b6760-22952117663552","trial_id":11,"step":24,"intermediate_value":0.4700275924706374}
{"op_code":7,"worker_id":"2bf13a8c-ed8c-4e1c-ba3b-51e1641b6760-22952117663552","trial_id":11,"step":25,"intermediate_value":0.4854656891325049}
{"op_code":7,"worker_id":"2bf13a8c-ed8c-4e1c-ba3b-51e1641b6760-22952117663552","trial_id":11,"step":26,"intermediate_value":0.5051953596011034}
{"op_code":7,"worker_id":"2bf13a8c-ed8c-4e1c-ba3b-51e1641b6760-22952117663552","trial_id":11,"step":27,"intermediate_value":0.48579077562262013}
{"op_code":7,"worker_id":"2bf13a8c-ed8c-4e1c-ba3b-51e1641b6760-22952117663552","trial_id":11,"step":28,"intermediate_value":0.501826818798219}
{"op_code":7,"worker_id":"2bf13a8c-ed8c-4e1c-ba3b-51e1641b6760-22952117663552","trial_id":11,"step":29,"intermediate_value":0.5015877138818852}
{"op_code":7,"worker_id":"2bf13a8c-ed8c-4e1c-ba3b-51e1641b6760-22952117663552","trial_id":11,"step":30,"intermediate_value":0.4818390929896919}
{"op_code":7,"worker_id":"2bf13a8c-ed8c-4e1c-ba3b-51e1641b6760-22952117663552","trial_id":11,"step":31,"intermediate_value":0.480185187301319}
{"op_code":7,"worker_id":"2bf13a8c-ed8c-4e1c-ba3b-51e1641b6760-22952117663552","trial_id":11,"step":32,"intermediate_value":0.5165714828003627}
{"op_code":7,"worker_id":"2bf13a8c-ed8c-4e1c-ba3b-51e1641b6760-22952117663552","trial_id":11,"step":33,"intermediate_value":0.5789936368717135}
{"op_code":7,"worker_id":"2bf13a8c-ed8c-4e1c-ba3b-51e1641b6760-22952117663552","trial_id":11,"step":34,"intermediate_value":0.5435088049898792}
{"op_code":7,"worker_id":"2bf13a8c-ed8c-4e1c-ba3b-51e1641b6760-22952117663552","trial_id":11,"step":35,"intermediate_value":0.5104634347830237}
{"op_code":7,"worker_id":"2bf13a8c-ed8c-4e1c-ba3b-51e1641b6760-22952117663552","trial_id":11,"step":36,"intermediate_value":0.5669193267822266}
{"op_code":7,"worker_id":"2bf13a8c-ed8c-4e1c-ba3b-51e1641b6760-22952117663552","trial_id":11,"step":37,"intermediate_value":0.5436750622830782}
{"op_code":7,"worker_id":"2bf13a8c-ed8c-4e1c-ba3b-51e1641b6760-22952117663552","trial_id":11,"step":38,"intermediate_value":0.5967893118960154}
{"op_code":7,"worker_id":"2bf13a8c-ed8c-4e1c-ba3b-51e1641b6760-22952117663552","trial_id":11,"step":39,"intermediate_value":0.5752284298446537}
{"op_code":7,"worker_id":"2bf13a8c-ed8c-4e1c-ba3b-51e1641b6760-22952117663552","trial_id":11,"step":40,"intermediate_value":0.5233873161768998}
{"op_code":7,"worker_id":"2bf13a8c-ed8c-4e1c-ba3b-51e1641b6760-22952117663552","trial_id":11,"step":41,"intermediate_value":0.5079420631749209}
{"op_code":7,"worker_id":"2bf13a8c-ed8c-4e1c-ba3b-51e1641b6760-22952117663552","trial_id":11,"step":42,"intermediate_value":0.5293030548633064}
{"op_code":7,"worker_id":"2bf13a8c-ed8c-4e1c-ba3b-51e1641b6760-22952117663552","trial_id":11,"step":43,"intermediate_value":0.526497727257784}
{"op_code":7,"worker_id":"2bf13a8c-ed8c-4e1c-ba3b-51e1641b6760-22952117663552","trial_id":11,"step":44,"intermediate_value":0.509582049411104}
{"op_code":7,"worker_id":"2bf13a8c-ed8c-4e1c-ba3b-51e1641b6760-22952117663552","trial_id":11,"step":45,"intermediate_value":0.53180563428648}
{"op_code":7,"worker_id":"2bf13a8c-ed8c-4e1c-ba3b-51e1641b6760-22952117663552","trial_id":11,"step":46,"intermediate_value":0.521708805224508}
{"op_code":7,"worker_id":"2bf13a8c-ed8c-4e1c-ba3b-51e1641b6760-22952117663552","trial_id":11,"step":47,"intermediate_value":0.5486946140602673}
{"op_code":7,"worker_id":"2bf13a8c-ed8c-4e1c-ba3b-51e1641b6760-22952117663552","trial_id":11,"step":48,"intermediate_value":0.558374668496925}
{"op_code":7,"worker_id":"2bf13a8c-ed8c-4e1c-ba3b-51e1641b6760-22952117663552","trial_id":11,"step":49,"intermediate_value":0.5933212932742787}
{"op_code":7,"worker_id":"2bf13a8c-ed8c-4e1c-ba3b-51e1641b6760-22952117663552","trial_id":11,"step":50,"intermediate_value":0.5754473960272358}
{"op_code":7,"worker_id":"2bf13a8c-ed8c-4e1c-ba3b-51e1641b6760-22952117663552","trial_id":11,"step":51,"intermediate_value":0.6177027363369898}
{"op_code":7,"worker_id":"2bf13a8c-ed8c-4e1c-ba3b-51e1641b6760-22952117663552","trial_id":11,"step":52,"intermediate_value":0.5506322200046598}
{"op_code":7,"worker_id":"2bf13a8c-ed8c-4e1c-ba3b-51e1641b6760-22952117663552","trial_id":11,"step":53,"intermediate_value":0.5998018981440353}
{"op_code":7,"worker_id":"2bf13a8c-ed8c-4e1c-ba3b-51e1641b6760-22952117663552","trial_id":11,"step":54,"intermediate_value":0.5999185196162684}
{"op_code":7,"worker_id":"2bf13a8c-ed8c-4e1c-ba3b-51e1641b6760-22952117663552","trial_id":11,"step":55,"intermediate_value":0.635755422771472}
{"op_code":7,"worker_id":"2bf13a8c-ed8c-4e1c-ba3b-51e1641b6760-22952117663552","trial_id":11,"step":56,"intermediate_value":0.5999256255080833}
{"op_code":7,"worker_id":"2bf13a8c-ed8c-4e1c-ba3b-51e1641b6760-22952117663552","trial_id":11,"step":57,"intermediate_value":0.5593586728454061}
{"op_code":7,"worker_id":"2bf13a8c-ed8c-4e1c-ba3b-51e1641b6760-22952117663552","trial_id":11,"step":58,"intermediate_value":0.5541105105642181}
{"op_code":7,"worker_id":"2bf13a8c-ed8c-4e1c-ba3b-51e1641b6760-22952117663552","trial_id":11,"step":59,"intermediate_value":0.5491124124996462}
{"op_code":7,"worker_id":"2bf13a8c-ed8c-4e1c-ba3b-51e1641b6760-22952117663552","trial_id":11,"step":60,"intermediate_value":0.7883681121811466}
{"op_code":7,"worker_id":"2bf13a8c-ed8c-4e1c-ba3b-51e1641b6760-22952117663552","trial_id":11,"step":61,"intermediate_value":0.5247933984792671}
{"op_code":7,"worker_id":"2bf13a8c-ed8c-4e1c-ba3b-51e1641b6760-22952117663552","trial_id":11,"step":62,"intermediate_value":0.5821719525264817}
{"op_code":7,"worker_id":"2bf13a8c-ed8c-4e1c-ba3b-51e1641b6760-22952117663552","trial_id":11,"step":63,"intermediate_value":0.5326369874983637}
{"op_code":7,"worker_id":"2bf13a8c-ed8c-4e1c-ba3b-51e1641b6760-22952117663552","trial_id":11,"step":64,"intermediate_value":0.563288896887045}
{"op_code":7,"worker_id":"2bf13a8c-ed8c-4e1c-ba3b-51e1641b6760-22952117663552","trial_id":11,"step":65,"intermediate_value":0.5792730744764615}
{"op_code":7,"worker_id":"2bf13a8c-ed8c-4e1c-ba3b-51e1641b6760-22952117663552","trial_id":11,"step":66,"intermediate_value":0.7015252700904085}
{"op_code":7,"worker_id":"2bf13a8c-ed8c-4e1c-ba3b-51e1641b6760-22952117663552","trial_id":11,"step":67,"intermediate_value":0.5313372171504924}
{"op_code":7,"worker_id":"2bf13a8c-ed8c-4e1c-ba3b-51e1641b6760-22952117663552","trial_id":11,"step":68,"intermediate_value":0.5335903788517944}
{"op_code":7,"worker_id":"2bf13a8c-ed8c-4e1c-ba3b-51e1641b6760-22952117663552","trial_id":11,"step":69,"intermediate_value":0.524160861403351}
{"op_code":7,"worker_id":"2bf13a8c-ed8c-4e1c-ba3b-51e1641b6760-22952117663552","trial_id":11,"step":70,"intermediate_value":0.5597921449377302}
{"op_code":7,"worker_id":"2bf13a8c-ed8c-4e1c-ba3b-51e1641b6760-22952117663552","trial_id":11,"step":71,"intermediate_value":0.5492333234558467}
{"op_code":7,"worker_id":"2bf13a8c-ed8c-4e1c-ba3b-51e1641b6760-22952117663552","trial_id":11,"step":72,"intermediate_value":0.5452769426264372}
{"op_code":7,"worker_id":"2bf13a8c-ed8c-4e1c-ba3b-51e1641b6760-22952117663552","trial_id":11,"step":73,"intermediate_value":0.6230672370920826}
{"op_code":7,"worker_id":"2bf13a8c-ed8c-4e1c-ba3b-51e1641b6760-22952117663552","trial_id":11,"step":74,"intermediate_value":0.5852709094400508}
{"op_code":7,"worker_id":"2bf13a8c-ed8c-4e1c-ba3b-51e1641b6760-22952117663552","trial_id":11,"step":75,"intermediate_value":0.5321034140009897}
{"op_code":7,"worker_id":"2bf13a8c-ed8c-4e1c-ba3b-51e1641b6760-22952117663552","trial_id":11,"step":76,"intermediate_value":0.5487816301953325}
{"op_code":7,"worker_id":"2bf13a8c-ed8c-4e1c-ba3b-51e1641b6760-22952117663552","trial_id":11,"step":77,"intermediate_value":0.6190781989272944}
{"op_code":7,"worker_id":"2bf13a8c-ed8c-4e1c-ba3b-51e1641b6760-22952117663552","trial_id":11,"step":78,"intermediate_value":0.5599872486164279}
{"op_code":7,"worker_id":"2bf13a8c-ed8c-4e1c-ba3b-51e1641b6760-22952117663552","trial_id":11,"step":79,"intermediate_value":0.5339053316331277}
{"op_code":7,"worker_id":"2bf13a8c-ed8c-4e1c-ba3b-51e1641b6760-22952117663552","trial_id":11,"step":80,"intermediate_value":0.5147620621949328}
{"op_code":9,"worker_id":"2bf13a8c-ed8c-4e1c-ba3b-51e1641b6760-22952117663552","trial_id":11,"system_attr":{"completed_rung_0":0.5147620621949328}}
{"op_code":7,"worker_id":"2bf13a8c-ed8c-4e1c-ba3b-51e1641b6760-22952117663552","trial_id":11,"step":81,"intermediate_value":0.5243789169358472}
{"op_code":7,"worker_id":"2bf13a8c-ed8c-4e1c-ba3b-51e1641b6760-22952117663552","trial_id":11,"step":82,"intermediate_value":0.5780638387053321}
{"op_code":7,"worker_id":"2bf13a8c-ed8c-4e1c-ba3b-51e1641b6760-22952117663552","trial_id":11,"step":83,"intermediate_value":0.5466023754960418}
{"op_code":7,"worker_id":"2bf13a8c-ed8c-4e1c-ba3b-51e1641b6760-22952117663552","trial_id":11,"step":84,"intermediate_value":0.5117734783767663}
{"op_code":7,"worker_id":"2bf13a8c-ed8c-4e1c-ba3b-51e1641b6760-22952117663552","trial_id":11,"step":85,"intermediate_value":0.5271854368110286}
{"op_code":7,"worker_id":"2bf13a8c-ed8c-4e1c-ba3b-51e1641b6760-22952117663552","trial_id":11,"step":86,"intermediate_value":0.5405170368130097}
{"op_code":7,"worker_id":"2bf13a8c-ed8c-4e1c-ba3b-51e1641b6760-22952117663552","trial_id":11,"step":87,"intermediate_value":0.5611767087259892}
{"op_code":7,"worker_id":"2bf13a8c-ed8c-4e1c-ba3b-51e1641b6760-22952117663552","trial_id":11,"step":88,"intermediate_value":0.5109613371630721}
{"op_code":7,"worker_id":"2bf13a8c-ed8c-4e1c-ba3b-51e1641b6760-22952117663552","trial_id":11,"step":89,"intermediate_value":0.510824196279261}
{"op_code":7,"worker_id":"2bf13a8c-ed8c-4e1c-ba3b-51e1641b6760-22952117663552","trial_id":11,"step":90,"intermediate_value":0.5265074964802743}
{"op_code":7,"worker_id":"2bf13a8c-ed8c-4e1c-ba3b-51e1641b6760-22952117663552","trial_id":11,"step":91,"intermediate_value":0.50566293972667}
{"op_code":7,"worker_id":"2bf13a8c-ed8c-4e1c-ba3b-51e1641b6760-22952117663552","trial_id":11,"step":92,"intermediate_value":0.4881283195771074}
{"op_code":7,"worker_id":"2bf13a8c-ed8c-4e1c-ba3b-51e1641b6760-22952117663552","trial_id":11,"step":93,"intermediate_value":0.49393258831537773}
{"op_code":7,"worker_id":"2bf13a8c-ed8c-4e1c-ba3b-51e1641b6760-22952117663552","trial_id":11,"step":94,"intermediate_value":0.5367545834427626}
{"op_code":7,"worker_id":"2bf13a8c-ed8c-4e1c-ba3b-51e1641b6760-22952117663552","trial_id":11,"step":95,"intermediate_value":0.48424056918312786}
{"op_code":7,"worker_id":"2bf13a8c-ed8c-4e1c-ba3b-51e1641b6760-22952117663552","trial_id":11,"step":96,"intermediate_value":0.4933940876067604}
{"op_code":7,"worker_id":"2bf13a8c-ed8c-4e1c-ba3b-51e1641b6760-22952117663552","trial_id":11,"step":97,"intermediate_value":0.4858493024344122}
{"op_code":7,"worker_id":"2bf13a8c-ed8c-4e1c-ba3b-51e1641b6760-22952117663552","trial_id":11,"step":98,"intermediate_value":0.48445575294545534}
{"op_code":7,"worker_id":"2bf13a8c-ed8c-4e1c-ba3b-51e1641b6760-22952117663552","trial_id":11,"step":99,"intermediate_value":0.48339351286950344}
{"op_code":6,"worker_id":"2bf13a8c-ed8c-4e1c-ba3b-51e1641b6760-22952117663552","trial_id":11,"state":1,"values":[0.4602989864448353],"datetime_complete":"2025-12-22T22:39:21.858527"}
{"op_code":4,"worker_id":"2bf13a8c-ed8c-4e1c-ba3b-51e1641b6760-22952117663552","study_id":0,"datetime_start":"2025-12-22T22:39:21.859220"}
{"op_code":5,"worker_id":"2bf13a8c-ed8c-4e1c-ba3b-51e1641b6760-22952117663552","trial_id":12,"param_name":"n_layers","param_value_internal":62.0,"distribution":"{\"name\": \"IntDistribution\", \"attributes\": {\"log\": false, \"step\": 1, \"low\": 2, \"high\": 64}}"}
{"op_code":5,"worker_id":"2bf13a8c-ed8c-4e1c-ba3b-51e1641b6760-22952117663552","trial_id":12,"param_name":"n_heads","param_value_internal":1,"distribution":"{\"name\": \"CategoricalDistribution\", \"attributes\": {\"choices\": [2, 4, 8, 16, 32]}}"}
{"op_code":5,"worker_id":"2bf13a8c-ed8c-4e1c-ba3b-51e1641b6760-22952117663552","trial_id":12,"param_name":"head_dim","param_value_internal":2,"distribution":"{\"name\": \"CategoricalDistribution\", \"attributes\": {\"choices\": [4, 8, 16, 32, 64]}}"}
{"op_code":8,"worker_id":"2bf13a8c-ed8c-4e1c-ba3b-51e1641b6760-22952117663552","trial_id":12,"user_attr":{"d_model":64}}
{"op_code":5,"worker_id":"2bf13a8c-ed8c-4e1c-ba3b-51e1641b6760-22952117663552","trial_id":12,"param_name":"lr","param_value_internal":0.001456609683767738,"distribution":"{\"name\": \"FloatDistribution\", \"attributes\": {\"step\": null, \"low\": 1e-06, \"high\": 0.01, \"log\": true}}"}
{"op_code":5,"worker_id":"2bf13a8c-ed8c-4e1c-ba3b-51e1641b6760-22952117663552","trial_id":12,"param_name":"min_lr_ratio","param_value_internal":0.0015795759927592884,"distribution":"{\"name\": \"FloatDistribution\", \"attributes\": {\"step\": null, \"low\": 0.0001, \"high\": 0.1, \"log\": true}}"}
{"op_code":5,"worker_id":"2bf13a8c-ed8c-4e1c-ba3b-51e1641b6760-22952117663552","trial_id":12,"param_name":"batch_size","param_value_internal":1,"distribution":"{\"name\": \"CategoricalDistribution\", \"attributes\": {\"choices\": [256, 512, 1024]}}"}
{"op_code":5,"worker_id":"2bf13a8c-ed8c-4e1c-ba3b-51e1641b6760-22952117663552","trial_id":12,"param_name":"weight_decay","param_value_internal":0.004451671700864446,"distribution":"{\"name\": \"FloatDistribution\", \"attributes\": {\"step\": null, \"low\": 0.0, \"high\": 0.3, \"log\": false}}"}
{"op_code":5,"worker_id":"2bf13a8c-ed8c-4e1c-ba3b-51e1641b6760-22952117663552","trial_id":12,"param_name":"beta_1","param_value_internal":0.7100757654803416,"distribution":"{\"name\": \"FloatDistribution\", \"attributes\": {\"step\": null, \"low\": 0.7, \"high\": 1.0, \"log\": false}}"}
{"op_code":5,"worker_id":"2bf13a8c-ed8c-4e1c-ba3b-51e1641b6760-22952117663552","trial_id":12,"param_name":"beta_2","param_value_internal":0.9992031841016881,"distribution":"{\"name\": \"FloatDistribution\", \"attributes\": {\"step\": null, \"low\": 0.9, \"high\": 1.0, \"log\": false}}"}
{"op_code":8,"worker_id":"2bf13a8c-ed8c-4e1c-ba3b-51e1641b6760-22952117663552","trial_id":12,"user_attr":{"min_lr":2.300825687300218e-06}}
{"op_code":7,"worker_id":"2bf13a8c-ed8c-4e1c-ba3b-51e1641b6760-22952117663552","trial_id":12,"step":0,"intermediate_value":0.7987580252711883}
{"op_code":7,"worker_id":"2bf13a8c-ed8c-4e1c-ba3b-51e1641b6760-22952117663552","trial_id":12,"step":1,"intermediate_value":0.7042637283550321}
{"op_code":7,"worker_id":"2bf13a8c-ed8c-4e1c-ba3b-51e1641b6760-22952117663552","trial_id":12,"step":2,"intermediate_value":0.5516027575568655}
{"op_code":7,"worker_id":"2bf13a8c-ed8c-4e1c-ba3b-51e1641b6760-22952117663552","trial_id":12,"step":3,"intermediate_value":0.5682535163024142}
{"op_code":7,"worker_id":"2bf13a8c-ed8c-4e1c-ba3b-51e1641b6760-22952117663552","trial_id":12,"step":4,"intermediate_value":0.5066917844090173}
{"op_code":7,"worker_id":"2bf13a8c-ed8c-4e1c-ba3b-51e1641b6760-22952117663552","trial_id":12,"step":5,"intermediate_value":0.4956580362286008}
{"op_code":7,"worker_id":"2bf13a8c-ed8c-4e1c-ba3b-51e1641b6760-22952117663552","trial_id":12,"step":6,"intermediate_value":0.4811558939808204}
{"op_code":7,"worker_id":"2bf13a8c-ed8c-4e1c-ba3b-51e1641b6760-22952117663552","trial_id":12,"step":7,"intermediate_value":0.4621471662962564}
{"op_code":7,"worker_id":"2bf13a8c-ed8c-4e1c-ba3b-51e1641b6760-22952117663552","trial_id":12,"step":8,"intermediate_value":0.5010840834106274}
{"op_code":7,"worker_id":"2bf13a8c-ed8c-4e1c-ba3b-51e1641b6760-22952117663552","trial_id":12,"step":9,"intermediate_value":0.4703752428540697}
{"op_code":7,"worker_id":"2bf13a8c-ed8c-4e1c-ba3b-51e1641b6760-22952117663552","trial_id":12,"step":10,"intermediate_value":0.4551546211273786}
{"op_code":7,"worker_id":"2bf13a8c-ed8c-4e1c-ba3b-51e1641b6760-22952117663552","trial_id":12,"step":11,"intermediate_value":0.5118898334310855}
{"op_code":7,"worker_id":"2bf13a8c-ed8c-4e1c-ba3b-51e1641b6760-22952117663552","trial_id":12,"step":12,"intermediate_value":0.478041051580954}
{"op_code":7,"worker_id":"2bf13a8c-ed8c-4e1c-ba3b-51e1641b6760-22952117663552","trial_id":12,"step":13,"intermediate_value":0.5149753820570904}
{"op_code":7,"worker_id":"2bf13a8c-ed8c-4e1c-ba3b-51e1641b6760-22952117663552","trial_id":12,"step":14,"intermediate_value":0.4693017012637422}
{"op_code":7,"worker_id":"2bf13a8c-ed8c-4e1c-ba3b-51e1641b6760-22952117663552","trial_id":12,"step":15,"intermediate_value":0.5316681486431815}
{"op_code":7,"worker_id":"2bf13a8c-ed8c-4e1c-ba3b-51e1641b6760-22952117663552","trial_id":12,"step":16,"intermediate_value":0.49942007869446686}
{"op_code":7,"worker_id":"2bf13a8c-ed8c-4e1c-ba3b-51e1641b6760-22952117663552","trial_id":12,"step":17,"intermediate_value":0.5560607677535513}
{"op_code":7,"worker_id":"2bf13a8c-ed8c-4e1c-ba3b-51e1641b6760-22952117663552","trial_id":12,"step":18,"intermediate_value":0.5287552088463716}
{"op_code":7,"worker_id":"2bf13a8c-ed8c-4e1c-ba3b-51e1641b6760-22952117663552","trial_id":12,"step":19,"intermediate_value":0.5009102607819816}
{"op_code":7,"worker_id":"2bf13a8c-ed8c-4e1c-ba3b-51e1641b6760-22952117663552","trial_id":12,"step":20,"intermediate_value":0.5788239876994883}
{"op_code":7,"worker_id":"2bf13a8c-ed8c-4e1c-ba3b-51e1641b6760-22952117663552","trial_id":12,"step":21,"intermediate_value":0.5431761253770985}
{"op_code":7,"worker_id":"2bf13a8c-ed8c-4e1c-ba3b-51e1641b6760-22952117663552","trial_id":12,"step":22,"intermediate_value":0.5204072537017745}
{"op_code":7,"worker_id":"2bf13a8c-ed8c-4e1c-ba3b-51e1641b6760-22952117663552","trial_id":12,"step":23,"intermediate_value":0.5726309341609407}
{"op_code":7,"worker_id":"2bf13a8c-ed8c-4e1c-ba3b-51e1641b6760-22952117663552","trial_id":12,"step":24,"intermediate_value":0.5613915413299914}
{"op_code":7,"worker_id":"2bf13a8c-ed8c-4e1c-ba3b-51e1641b6760-22952117663552","trial_id":12,"step":25,"intermediate_value":0.5704924071810847}
{"op_code":7,"worker_id":"2bf13a8c-ed8c-4e1c-ba3b-51e1641b6760-22952117663552","trial_id":12,"step":26,"intermediate_value":0.5881118949763433}
{"op_code":7,"worker_id":"2bf13a8c-ed8c-4e1c-ba3b-51e1641b6760-22952117663552","trial_id":12,"step":27,"intermediate_value":0.5816448127954739}
{"op_code":7,"worker_id":"2bf13a8c-ed8c-4e1c-ba3b-51e1641b6760-22952117663552","trial_id":12,"step":28,"intermediate_value":0.5554348739440755}
{"op_code":7,"worker_id":"2bf13a8c-ed8c-4e1c-ba3b-51e1641b6760-22952117663552","trial_id":12,"step":29,"intermediate_value":0.5344127403883747}
{"op_code":7,"worker_id":"2bf13a8c-ed8c-4e1c-ba3b-51e1641b6760-22952117663552","trial_id":12,"step":30,"intermediate_value":0.6722052922452472}
{"op_code":7,"worker_id":"2bf13a8c-ed8c-4e1c-ba3b-51e1641b6760-22952117663552","trial_id":12,"step":31,"intermediate_value":0.5213573621331867}
{"op_code":7,"worker_id":"2bf13a8c-ed8c-4e1c-ba3b-51e1641b6760-22952117663552","trial_id":12,"step":32,"intermediate_value":0.6520886018889938}
{"op_code":7,"worker_id":"2bf13a8c-ed8c-4e1c-ba3b-51e1641b6760-22952117663552","trial_id":12,"step":33,"intermediate_value":0.5456207524697835}
{"op_code":7,"worker_id":"2bf13a8c-ed8c-4e1c-ba3b-51e1641b6760-22952117663552","trial_id":12,"step":34,"intermediate_value":0.5349382319060084}
{"op_code":7,"worker_id":"2bf13a8c-ed8c-4e1c-ba3b-51e1641b6760-22952117663552","trial_id":12,"step":35,"intermediate_value":0.5975049734822655}
{"op_code":7,"worker_id":"2bf13a8c-ed8c-4e1c-ba3b-51e1641b6760-22952117663552","trial_id":12,"step":36,"intermediate_value":0.5384600148365025}
{"op_code":7,"worker_id":"2bf13a8c-ed8c-4e1c-ba3b-51e1641b6760-22952117663552","trial_id":12,"step":37,"intermediate_value":0.5894485476602439}
{"op_code":7,"worker_id":"2bf13a8c-ed8c-4e1c-ba3b-51e1641b6760-22952117663552","trial_id":12,"step":38,"intermediate_value":0.6533929495624801}
{"op_code":7,"worker_id":"2bf13a8c-ed8c-4e1c-ba3b-51e1641b6760-22952117663552","trial_id":12,"step":39,"intermediate_value":0.5575314245472882}
{"op_code":7,"worker_id":"2bf13a8c-ed8c-4e1c-ba3b-51e1641b6760-22952117663552","trial_id":12,"step":40,"intermediate_value":0.5734424777019632}
{"op_code":7,"worker_id":"2bf13a8c-ed8c-4e1c-ba3b-51e1641b6760-22952117663552","trial_id":12,"step":41,"intermediate_value":0.5946373738003795}
{"op_code":7,"worker_id":"2bf13a8c-ed8c-4e1c-ba3b-51e1641b6760-22952117663552","trial_id":12,"step":42,"intermediate_value":0.6222081011866053}
{"op_code":7,"worker_id":"2bf13a8c-ed8c-4e1c-ba3b-51e1641b6760-22952117663552","trial_id":12,"step":43,"intermediate_value":0.6012493465294617}
{"op_code":7,"worker_id":"2bf13a8c-ed8c-4e1c-ba3b-51e1641b6760-22952117663552","trial_id":12,"step":44,"intermediate_value":0.572073815485478}
{"op_code":7,"worker_id":"2bf13a8c-ed8c-4e1c-ba3b-51e1641b6760-22952117663552","trial_id":12,"step":45,"intermediate_value":0.5733763197280051}
{"op_code":7,"worker_id":"2bf13a8c-ed8c-4e1c-ba3b-51e1641b6760-22952117663552","trial_id":12,"step":46,"intermediate_value":0.5609135430832067}
{"op_code":7,"worker_id":"2bf13a8c-ed8c-4e1c-ba3b-51e1641b6760-22952117663552","trial_id":12,"step":47,"intermediate_value":0.9699805965768626}
{"op_code":7,"worker_id":"2bf13a8c-ed8c-4e1c-ba3b-51e1641b6760-22952117663552","trial_id":12,"step":48,"intermediate_value":0.9197540084520975}
{"op_code":7,"worker_id":"2bf13a8c-ed8c-4e1c-ba3b-51e1641b6760-22952117663552","trial_id":12,"step":49,"intermediate_value":0.9204866700890791}
{"op_code":7,"worker_id":"2bf13a8c-ed8c-4e1c-ba3b-51e1641b6760-22952117663552","trial_id":12,"step":50,"intermediate_value":0.9168586258645018}
{"op_code":7,"worker_id":"2bf13a8c-ed8c-4e1c-ba3b-51e1641b6760-22952117663552","trial_id":12,"step":51,"intermediate_value":0.9180080696922746}
{"op_code":7,"worker_id":"2bf13a8c-ed8c-4e1c-ba3b-51e1641b6760-22952117663552","trial_id":12,"step":52,"intermediate_value":0.9186591131972814}
{"op_code":7,"worker_id":"2bf13a8c-ed8c-4e1c-ba3b-51e1641b6760-22952117663552","trial_id":12,"step":53,"intermediate_value":0.9196773704543515}
{"op_code":7,"worker_id":"2bf13a8c-ed8c-4e1c-ba3b-51e1641b6760-22952117663552","trial_id":12,"step":54,"intermediate_value":0.9191986686535719}
{"op_code":7,"worker_id":"2bf13a8c-ed8c-4e1c-ba3b-51e1641b6760-22952117663552","trial_id":12,"step":55,"intermediate_value":0.9170932072620234}
{"op_code":7,"worker_id":"2bf13a8c-ed8c-4e1c-ba3b-51e1641b6760-22952117663552","trial_id":12,"step":56,"intermediate_value":0.9160192388232492}
{"op_code":7,"worker_id":"2bf13a8c-ed8c-4e1c-ba3b-51e1641b6760-22952117663552","trial_id":12,"step":57,"intermediate_value":0.9168560171183884}
{"op_code":7,"worker_id":"2bf13a8c-ed8c-4e1c-ba3b-51e1641b6760-22952117663552","trial_id":12,"step":58,"intermediate_value":0.916285891691278}
{"op_code":7,"worker_id":"2bf13a8c-ed8c-4e1c-ba3b-51e1641b6760-22952117663552","trial_id":12,"step":59,"intermediate_value":0.9166607185049271}
{"op_code":7,"worker_id":"2bf13a8c-ed8c-4e1c-ba3b-51e1641b6760-22952117663552","trial_id":12,"step":60,"intermediate_value":0.9184372024886831}
{"op_code":7,"worker_id":"2bf13a8c-ed8c-4e1c-ba3b-51e1641b6760-22952117663552","trial_id":12,"step":61,"intermediate_value":0.9161496645332373}
{"op_code":7,"worker_id":"2bf13a8c-ed8c-4e1c-ba3b-51e1641b6760-22952117663552","trial_id":12,"step":62,"intermediate_value":0.9166444171648715}
{"op_code":7,"worker_id":"2bf13a8c-ed8c-4e1c-ba3b-51e1641b6760-22952117663552","trial_id":12,"step":63,"intermediate_value":0.9153766480770541}
{"op_code":7,"worker_id":"2bf13a8c-ed8c-4e1c-ba3b-51e1641b6760-22952117663552","trial_id":12,"step":64,"intermediate_value":0.917732831917058}
{"op_code":7,"worker_id":"2bf13a8c-ed8c-4e1c-ba3b-51e1641b6760-22952117663552","trial_id":12,"step":65,"intermediate_value":0.916304599135796}
{"op_code":7,"worker_id":"2bf13a8c-ed8c-4e1c-ba3b-51e1641b6760-22952117663552","trial_id":12,"step":66,"intermediate_value":0.9170302242429513}
{"op_code":7,"worker_id":"2bf13a8c-ed8c-4e1c-ba3b-51e1641b6760-22952117663552","trial_id":12,"step":67,"intermediate_value":0.9156429472060107}
{"op_code":7,"worker_id":"2bf13a8c-ed8c-4e1c-ba3b-51e1641b6760-22952117663552","trial_id":12,"step":68,"intermediate_value":0.9157873013831259}
{"op_code":7,"worker_id":"2bf13a8c-ed8c-4e1c-ba3b-51e1641b6760-22952117663552","trial_id":12,"step":69,"intermediate_value":0.9153586900389774}
{"op_code":7,"worker_id":"2bf13a8c-ed8c-4e1c-ba3b-51e1641b6760-22952117663552","trial_id":12,"step":70,"intermediate_value":0.9154959103249429}
{"op_code":7,"worker_id":"2bf13a8c-ed8c-4e1c-ba3b-51e1641b6760-22952117663552","trial_id":12,"step":71,"intermediate_value":0.9155901166326493}
{"op_code":7,"worker_id":"2bf13a8c-ed8c-4e1c-ba3b-51e1641b6760-22952117663552","trial_id":12,"step":72,"intermediate_value":0.9152271802739317}
{"op_code":7,"worker_id":"2bf13a8c-ed8c-4e1c-ba3b-51e1641b6760-22952117663552","trial_id":12,"step":73,"intermediate_value":0.9166966654086312}
{"op_code":7,"worker_id":"2bf13a8c-ed8c-4e1c-ba3b-51e1641b6760-22952117663552","trial_id":12,"step":74,"intermediate_value":0.9159643625308045}
{"op_code":7,"worker_id":"2bf13a8c-ed8c-4e1c-ba3b-51e1641b6760-22952117663552","trial_id":12,"step":75,"intermediate_value":0.9153946544069129}
{"op_code":7,"worker_id":"2bf13a8c-ed8c-4e1c-ba3b-51e1641b6760-22952117663552","trial_id":12,"step":76,"intermediate_value":0.9157292106114814}
{"op_code":7,"worker_id":"2bf13a8c-ed8c-4e1c-ba3b-51e1641b6760-22952117663552","trial_id":12,"step":77,"intermediate_value":0.9160953552980299}
{"op_code":7,"worker_id":"2bf13a8c-ed8c-4e1c-ba3b-51e1641b6760-22952117663552","trial_id":12,"step":78,"intermediate_value":0.9154802556563951}
{"op_code":7,"worker_id":"2bf13a8c-ed8c-4e1c-ba3b-51e1641b6760-22952117663552","trial_id":12,"step":79,"intermediate_value":0.9155667425616073}
{"op_code":7,"worker_id":"2bf13a8c-ed8c-4e1c-ba3b-51e1641b6760-22952117663552","trial_id":12,"step":80,"intermediate_value":0.9154222068130475}
{"op_code":9,"worker_id":"2bf13a8c-ed8c-4e1c-ba3b-51e1641b6760-22952117663552","trial_id":12,"system_attr":{"completed_rung_0":0.9154222068130475}}
{"op_code":6,"worker_id":"2bf13a8c-ed8c-4e1c-ba3b-51e1641b6760-22952117663552","trial_id":12,"state":2,"values":[0.9154222068130475],"datetime_complete":"2025-12-22T22:50:58.208403"}
{"op_code":4,"worker_id":"2bf13a8c-ed8c-4e1c-ba3b-51e1641b6760-22952117663552","study_id":0,"datetime_start":"2025-12-22T22:50:58.208810"}
{"op_code":5,"worker_id":"2bf13a8c-ed8c-4e1c-ba3b-51e1641b6760-22952117663552","trial_id":13,"param_name":"n_layers","param_value_internal":64.0,"distribution":"{\"name\": \"IntDistribution\", \"attributes\": {\"log\": false, \"step\": 1, \"low\": 2, \"high\": 64}}"}
{"op_code":5,"worker_id":"2bf13a8c-ed8c-4e1c-ba3b-51e1641b6760-22952117663552","trial_id":13,"param_name":"n_heads","param_value_internal":2,"distribution":"{\"name\": \"CategoricalDistribution\", \"attributes\": {\"choices\": [2, 4, 8, 16, 32]}}"}
{"op_code":5,"worker_id":"2bf13a8c-ed8c-4e1c-ba3b-51e1641b6760-22952117663552","trial_id":13,"param_name":"head_dim","param_value_internal":2,"distribution":"{\"name\": \"CategoricalDistribution\", \"attributes\": {\"choices\": [4, 8, 16, 32, 64]}}"}
{"op_code":8,"worker_id":"2bf13a8c-ed8c-4e1c-ba3b-51e1641b6760-22952117663552","trial_id":13,"user_attr":{"d_model":128}}
{"op_code":5,"worker_id":"2bf13a8c-ed8c-4e1c-ba3b-51e1641b6760-22952117663552","trial_id":13,"param_name":"lr","param_value_internal":0.0011072804632813805,"distribution":"{\"name\": \"FloatDistribution\", \"attributes\": {\"step\": null, \"low\": 1e-06, \"high\": 0.01, \"log\": true}}"}
{"op_code":5,"worker_id":"2bf13a8c-ed8c-4e1c-ba3b-51e1641b6760-22952117663552","trial_id":13,"param_name":"min_lr_ratio","param_value_internal":0.001746330207004578,"distribution":"{\"name\": \"FloatDistribution\", \"attributes\": {\"step\": null, \"low\": 0.0001, \"high\": 0.1, \"log\": true}}"}
{"op_code":5,"worker_id":"2bf13a8c-ed8c-4e1c-ba3b-51e1641b6760-22952117663552","trial_id":13,"param_name":"batch_size","param_value_internal":1,"distribution":"{\"name\": \"CategoricalDistribution\", \"attributes\": {\"choices\": [256, 512, 1024]}}"}
{"op_code":5,"worker_id":"2bf13a8c-ed8c-4e1c-ba3b-51e1641b6760-22952117663552","trial_id":13,"param_name":"weight_decay","param_value_internal":0.04602188171608279,"distribution":"{\"name\": \"FloatDistribution\", \"attributes\": {\"step\": null, \"low\": 0.0, \"high\": 0.3, \"log\": false}}"}
{"op_code":5,"worker_id":"2bf13a8c-ed8c-4e1c-ba3b-51e1641b6760-22952117663552","trial_id":13,"param_name":"beta_1","param_value_internal":0.7090237383893572,"distribution":"{\"name\": \"FloatDistribution\", \"attributes\": {\"step\": null, \"low\": 0.7, \"high\": 1.0, \"log\": false}}"}
{"op_code":5,"worker_id":"2bf13a8c-ed8c-4e1c-ba3b-51e1641b6760-22952117663552","trial_id":13,"param_name":"beta_2","param_value_internal":0.9998960987854972,"distribution":"{\"name\": \"FloatDistribution\", \"attributes\": {\"step\": null, \"low\": 0.9, \"high\": 1.0, \"log\": false}}"}
{"op_code":8,"worker_id":"2bf13a8c-ed8c-4e1c-ba3b-51e1641b6760-22952117663552","trial_id":13,"user_attr":{"min_lr":1.933677320654298e-06}}
{"op_code":7,"worker_id":"2bf13a8c-ed8c-4e1c-ba3b-51e1641b6760-22952117663552","trial_id":13,"step":0,"intermediate_value":0.8644674819135156}
{"op_code":7,"worker_id":"2bf13a8c-ed8c-4e1c-ba3b-51e1641b6760-22952117663552","trial_id":13,"step":1,"intermediate_value":0.8260997057243881}
{"op_code":7,"worker_id":"2bf13a8c-ed8c-4e1c-ba3b-51e1641b6760-22952117663552","trial_id":13,"step":2,"intermediate_value":0.6791419603222205}
{"op_code":7,"worker_id":"2bf13a8c-ed8c-4e1c-ba3b-51e1641b6760-22952117663552","trial_id":13,"step":3,"intermediate_value":0.7022032631673847}
{"op_code":7,"worker_id":"2bf13a8c-ed8c-4e1c-ba3b-51e1641b6760-22952117663552","trial_id":13,"step":4,"intermediate_value":0.8098301171266594}
{"op_code":7,"worker_id":"2bf13a8c-ed8c-4e1c-ba3b-51e1641b6760-22952117663552","trial_id":13,"step":5,"intermediate_value":0.6077064220591372}
{"op_code":7,"worker_id":"2bf13a8c-ed8c-4e1c-ba3b-51e1641b6760-22952117663552","trial_id":13,"step":6,"intermediate_value":0.7549502365246927}
{"op_code":7,"worker_id":"2bf13a8c-ed8c-4e1c-ba3b-51e1641b6760-22952117663552","trial_id":13,"step":7,"intermediate_value":0.75582279167707}
{"op_code":7,"worker_id":"2bf13a8c-ed8c-4e1c-ba3b-51e1641b6760-22952117663552","trial_id":13,"step":8,"intermediate_value":0.7093072578151879}
{"op_code":7,"worker_id":"2bf13a8c-ed8c-4e1c-ba3b-51e1641b6760-22952117663552","trial_id":13,"step":9,"intermediate_value":0.7639593535753615}
{"op_code":7,"worker_id":"2bf13a8c-ed8c-4e1c-ba3b-51e1641b6760-22952117663552","trial_id":13,"step":10,"intermediate_value":0.8381505588054091}
{"op_code":7,"worker_id":"2bf13a8c-ed8c-4e1c-ba3b-51e1641b6760-22952117663552","trial_id":13,"step":11,"intermediate_value":0.7016579180001364}
{"op_code":7,"worker_id":"2bf13a8c-ed8c-4e1c-ba3b-51e1641b6760-22952117663552","trial_id":13,"step":12,"intermediate_value":0.6308963468490546}
{"op_code":7,"worker_id":"2bf13a8c-ed8c-4e1c-ba3b-51e1641b6760-22952117663552","trial_id":13,"step":13,"intermediate_value":0.5932624032488921}
{"op_code":7,"worker_id":"2bf13a8c-ed8c-4e1c-ba3b-51e1641b6760-22952117663552","trial_id":13,"step":14,"intermediate_value":0.49545834755275314}
{"op_code":7,"worker_id":"2bf13a8c-ed8c-4e1c-ba3b-51e1641b6760-22952117663552","trial_id":13,"step":15,"intermediate_value":0.500392477424685}
{"op_code":7,"worker_id":"2bf13a8c-ed8c-4e1c-ba3b-51e1641b6760-22952117663552","trial_id":13,"step":16,"intermediate_value":0.48283292924099264}
{"op_code":7,"worker_id":"2bf13a8c-ed8c-4e1c-ba3b-51e1641b6760-22952117663552","trial_id":13,"step":17,"intermediate_value":0.47670603420669355}
{"op_code":7,"worker_id":"2bf13a8c-ed8c-4e1c-ba3b-51e1641b6760-22952117663552","trial_id":13,"step":18,"intermediate_value":0.4835292617409255}
{"op_code":7,"worker_id":"2bf13a8c-ed8c-4e1c-ba3b-51e1641b6760-22952117663552","trial_id":13,"step":19,"intermediate_value":0.4862186946902835}
{"op_code":7,"worker_id":"2bf13a8c-ed8c-4e1c-ba3b-51e1641b6760-22952117663552","trial_id":13,"step":20,"intermediate_value":0.4816278049530084}
{"op_code":7,"worker_id":"2bf13a8c-ed8c-4e1c-ba3b-51e1641b6760-22952117663552","trial_id":13,"step":21,"intermediate_value":0.48405826261459295}
{"op_code":7,"worker_id":"2bf13a8c-ed8c-4e1c-ba3b-51e1641b6760-22952117663552","trial_id":13,"step":22,"intermediate_value":0.4913036591359022}
{"op_code":7,"worker_id":"2bf13a8c-ed8c-4e1c-ba3b-51e1641b6760-22952117663552","trial_id":13,"step":23,"intermediate_value":0.7460998246536843}
{"op_code":7,"worker_id":"2bf13a8c-ed8c-4e1c-ba3b-51e1641b6760-22952117663552","trial_id":13,"step":24,"intermediate_value":0.4934080009782866}
{"op_code":7,"worker_id":"2bf13a8c-ed8c-4e1c-ba3b-51e1641b6760-22952117663552","trial_id":13,"step":25,"intermediate_value":0.7277075692852196}
{"op_code":7,"worker_id":"2bf13a8c-ed8c-4e1c-ba3b-51e1641b6760-22952117663552","trial_id":13,"step":26,"intermediate_value":0.5014808617028478}
{"op_code":7,"worker_id":"2bf13a8c-ed8c-4e1c-ba3b-51e1641b6760-22952117663552","trial_id":13,"step":27,"intermediate_value":0.5241875566480282}
{"op_code":7,"worker_id":"2bf13a8c-ed8c-4e1c-ba3b-51e1641b6760-22952117663552","trial_id":13,"step":28,"intermediate_value":0.5510927761152545}
{"op_code":7,"worker_id":"2bf13a8c-ed8c-4e1c-ba3b-51e1641b6760-22952117663552","trial_id":13,"step":29,"intermediate_value":0.7187283365044871}
{"op_code":7,"worker_id":"2bf13a8c-ed8c-4e1c-ba3b-51e1641b6760-22952117663552","trial_id":13,"step":30,"intermediate_value":0.5810045659329968}
{"op_code":7,"worker_id":"2bf13a8c-ed8c-4e1c-ba3b-51e1641b6760-22952117663552","trial_id":13,"step":31,"intermediate_value":0.5146363419994341}
{"op_code":7,"worker_id":"2bf13a8c-ed8c-4e1c-ba3b-51e1641b6760-22952117663552","trial_id":13,"step":32,"intermediate_value":0.7565205918088078}
{"op_code":7,"worker_id":"2bf13a8c-ed8c-4e1c-ba3b-51e1641b6760-22952117663552","trial_id":13,"step":33,"intermediate_value":0.5504513794417059}
{"op_code":7,"worker_id":"2bf13a8c-ed8c-4e1c-ba3b-51e1641b6760-22952117663552","trial_id":13,"step":34,"intermediate_value":0.8737105645177486}
{"op_code":7,"worker_id":"2bf13a8c-ed8c-4e1c-ba3b-51e1641b6760-22952117663552","trial_id":13,"step":35,"intermediate_value":0.9240888350091937}
{"op_code":7,"worker_id":"2bf13a8c-ed8c-4e1c-ba3b-51e1641b6760-22952117663552","trial_id":13,"step":36,"intermediate_value":0.6264529438912515}
{"op_code":7,"worker_id":"2bf13a8c-ed8c-4e1c-ba3b-51e1641b6760-22952117663552","trial_id":13,"step":37,"intermediate_value":0.7946274419130662}
{"op_code":7,"worker_id":"2bf13a8c-ed8c-4e1c-ba3b-51e1641b6760-22952117663552","trial_id":13,"step":38,"intermediate_value":0.641580418971934}
{"op_code":7,"worker_id":"2bf13a8c-ed8c-4e1c-ba3b-51e1641b6760-22952117663552","trial_id":13,"step":39,"intermediate_value":0.699676308343419}
{"op_code":7,"worker_id":"2bf13a8c-ed8c-4e1c-ba3b-51e1641b6760-22952117663552","trial_id":13,"step":40,"intermediate_value":0.6257786022527928}
{"op_code":9,"worker_id":"2bf13a8c-ed8c-4e1c-ba3b-51e1641b6760-22952117663552","trial_id":13,"system_attr":{"completed_rung_0":0.6257786022527928}}
{"op_code":7,"worker_id":"2bf13a8c-ed8c-4e1c-ba3b-51e1641b6760-22952117663552","trial_id":13,"step":41,"intermediate_value":0.6686344628939284}
{"op_code":7,"worker_id":"2bf13a8c-ed8c-4e1c-ba3b-51e1641b6760-22952117663552","trial_id":13,"step":42,"intermediate_value":0.801732109746899}
{"op_code":7,"worker_id":"2bf13a8c-ed8c-4e1c-ba3b-51e1641b6760-22952117663552","trial_id":13,"step":43,"intermediate_value":0.6437470539608884}
{"op_code":7,"worker_id":"2bf13a8c-ed8c-4e1c-ba3b-51e1641b6760-22952117663552","trial_id":13,"step":44,"intermediate_value":0.7405770443653862}
{"op_code":7,"worker_id":"2bf13a8c-ed8c-4e1c-ba3b-51e1641b6760-22952117663552","trial_id":13,"step":45,"intermediate_value":0.9253850616735637}
{"op_code":7,"worker_id":"2bf13a8c-ed8c-4e1c-ba3b-51e1641b6760-22952117663552","trial_id":13,"step":46,"intermediate_value":0.9181852129996176}
{"op_code":7,"worker_id":"2bf13a8c-ed8c-4e1c-ba3b-51e1641b6760-22952117663552","trial_id":13,"step":47,"intermediate_value":0.9188425414361422}
{"op_code":7,"worker_id":"2bf13a8c-ed8c-4e1c-ba3b-51e1641b6760-22952117663552","trial_id":13,"step":48,"intermediate_value":0.9192605558097857}
{"op_code":7,"worker_id":"2bf13a8c-ed8c-4e1c-ba3b-51e1641b6760-22952117663552","trial_id":13,"step":49,"intermediate_value":0.9177005256339466}
{"op_code":7,"worker_id":"2bf13a8c-ed8c-4e1c-ba3b-51e1641b6760-22952117663552","trial_id":13,"step":50,"intermediate_value":0.9159552324143452}
{"op_code":7,"worker_id":"2bf13a8c-ed8c-4e1c-ba3b-51e1641b6760-22952117663552","trial_id":13,"step":51,"intermediate_value":0.9152370948667062}
{"op_code":7,"worker_id":"2bf13a8c-ed8c-4e1c-ba3b-51e1641b6760-22952117663552","trial_id":13,"step":52,"intermediate_value":0.9153101304954764}
{"op_code":7,"worker_id":"2bf13a8c-ed8c-4e1c-ba3b-51e1641b6760-22952117663552","trial_id":13,"step":53,"intermediate_value":0.915716002915112}
{"op_code":7,"worker_id":"2bf13a8c-ed8c-4e1c-ba3b-51e1641b6760-22952117663552","trial_id":13,"step":54,"intermediate_value":0.9152792009877423}
{"op_code":7,"worker_id":"2bf13a8c-ed8c-4e1c-ba3b-51e1641b6760-22952117663552","trial_id":13,"step":55,"intermediate_value":0.9156701444589653}
{"op_code":7,"worker_id":"2bf13a8c-ed8c-4e1c-ba3b-51e1641b6760-22952117663552","trial_id":13,"step":56,"intermediate_value":0.9158251763521423}
{"op_code":7,"worker_id":"2bf13a8c-ed8c-4e1c-ba3b-51e1641b6760-22952117663552","trial_id":13,"step":57,"intermediate_value":0.9166603396654411}
{"op_code":7,"worker_id":"2bf13a8c-ed8c-4e1c-ba3b-51e1641b6760-22952117663552","trial_id":13,"step":58,"intermediate_value":0.9156942725322991}
{"op_code":7,"worker_id":"2bf13a8c-ed8c-4e1c-ba3b-51e1641b6760-22952117663552","trial_id":13,"step":59,"intermediate_value":0.9157702445559655}
{"op_code":7,"worker_id":"2bf13a8c-ed8c-4e1c-ba3b-51e1641b6760-22952117663552","trial_id":13,"step":60,"intermediate_value":0.9164441068825773}
{"op_code":7,"worker_id":"2bf13a8c-ed8c-4e1c-ba3b-51e1641b6760-22952117663552","trial_id":13,"step":61,"intermediate_value":0.9150496447637836}
{"op_code":7,"worker_id":"2bf13a8c-ed8c-4e1c-ba3b-51e1641b6760-22952117663552","trial_id":13,"step":62,"intermediate_value":0.9158958992075665}
{"op_code":7,"worker_id":"2bf13a8c-ed8c-4e1c-ba3b-51e1641b6760-22952117663552","trial_id":13,"step":63,"intermediate_value":0.9158862832743644}
{"op_code":7,"worker_id":"2bf13a8c-ed8c-4e1c-ba3b-51e1641b6760-22952117663552","trial_id":13,"step":64,"intermediate_value":0.9163068412037506}
{"op_code":7,"worker_id":"2bf13a8c-ed8c-4e1c-ba3b-51e1641b6760-22952117663552","trial_id":13,"step":65,"intermediate_value":0.915936229774819}
{"op_code":7,"worker_id":"2bf13a8c-ed8c-4e1c-ba3b-51e1641b6760-22952117663552","trial_id":13,"step":66,"intermediate_value":0.9165880241710803}
{"op_code":7,"worker_id":"2bf13a8c-ed8c-4e1c-ba3b-51e1641b6760-22952117663552","trial_id":13,"step":67,"intermediate_value":0.9154014569018942}
{"op_code":7,"worker_id":"2bf13a8c-ed8c-4e1c-ba3b-51e1641b6760-22952117663552","trial_id":13,"step":68,"intermediate_value":0.9157548887591063}
{"op_code":7,"worker_id":"2bf13a8c-ed8c-4e1c-ba3b-51e1641b6760-22952117663552","trial_id":13,"step":69,"intermediate_value":0.9164501705769259}
{"op_code":7,"worker_id":"2bf13a8c-ed8c-4e1c-ba3b-51e1641b6760-22952117663552","trial_id":13,"step":70,"intermediate_value":0.915841162841091}
{"op_code":7,"worker_id":"2bf13a8c-ed8c-4e1c-ba3b-51e1641b6760-22952117663552","trial_id":13,"step":71,"intermediate_value":0.9161106316927348}
{"op_code":7,"worker_id":"2bf13a8c-ed8c-4e1c-ba3b-51e1641b6760-22952117663552","trial_id":13,"step":72,"intermediate_value":0.9156119085291526}
{"op_code":7,"worker_id":"2bf13a8c-ed8c-4e1c-ba3b-51e1641b6760-22952117663552","trial_id":13,"step":73,"intermediate_value":0.9153406431949295}
{"op_code":7,"worker_id":"2bf13a8c-ed8c-4e1c-ba3b-51e1641b6760-22952117663552","trial_id":13,"step":74,"intermediate_value":0.9156280473175139}
{"op_code":7,"worker_id":"2bf13a8c-ed8c-4e1c-ba3b-51e1641b6760-22952117663552","trial_id":13,"step":75,"intermediate_value":0.9156698454458659}
{"op_code":7,"worker_id":"2bf13a8c-ed8c-4e1c-ba3b-51e1641b6760-22952117663552","trial_id":13,"step":76,"intermediate_value":0.9154189045177519}
{"op_code":7,"worker_id":"2bf13a8c-ed8c-4e1c-ba3b-51e1641b6760-22952117663552","trial_id":13,"step":77,"intermediate_value":0.9159127238382224}
{"op_code":7,"worker_id":"2bf13a8c-ed8c-4e1c-ba3b-51e1641b6760-22952117663552","trial_id":13,"step":78,"intermediate_value":0.9157193502497418}
{"op_code":7,"worker_id":"2bf13a8c-ed8c-4e1c-ba3b-51e1641b6760-22952117663552","trial_id":13,"step":79,"intermediate_value":0.9157068850306854}
{"op_code":7,"worker_id":"2bf13a8c-ed8c-4e1c-ba3b-51e1641b6760-22952117663552","trial_id":13,"step":80,"intermediate_value":0.9155231175473576}
{"op_code":9,"worker_id":"2bf13a8c-ed8c-4e1c-ba3b-51e1641b6760-22952117663552","trial_id":13,"system_attr":{"completed_rung_1":0.9155231175473576}}
{"op_code":6,"worker_id":"2bf13a8c-ed8c-4e1c-ba3b-51e1641b6760-22952117663552","trial_id":13,"state":2,"values":[0.9155231175473576],"datetime_complete":"2025-12-22T23:03:20.422521"}
{"op_code":4,"worker_id":"2bf13a8c-ed8c-4e1c-ba3b-51e1641b6760-22952117663552","study_id":0,"datetime_start":"2025-12-22T23:03:20.422880"}
{"op_code":5,"worker_id":"2bf13a8c-ed8c-4e1c-ba3b-51e1641b6760-22952117663552","trial_id":14,"param_name":"n_layers","param_value_internal":56.0,"distribution":"{\"name\": \"IntDistribution\", \"attributes\": {\"log\": false, \"step\": 1, \"low\": 2, \"high\": 64}}"}
{"op_code":5,"worker_id":"2bf13a8c-ed8c-4e1c-ba3b-51e1641b6760-22952117663552","trial_id":14,"param_name":"n_heads","param_value_internal":1,"distribution":"{\"name\": \"CategoricalDistribution\", \"attributes\": {\"choices\": [2, 4, 8, 16, 32]}}"}
{"op_code":5,"worker_id":"2bf13a8c-ed8c-4e1c-ba3b-51e1641b6760-22952117663552","trial_id":14,"param_name":"head_dim","param_value_internal":2,"distribution":"{\"name\": \"CategoricalDistribution\", \"attributes\": {\"choices\": [4, 8, 16, 32, 64]}}"}
{"op_code":8,"worker_id":"2bf13a8c-ed8c-4e1c-ba3b-51e1641b6760-22952117663552","trial_id":14,"user_attr":{"d_model":64}}
{"op_code":5,"worker_id":"2bf13a8c-ed8c-4e1c-ba3b-51e1641b6760-22952117663552","trial_id":14,"param_name":"lr","param_value_internal":0.0013797819349696755,"distribution":"{\"name\": \"FloatDistribution\", \"attributes\": {\"step\": null, \"low\": 1e-06, \"high\": 0.01, \"log\": true}}"}
{"op_code":5,"worker_id":"2bf13a8c-ed8c-4e1c-ba3b-51e1641b6760-22952117663552","trial_id":14,"param_name":"min_lr_ratio","param_value_internal":0.007557298759806184,"distribution":"{\"name\": \"FloatDistribution\", \"attributes\": {\"step\": null, \"low\": 0.0001, \"high\": 0.1, \"log\": true}}"}
{"op_code":5,"worker_id":"2bf13a8c-ed8c-4e1c-ba3b-51e1641b6760-22952117663552","trial_id":14,"param_name":"batch_size","param_value_internal":1,"distribution":"{\"name\": \"CategoricalDistribution\", \"attributes\": {\"choices\": [256, 512, 1024]}}"}
{"op_code":5,"worker_id":"2bf13a8c-ed8c-4e1c-ba3b-51e1641b6760-22952117663552","trial_id":14,"param_name":"weight_decay","param_value_internal":0.04739359855180518,"distribution":"{\"name\": \"FloatDistribution\", \"attributes\": {\"step\": null, \"low\": 0.0, \"high\": 0.3, \"log\": false}}"}
{"op_code":5,"worker_id":"2bf13a8c-ed8c-4e1c-ba3b-51e1641b6760-22952117663552","trial_id":14,"param_name":"beta_1","param_value_internal":0.7674281824157126,"distribution":"{\"name\": \"FloatDistribution\", \"attributes\": {\"step\": null, \"low\": 0.7, \"high\": 1.0, \"log\": false}}"}
{"op_code":5,"worker_id":"2bf13a8c-ed8c-4e1c-ba3b-51e1641b6760-22952117663552","trial_id":14,"param_name":"beta_2","param_value_internal":0.9915585220422521,"distribution":"{\"name\": \"FloatDistribution\", \"attributes\": {\"step\": null, \"low\": 0.9, \"high\": 1.0, \"log\": false}}"}
{"op_code":8,"worker_id":"2bf13a8c-ed8c-4e1c-ba3b-51e1641b6760-22952117663552","trial_id":14,"user_attr":{"min_lr":1.0427424305949305e-05}}
{"op_code":7,"worker_id":"2bf13a8c-ed8c-4e1c-ba3b-51e1641b6760-22952117663552","trial_id":14,"step":0,"intermediate_value":0.8930346241059535}
{"op_code":7,"worker_id":"2bf13a8c-ed8c-4e1c-ba3b-51e1641b6760-22952117663552","trial_id":14,"step":1,"intermediate_value":0.8873850370924102}
{"op_code":7,"worker_id":"2bf13a8c-ed8c-4e1c-ba3b-51e1641b6760-22952117663552","trial_id":14,"step":2,"intermediate_value":0.7962568745918546}
{"op_code":7,"worker_id":"2bf13a8c-ed8c-4e1c-ba3b-51e1641b6760-22952117663552","trial_id":14,"step":3,"intermediate_value":0.7295994216295607}
{"op_code":7,"worker_id":"2bf13a8c-ed8c-4e1c-ba3b-51e1641b6760-22952117663552","trial_id":14,"step":4,"intermediate_value":0.7881658203802641}
{"op_code":7,"worker_id":"2bf13a8c-ed8c-4e1c-ba3b-51e1641b6760-22952117663552","trial_id":14,"step":5,"intermediate_value":0.6236701038525764}
{"op_code":7,"worker_id":"2bf13a8c-ed8c-4e1c-ba3b-51e1641b6760-22952117663552","trial_id":14,"step":6,"intermediate_value":0.6691649607774909}
{"op_code":7,"worker_id":"2bf13a8c-ed8c-4e1c-ba3b-51e1641b6760-22952117663552","trial_id":14,"step":7,"intermediate_value":0.7556764416988776}
{"op_code":7,"worker_id":"2bf13a8c-ed8c-4e1c-ba3b-51e1641b6760-22952117663552","trial_id":14,"step":8,"intermediate_value":0.7279443974172517}
{"op_code":7,"worker_id":"2bf13a8c-ed8c-4e1c-ba3b-51e1641b6760-22952117663552","trial_id":14,"step":9,"intermediate_value":0.7753627291777804}
{"op_code":7,"worker_id":"2bf13a8c-ed8c-4e1c-ba3b-51e1641b6760-22952117663552","trial_id":14,"step":10,"intermediate_value":0.8573692849663794}
{"op_code":7,"worker_id":"2bf13a8c-ed8c-4e1c-ba3b-51e1641b6760-22952117663552","trial_id":14,"step":11,"intermediate_value":0.877452192286721}
{"op_code":7,"worker_id":"2bf13a8c-ed8c-4e1c-ba3b-51e1641b6760-22952117663552","trial_id":14,"step":12,"intermediate_value":0.9150847207184788}
{"op_code":7,"worker_id":"2bf13a8c-ed8c-4e1c-ba3b-51e1641b6760-22952117663552","trial_id":14,"step":13,"intermediate_value":0.8947254245391519}
{"op_code":7,"worker_id":"2bf13a8c-ed8c-4e1c-ba3b-51e1641b6760-22952117663552","trial_id":14,"step":14,"intermediate_value":0.8915648399581547}
{"op_code":7,"worker_id":"2bf13a8c-ed8c-4e1c-ba3b-51e1641b6760-22952117663552","trial_id":14,"step":15,"intermediate_value":0.8946371364140991}
{"op_code":7,"worker_id":"2bf13a8c-ed8c-4e1c-ba3b-51e1641b6760-22952117663552","trial_id":14,"step":16,"intermediate_value":0.8979256739254382}
{"op_code":7,"worker_id":"2bf13a8c-ed8c-4e1c-ba3b-51e1641b6760-22952117663552","trial_id":14,"step":17,"intermediate_value":0.9087710627316015}
{"op_code":7,"worker_id":"2bf13a8c-ed8c-4e1c-ba3b-51e1641b6760-22952117663552","trial_id":14,"step":18,"intermediate_value":0.9088801241005867}
{"op_code":7,"worker_id":"2bf13a8c-ed8c-4e1c-ba3b-51e1641b6760-22952117663552","trial_id":14,"step":19,"intermediate_value":0.898772244634436}
{"op_code":7,"worker_id":"2bf13a8c-ed8c-4e1c-ba3b-51e1641b6760-22952117663552","trial_id":14,"step":20,"intermediate_value":0.8832725014268008}
{"op_code":7,"worker_id":"2bf13a8c-ed8c-4e1c-ba3b-51e1641b6760-22952117663552","trial_id":14,"step":21,"intermediate_value":0.8793465109058122}
{"op_code":7,"worker_id":"2bf13a8c-ed8c-4e1c-ba3b-51e1641b6760-22952117663552","trial_id":14,"step":22,"intermediate_value":0.9106653956331816}
{"op_code":7,"worker_id":"2bf13a8c-ed8c-4e1c-ba3b-51e1641b6760-22952117663552","trial_id":14,"step":23,"intermediate_value":0.9066828721217272}
{"op_code":7,"worker_id":"2bf13a8c-ed8c-4e1c-ba3b-51e1641b6760-22952117663552","trial_id":14,"step":24,"intermediate_value":0.910449538295945}
{"op_code":7,"worker_id":"2bf13a8c-ed8c-4e1c-ba3b-51e1641b6760-22952117663552","trial_id":14,"step":25,"intermediate_value":0.9294468332722801}
{"op_code":7,"worker_id":"2bf13a8c-ed8c-4e1c-ba3b-51e1641b6760-22952117663552","trial_id":14,"step":26,"intermediate_value":0.930837192569339}
{"op_code":7,"worker_id":"2bf13a8c-ed8c-4e1c-ba3b-51e1641b6760-22952117663552","trial_id":14,"step":27,"intermediate_value":0.9041746602363858}
{"op_code":7,"worker_id":"2bf13a8c-ed8c-4e1c-ba3b-51e1641b6760-22952117663552","trial_id":14,"step":28,"intermediate_value":0.8791811485307497}
{"op_code":7,"worker_id":"2bf13a8c-ed8c-4e1c-ba3b-51e1641b6760-22952117663552","trial_id":14,"step":29,"intermediate_value":0.9532847580536404}
{"op_code":7,"worker_id":"2bf13a8c-ed8c-4e1c-ba3b-51e1641b6760-22952117663552","trial_id":14,"step":30,"intermediate_value":0.9409162360436835}
{"op_code":7,"worker_id":"2bf13a8c-ed8c-4e1c-ba3b-51e1641b6760-22952117663552","trial_id":14,"step":31,"intermediate_value":0.9264945455717446}
{"op_code":7,"worker_id":"2bf13a8c-ed8c-4e1c-ba3b-51e1641b6760-22952117663552","trial_id":14,"step":32,"intermediate_value":0.9237429101554807}
{"op_code":7,"worker_id":"2bf13a8c-ed8c-4e1c-ba3b-51e1641b6760-22952117663552","trial_id":14,"step":33,"intermediate_value":0.9206407650651174}
{"op_code":7,"worker_id":"2bf13a8c-ed8c-4e1c-ba3b-51e1641b6760-22952117663552","trial_id":14,"step":34,"intermediate_value":0.9152253491457105}
{"op_code":7,"worker_id":"2bf13a8c-ed8c-4e1c-ba3b-51e1641b6760-22952117663552","trial_id":14,"step":35,"intermediate_value":0.9186242987111228}
{"op_code":7,"worker_id":"2bf13a8c-ed8c-4e1c-ba3b-51e1641b6760-22952117663552","trial_id":14,"step":36,"intermediate_value":0.9175867962950348}
{"op_code":7,"worker_id":"2bf13a8c-ed8c-4e1c-ba3b-51e1641b6760-22952117663552","trial_id":14,"step":37,"intermediate_value":0.9156156419152184}
{"op_code":7,"worker_id":"2bf13a8c-ed8c-4e1c-ba3b-51e1641b6760-22952117663552","trial_id":14,"step":38,"intermediate_value":0.9159447007049162}
{"op_code":7,"worker_id":"2bf13a8c-ed8c-4e1c-ba3b-51e1641b6760-22952117663552","trial_id":14,"step":39,"intermediate_value":0.9153042023433626}
{"op_code":7,"worker_id":"2bf13a8c-ed8c-4e1c-ba3b-51e1641b6760-22952117663552","trial_id":14,"step":40,"intermediate_value":0.9153160471226114}
{"op_code":7,"worker_id":"2bf13a8c-ed8c-4e1c-ba3b-51e1641b6760-22952117663552","trial_id":14,"step":41,"intermediate_value":0.9153788629234332}
{"op_code":7,"worker_id":"2bf13a8c-ed8c-4e1c-ba3b-51e1641b6760-22952117663552","trial_id":14,"step":42,"intermediate_value":0.9151979846038004}
{"op_code":7,"worker_id":"2bf13a8c-ed8c-4e1c-ba3b-51e1641b6760-22952117663552","trial_id":14,"step":43,"intermediate_value":0.9154347549695279}
{"op_code":7,"worker_id":"2bf13a8c-ed8c-4e1c-ba3b-51e1641b6760-22952117663552","trial_id":14,"step":44,"intermediate_value":0.9151941622703526}
{"op_code":7,"worker_id":"2bf13a8c-ed8c-4e1c-ba3b-51e1641b6760-22952117663552","trial_id":14,"step":45,"intermediate_value":0.9150247947884058}
{"op_code":7,"worker_id":"2bf13a8c-ed8c-4e1c-ba3b-51e1641b6760-22952117663552","trial_id":14,"step":46,"intermediate_value":0.9151793142089074}
{"op_code":7,"worker_id":"2bf13a8c-ed8c-4e1c-ba3b-51e1641b6760-22952117663552","trial_id":14,"step":47,"intermediate_value":0.9152898195233916}
{"op_code":7,"worker_id":"2bf13a8c-ed8c-4e1c-ba3b-51e1641b6760-22952117663552","trial_id":14,"step":48,"intermediate_value":0.9153748873714026}
{"op_code":7,"worker_id":"2bf13a8c-ed8c-4e1c-ba3b-51e1641b6760-22952117663552","trial_id":14,"step":49,"intermediate_value":0.9156519325885343}
{"op_code":7,"worker_id":"2bf13a8c-ed8c-4e1c-ba3b-51e1641b6760-22952117663552","trial_id":14,"step":50,"intermediate_value":0.9154403493214898}
{"op_code":7,"worker_id":"2bf13a8c-ed8c-4e1c-ba3b-51e1641b6760-22952117663552","trial_id":14,"step":51,"intermediate_value":0.9153857153364207}
{"op_code":7,"worker_id":"2bf13a8c-ed8c-4e1c-ba3b-51e1641b6760-22952117663552","trial_id":14,"step":52,"intermediate_value":0.9156800707888348}
{"op_code":7,"worker_id":"2bf13a8c-ed8c-4e1c-ba3b-51e1641b6760-22952117663552","trial_id":14,"step":53,"intermediate_value":0.9154078936378868}
{"op_code":7,"worker_id":"2bf13a8c-ed8c-4e1c-ba3b-51e1641b6760-22952117663552","trial_id":14,"step":54,"intermediate_value":0.9153544563415636}
{"op_code":7,"worker_id":"2bf13a8c-ed8c-4e1c-ba3b-51e1641b6760-22952117663552","trial_id":14,"step":55,"intermediate_value":0.9154359293153702}
{"op_code":7,"worker_id":"2bf13a8c-ed8c-4e1c-ba3b-51e1641b6760-22952117663552","trial_id":14,"step":56,"intermediate_value":0.9153383674005031}
{"op_code":7,"worker_id":"2bf13a8c-ed8c-4e1c-ba3b-51e1641b6760-22952117663552","trial_id":14,"step":57,"intermediate_value":0.9157520608969855}
{"op_code":7,"worker_id":"2bf13a8c-ed8c-4e1c-ba3b-51e1641b6760-22952117663552","trial_id":14,"step":58,"intermediate_value":0.915517721170491}
{"op_code":7,"worker_id":"2bf13a8c-ed8c-4e1c-ba3b-51e1641b6760-22952117663552","trial_id":14,"step":59,"intermediate_value":0.9156458778737703}
{"op_code":7,"worker_id":"2bf13a8c-ed8c-4e1c-ba3b-51e1641b6760-22952117663552","trial_id":14,"step":60,"intermediate_value":0.9153076459787353}
{"op_code":7,"worker_id":"2bf13a8c-ed8c-4e1c-ba3b-51e1641b6760-22952117663552","trial_id":14,"step":61,"intermediate_value":0.9154191367142566}
{"op_code":7,"worker_id":"2bf13a8c-ed8c-4e1c-ba3b-51e1641b6760-22952117663552","trial_id":14,"step":62,"intermediate_value":0.9155351265752302}
{"op_code":7,"worker_id":"2bf13a8c-ed8c-4e1c-ba3b-51e1641b6760-22952117663552","trial_id":14,"step":63,"intermediate_value":0.9152226751385211}
{"op_code":7,"worker_id":"2bf13a8c-ed8c-4e1c-ba3b-51e1641b6760-22952117663552","trial_id":14,"step":64,"intermediate_value":0.915849585125879}
{"op_code":7,"worker_id":"2bf13a8c-ed8c-4e1c-ba3b-51e1641b6760-22952117663552","trial_id":14,"step":65,"intermediate_value":0.9153377380518161}
{"op_code":7,"worker_id":"2bf13a8c-ed8c-4e1c-ba3b-51e1641b6760-22952117663552","trial_id":14,"step":66,"intermediate_value":0.9154212056247082}
{"op_code":7,"worker_id":"2bf13a8c-ed8c-4e1c-ba3b-51e1641b6760-22952117663552","trial_id":14,"step":67,"intermediate_value":0.9154447463483573}
{"op_code":7,"worker_id":"2bf13a8c-ed8c-4e1c-ba3b-51e1641b6760-22952117663552","trial_id":14,"step":68,"intermediate_value":0.9154477388833341}
{"op_code":7,"worker_id":"2bf13a8c-ed8c-4e1c-ba3b-51e1641b6760-22952117663552","trial_id":14,"step":69,"intermediate_value":0.9154324753570104}
{"op_code":7,"worker_id":"2bf13a8c-ed8c-4e1c-ba3b-51e1641b6760-22952117663552","trial_id":14,"step":70,"intermediate_value":0.915260721214584}
{"op_code":7,"worker_id":"2bf13a8c-ed8c-4e1c-ba3b-51e1641b6760-22952117663552","trial_id":14,"step":71,"intermediate_value":0.9154031659926101}
{"op_code":7,"worker_id":"2bf13a8c-ed8c-4e1c-ba3b-51e1641b6760-22952117663552","trial_id":14,"step":72,"intermediate_value":0.9155362496596638}
{"op_code":7,"worker_id":"2bf13a8c-ed8c-4e1c-ba3b-51e1641b6760-22952117663552","trial_id":14,"step":73,"intermediate_value":0.9156891770775774}
{"op_code":7,"worker_id":"2bf13a8c-ed8c-4e1c-ba3b-51e1641b6760-22952117663552","trial_id":14,"step":74,"intermediate_value":0.9155970652049688}
{"op_code":7,"worker_id":"2bf13a8c-ed8c-4e1c-ba3b-51e1641b6760-22952117663552","trial_id":14,"step":75,"intermediate_value":0.9156533487468145}
{"op_code":7,"worker_id":"2bf13a8c-ed8c-4e1c-ba3b-51e1641b6760-22952117663552","trial_id":14,"step":76,"intermediate_value":0.9152540421005104}
{"op_code":7,"worker_id":"2bf13a8c-ed8c-4e1c-ba3b-51e1641b6760-22952117663552","trial_id":14,"step":77,"intermediate_value":0.9158513742550978}
{"op_code":7,"worker_id":"2bf13a8c-ed8c-4e1c-ba3b-51e1641b6760-22952117663552","trial_id":14,"step":78,"intermediate_value":0.9155018685268479}
{"op_code":7,"worker_id":"2bf13a8c-ed8c-4e1c-ba3b-51e1641b6760-22952117663552","trial_id":14,"step":79,"intermediate_value":0.9154442733999956}
{"op_code":7,"worker_id":"2bf13a8c-ed8c-4e1c-ba3b-51e1641b6760-22952117663552","trial_id":14,"step":80,"intermediate_value":0.9153153296043016}
{"op_code":9,"worker_id":"2bf13a8c-ed8c-4e1c-ba3b-51e1641b6760-22952117663552","trial_id":14,"system_attr":{"completed_rung_0":0.9153153296043016}}
{"op_code":6,"worker_id":"2bf13a8c-ed8c-4e1c-ba3b-51e1641b6760-22952117663552","trial_id":14,"state":2,"values":[0.9153153296043016],"datetime_complete":"2025-12-22T23:13:55.656680"}
{"op_code":4,"worker_id":"2bf13a8c-ed8c-4e1c-ba3b-51e1641b6760-22952117663552","study_id":0,"datetime_start":"2025-12-22T23:13:55.657046"}
{"op_code":5,"worker_id":"2bf13a8c-ed8c-4e1c-ba3b-51e1641b6760-22952117663552","trial_id":15,"param_name":"n_layers","param_value_internal":55.0,"distribution":"{\"name\": \"IntDistribution\", \"attributes\": {\"log\": false, \"step\": 1, \"low\": 2, \"high\": 64}}"}
{"op_code":5,"worker_id":"2bf13a8c-ed8c-4e1c-ba3b-51e1641b6760-22952117663552","trial_id":15,"param_name":"n_heads","param_value_internal":1,"distribution":"{\"name\": \"CategoricalDistribution\", \"attributes\": {\"choices\": [2, 4, 8, 16, 32]}}"}
{"op_code":5,"worker_id":"2bf13a8c-ed8c-4e1c-ba3b-51e1641b6760-22952117663552","trial_id":15,"param_name":"head_dim","param_value_internal":2,"distribution":"{\"name\": \"CategoricalDistribution\", \"attributes\": {\"choices\": [4, 8, 16, 32, 64]}}"}
{"op_code":8,"worker_id":"2bf13a8c-ed8c-4e1c-ba3b-51e1641b6760-22952117663552","trial_id":15,"user_attr":{"d_model":64}}
{"op_code":5,"worker_id":"2bf13a8c-ed8c-4e1c-ba3b-51e1641b6760-22952117663552","trial_id":15,"param_name":"lr","param_value_internal":0.0006112720420293101,"distribution":"{\"name\": \"FloatDistribution\", \"attributes\": {\"step\": null, \"low\": 1e-06, \"high\": 0.01, \"log\": true}}"}
{"op_code":5,"worker_id":"2bf13a8c-ed8c-4e1c-ba3b-51e1641b6760-22952117663552","trial_id":15,"param_name":"min_lr_ratio","param_value_internal":0.0006756668528373757,"distribution":"{\"name\": \"FloatDistribution\", \"attributes\": {\"step\": null, \"low\": 0.0001, \"high\": 0.1, \"log\": true}}"}
{"op_code":5,"worker_id":"2bf13a8c-ed8c-4e1c-ba3b-51e1641b6760-22952117663552","trial_id":15,"param_name":"batch_size","param_value_internal":1,"distribution":"{\"name\": \"CategoricalDistribution\", \"attributes\": {\"choices\": [256, 512, 1024]}}"}
{"op_code":5,"worker_id":"2bf13a8c-ed8c-4e1c-ba3b-51e1641b6760-22952117663552","trial_id":15,"param_name":"weight_decay","param_value_internal":0.2938276775318234,"distribution":"{\"name\": \"FloatDistribution\", \"attributes\": {\"step\": null, \"low\": 0.0, \"high\": 0.3, \"log\": false}}"}
{"op_code":5,"worker_id":"2bf13a8c-ed8c-4e1c-ba3b-51e1641b6760-22952117663552","trial_id":15,"param_name":"beta_1","param_value_internal":0.7928253700980605,"distribution":"{\"name\": \"FloatDistribution\", \"attributes\": {\"step\": null, \"low\": 0.7, \"high\": 1.0, \"log\": false}}"}
{"op_code":5,"worker_id":"2bf13a8c-ed8c-4e1c-ba3b-51e1641b6760-22952117663552","trial_id":15,"param_name":"beta_2","param_value_internal":0.9580785832316798,"distribution":"{\"name\": \"FloatDistribution\", \"attributes\": {\"step\": null, \"low\": 0.9, \"high\": 1.0, \"log\": false}}"}
{"op_code":8,"worker_id":"2bf13a8c-ed8c-4e1c-ba3b-51e1641b6760-22952117663552","trial_id":15,"user_attr":{"min_lr":4.1301625686542e-07}}
{"op_code":7,"worker_id":"2bf13a8c-ed8c-4e1c-ba3b-51e1641b6760-22952117663552","trial_id":15,"step":0,"intermediate_value":1.1096047059779772}
{"op_code":7,"worker_id":"2bf13a8c-ed8c-4e1c-ba3b-51e1641b6760-22952117663552","trial_id":15,"step":1,"intermediate_value":0.9187596791013987}
{"op_code":7,"worker_id":"2bf13a8c-ed8c-4e1c-ba3b-51e1641b6760-22952117663552","trial_id":15,"step":2,"intermediate_value":0.8985360038520885}
{"op_code":7,"worker_id":"2bf13a8c-ed8c-4e1c-ba3b-51e1641b6760-22952117663552","trial_id":15,"step":3,"intermediate_value":0.8632984456218434}
{"op_code":7,"worker_id":"2bf13a8c-ed8c-4e1c-ba3b-51e1641b6760-22952117663552","trial_id":15,"step":4,"intermediate_value":0.8433420537912407}
{"op_code":7,"worker_id":"2bf13a8c-ed8c-4e1c-ba3b-51e1641b6760-22952117663552","trial_id":15,"step":5,"intermediate_value":0.7604324576552087}
{"op_code":7,"worker_id":"2bf13a8c-ed8c-4e1c-ba3b-51e1641b6760-22952117663552","trial_id":15,"step":6,"intermediate_value":0.7568508003388719}
{"op_code":7,"worker_id":"2bf13a8c-ed8c-4e1c-ba3b-51e1641b6760-22952117663552","trial_id":15,"step":7,"intermediate_value":0.7021482909984295}
{"op_code":7,"worker_id":"2bf13a8c-ed8c-4e1c-ba3b-51e1641b6760-22952117663552","trial_id":15,"step":8,"intermediate_value":0.732219921453709}
{"op_code":7,"worker_id":"2bf13a8c-ed8c-4e1c-ba3b-51e1641b6760-22952117663552","trial_id":15,"step":9,"intermediate_value":0.7582521510718132}
{"op_code":7,"worker_id":"2bf13a8c-ed8c-4e1c-ba3b-51e1641b6760-22952117663552","trial_id":15,"step":10,"intermediate_value":0.8071966120356767}
{"op_code":7,"worker_id":"2bf13a8c-ed8c-4e1c-ba3b-51e1641b6760-22952117663552","trial_id":15,"step":11,"intermediate_value":0.8522211122343124}
{"op_code":7,"worker_id":"2bf13a8c-ed8c-4e1c-ba3b-51e1641b6760-22952117663552","trial_id":15,"step":12,"intermediate_value":0.900890851925842}
{"op_code":7,"worker_id":"2bf13a8c-ed8c-4e1c-ba3b-51e1641b6760-22952117663552","trial_id":15,"step":13,"intermediate_value":0.9098979323784228}
{"op_code":7,"worker_id":"2bf13a8c-ed8c-4e1c-ba3b-51e1641b6760-22952117663552","trial_id":15,"step":14,"intermediate_value":0.9144768102596097}
{"op_code":7,"worker_id":"2bf13a8c-ed8c-4e1c-ba3b-51e1641b6760-22952117663552","trial_id":15,"step":15,"intermediate_value":0.9201821300907067}
{"op_code":7,"worker_id":"2bf13a8c-ed8c-4e1c-ba3b-51e1641b6760-22952117663552","trial_id":15,"step":16,"intermediate_value":0.9148083077489552}
{"op_code":7,"worker_id":"2bf13a8c-ed8c-4e1c-ba3b-51e1641b6760-22952117663552","trial_id":15,"step":17,"intermediate_value":0.9136890356792391}
{"op_code":7,"worker_id":"2bf13a8c-ed8c-4e1c-ba3b-51e1641b6760-22952117663552","trial_id":15,"step":18,"intermediate_value":0.9224615451279908}
{"op_code":7,"worker_id":"2bf13a8c-ed8c-4e1c-ba3b-51e1641b6760-22952117663552","trial_id":15,"step":19,"intermediate_value":0.9168374642358555}
{"op_code":7,"worker_id":"2bf13a8c-ed8c-4e1c-ba3b-51e1641b6760-22952117663552","trial_id":15,"step":20,"intermediate_value":0.9203347019312079}
{"op_code":9,"worker_id":"2bf13a8c-ed8c-4e1c-ba3b-51e1641b6760-22952117663552","trial_id":15,"system_attr":{"completed_rung_0":0.9203347019312079}}
{"op_code":6,"worker_id":"2bf13a8c-ed8c-4e1c-ba3b-51e1641b6760-22952117663552","trial_id":15,"state":2,"values":[0.9203347019312079],"datetime_complete":"2025-12-22T23:16:36.237251"}
{"op_code":4,"worker_id":"2bf13a8c-ed8c-4e1c-ba3b-51e1641b6760-22952117663552","study_id":0,"datetime_start":"2025-12-22T23:16:36.237609"}
{"op_code":5,"worker_id":"2bf13a8c-ed8c-4e1c-ba3b-51e1641b6760-22952117663552","trial_id":16,"param_name":"n_layers","param_value_internal":42.0,"distribution":"{\"name\": \"IntDistribution\", \"attributes\": {\"log\": false, \"step\": 1, \"low\": 2, \"high\": 64}}"}
{"op_code":5,"worker_id":"2bf13a8c-ed8c-4e1c-ba3b-51e1641b6760-22952117663552","trial_id":16,"param_name":"n_heads","param_value_internal":1,"distribution":"{\"name\": \"CategoricalDistribution\", \"attributes\": {\"choices\": [2, 4, 8, 16, 32]}}"}
{"op_code":5,"worker_id":"2bf13a8c-ed8c-4e1c-ba3b-51e1641b6760-22952117663552","trial_id":16,"param_name":"head_dim","param_value_internal":2,"distribution":"{\"name\": \"CategoricalDistribution\", \"attributes\": {\"choices\": [4, 8, 16, 32, 64]}}"}
{"op_code":8,"worker_id":"2bf13a8c-ed8c-4e1c-ba3b-51e1641b6760-22952117663552","trial_id":16,"user_attr":{"d_model":64}}
{"op_code":5,"worker_id":"2bf13a8c-ed8c-4e1c-ba3b-51e1641b6760-22952117663552","trial_id":16,"param_name":"lr","param_value_internal":0.0034177493841448295,"distribution":"{\"name\": \"FloatDistribution\", \"attributes\": {\"step\": null, \"low\": 1e-06, \"high\": 0.01, \"log\": true}}"}
{"op_code":5,"worker_id":"2bf13a8c-ed8c-4e1c-ba3b-51e1641b6760-22952117663552","trial_id":16,"param_name":"min_lr_ratio","param_value_internal":0.004870107762232095,"distribution":"{\"name\": \"FloatDistribution\", \"attributes\": {\"step\": null, \"low\": 0.0001, \"high\": 0.1, \"log\": true}}"}
{"op_code":5,"worker_id":"2bf13a8c-ed8c-4e1c-ba3b-51e1641b6760-22952117663552","trial_id":16,"param_name":"batch_size","param_value_internal":1,"distribution":"{\"name\": \"CategoricalDistribution\", \"attributes\": {\"choices\": [256, 512, 1024]}}"}
{"op_code":5,"worker_id":"2bf13a8c-ed8c-4e1c-ba3b-51e1641b6760-22952117663552","trial_id":16,"param_name":"weight_decay","param_value_internal":0.00014353172540435867,"distribution":"{\"name\": \"FloatDistribution\", \"attributes\": {\"step\": null, \"low\": 0.0, \"high\": 0.3, \"log\": false}}"}
{"op_code":5,"worker_id":"2bf13a8c-ed8c-4e1c-ba3b-51e1641b6760-22952117663552","trial_id":16,"param_name":"beta_1","param_value_internal":0.7290531114365738,"distribution":"{\"name\": \"FloatDistribution\", \"attributes\": {\"step\": null, \"low\": 0.7, \"high\": 1.0, \"log\": false}}"}
{"op_code":5,"worker_id":"2bf13a8c-ed8c-4e1c-ba3b-51e1641b6760-22952117663552","trial_id":16,"param_name":"beta_2","param_value_internal":0.9858229953640858,"distribution":"{\"name\": \"FloatDistribution\", \"attributes\": {\"step\": null, \"low\": 0.9, \"high\": 1.0, \"log\": false}}"}
{"op_code":8,"worker_id":"2bf13a8c-ed8c-4e1c-ba3b-51e1641b6760-22952117663552","trial_id":16,"user_attr":{"min_lr":1.66448078050877e-05}}
{"op_code":7,"worker_id":"2bf13a8c-ed8c-4e1c-ba3b-51e1641b6760-22952117663552","trial_id":16,"step":0,"intermediate_value":0.642947863500172}
{"op_code":7,"worker_id":"2bf13a8c-ed8c-4e1c-ba3b-51e1641b6760-22952117663552","trial_id":16,"step":1,"intermediate_value":0.48303607714275165}
{"op_code":7,"worker_id":"2bf13a8c-ed8c-4e1c-ba3b-51e1641b6760-22952117663552","trial_id":16,"step":2,"intermediate_value":0.5185103692900951}
{"op_code":7,"worker_id":"2bf13a8c-ed8c-4e1c-ba3b-51e1641b6760-22952117663552","trial_id":16,"step":3,"intermediate_value":0.5131412387106342}
{"op_code":7,"worker_id":"2bf13a8c-ed8c-4e1c-ba3b-51e1641b6760-22952117663552","trial_id":16,"step":4,"intermediate_value":0.4536391696047528}
{"op_code":7,"worker_id":"2bf13a8c-ed8c-4e1c-ba3b-51e1641b6760-22952117663552","trial_id":16,"step":5,"intermediate_value":0.5254357409081284}
{"op_code":7,"worker_id":"2bf13a8c-ed8c-4e1c-ba3b-51e1641b6760-22952117663552","trial_id":16,"step":6,"intermediate_value":0.4610702355137075}
{"op_code":7,"worker_id":"2bf13a8c-ed8c-4e1c-ba3b-51e1641b6760-22952117663552","trial_id":16,"step":7,"intermediate_value":0.5050353120795914}
{"op_code":7,"worker_id":"2bf13a8c-ed8c-4e1c-ba3b-51e1641b6760-22952117663552","trial_id":16,"step":8,"intermediate_value":0.46718660856056893}
{"op_code":7,"worker_id":"2bf13a8c-ed8c-4e1c-ba3b-51e1641b6760-22952117663552","trial_id":16,"step":9,"intermediate_value":0.47661206522163263}
{"op_code":7,"worker_id":"2bf13a8c-ed8c-4e1c-ba3b-51e1641b6760-22952117663552","trial_id":16,"step":10,"intermediate_value":0.4819801927037086}
{"op_code":7,"worker_id":"2bf13a8c-ed8c-4e1c-ba3b-51e1641b6760-22952117663552","trial_id":16,"step":11,"intermediate_value":0.502839499379675}
{"op_code":7,"worker_id":"2bf13a8c-ed8c-4e1c-ba3b-51e1641b6760-22952117663552","trial_id":16,"step":12,"intermediate_value":0.5282904865620116}
{"op_code":7,"worker_id":"2bf13a8c-ed8c-4e1c-ba3b-51e1641b6760-22952117663552","trial_id":16,"step":13,"intermediate_value":0.5127269414254637}
{"op_code":7,"worker_id":"2bf13a8c-ed8c-4e1c-ba3b-51e1641b6760-22952117663552","trial_id":16,"step":14,"intermediate_value":0.5210531908987821}
{"op_code":7,"worker_id":"2bf13a8c-ed8c-4e1c-ba3b-51e1641b6760-22952117663552","trial_id":16,"step":15,"intermediate_value":0.5034960074215455}
{"op_code":7,"worker_id":"2bf13a8c-ed8c-4e1c-ba3b-51e1641b6760-22952117663552","trial_id":16,"step":16,"intermediate_value":0.4756746236964053}
{"op_code":7,"worker_id":"2bf13a8c-ed8c-4e1c-ba3b-51e1641b6760-22952117663552","trial_id":16,"step":17,"intermediate_value":0.4850964747360451}
{"op_code":7,"worker_id":"2bf13a8c-ed8c-4e1c-ba3b-51e1641b6760-22952117663552","trial_id":16,"step":18,"intermediate_value":0.5287590855522654}
{"op_code":7,"worker_id":"2bf13a8c-ed8c-4e1c-ba3b-51e1641b6760-22952117663552","trial_id":16,"step":19,"intermediate_value":0.520237961450364}
{"op_code":7,"worker_id":"2bf13a8c-ed8c-4e1c-ba3b-51e1641b6760-22952117663552","trial_id":16,"step":20,"intermediate_value":0.4870203852936325}
{"op_code":9,"worker_id":"2bf13a8c-ed8c-4e1c-ba3b-51e1641b6760-22952117663552","trial_id":16,"system_attr":{"completed_rung_0":0.4870203852936325}}
{"op_code":7,"worker_id":"2bf13a8c-ed8c-4e1c-ba3b-51e1641b6760-22952117663552","trial_id":16,"step":21,"intermediate_value":0.4797919687780763}
{"op_code":7,"worker_id":"2bf13a8c-ed8c-4e1c-ba3b-51e1641b6760-22952117663552","trial_id":16,"step":22,"intermediate_value":0.5241239496538789}
{"op_code":7,"worker_id":"2bf13a8c-ed8c-4e1c-ba3b-51e1641b6760-22952117663552","trial_id":16,"step":23,"intermediate_value":0.45970817198391345}
{"op_code":7,"worker_id":"2bf13a8c-ed8c-4e1c-ba3b-51e1641b6760-22952117663552","trial_id":16,"step":24,"intermediate_value":0.4365979062916969}
{"op_code":7,"worker_id":"2bf13a8c-ed8c-4e1c-ba3b-51e1641b6760-22952117663552","trial_id":16,"step":25,"intermediate_value":0.46920879003133353}
{"op_code":7,"worker_id":"2bf13a8c-ed8c-4e1c-ba3b-51e1641b6760-22952117663552","trial_id":16,"step":26,"intermediate_value":0.46746159971538104}
{"op_code":7,"worker_id":"2bf13a8c-ed8c-4e1c-ba3b-51e1641b6760-22952117663552","trial_id":16,"step":27,"intermediate_value":0.5461444741607703}
{"op_code":7,"worker_id":"2bf13a8c-ed8c-4e1c-ba3b-51e1641b6760-22952117663552","trial_id":16,"step":28,"intermediate_value":0.49333448306804306}
{"op_code":7,"worker_id":"2bf13a8c-ed8c-4e1c-ba3b-51e1641b6760-22952117663552","trial_id":16,"step":29,"intermediate_value":0.48480739054730776}
{"op_code":7,"worker_id":"2bf13a8c-ed8c-4e1c-ba3b-51e1641b6760-22952117663552","trial_id":16,"step":30,"intermediate_value":0.5217283595074963}
{"op_code":7,"worker_id":"2bf13a8c-ed8c-4e1c-ba3b-51e1641b6760-22952117663552","trial_id":16,"step":31,"intermediate_value":0.4770557500713661}
{"op_code":7,"worker_id":"2bf13a8c-ed8c-4e1c-ba3b-51e1641b6760-22952117663552","trial_id":16,"step":32,"intermediate_value":0.4415053990741359}
{"op_code":7,"worker_id":"2bf13a8c-ed8c-4e1c-ba3b-51e1641b6760-22952117663552","trial_id":16,"step":33,"intermediate_value":0.4580569381108629}
{"op_code":7,"worker_id":"2bf13a8c-ed8c-4e1c-ba3b-51e1641b6760-22952117663552","trial_id":16,"step":34,"intermediate_value":0.46567458154750746}
{"op_code":7,"worker_id":"2bf13a8c-ed8c-4e1c-ba3b-51e1641b6760-22952117663552","trial_id":16,"step":35,"intermediate_value":0.4928518590978032}
{"op_code":7,"worker_id":"2bf13a8c-ed8c-4e1c-ba3b-51e1641b6760-22952117663552","trial_id":16,"step":36,"intermediate_value":0.4800194411020403}
{"op_code":7,"worker_id":"2bf13a8c-ed8c-4e1c-ba3b-51e1641b6760-22952117663552","trial_id":16,"step":37,"intermediate_value":0.4966532106501352}
{"op_code":7,"worker_id":"2bf13a8c-ed8c-4e1c-ba3b-51e1641b6760-22952117663552","trial_id":16,"step":38,"intermediate_value":0.4953034680650469}
{"op_code":7,"worker_id":"2bf13a8c-ed8c-4e1c-ba3b-51e1641b6760-22952117663552","trial_id":16,"step":39,"intermediate_value":0.47671208563365686}
{"op_code":7,"worker_id":"2bf13a8c-ed8c-4e1c-ba3b-51e1641b6760-22952117663552","trial_id":16,"step":40,"intermediate_value":0.4756068014589493}
{"op_code":9,"worker_id":"2bf13a8c-ed8c-4e1c-ba3b-51e1641b6760-22952117663552","trial_id":16,"system_attr":{"completed_rung_1":0.4756068014589493}}
{"op_code":7,"worker_id":"2bf13a8c-ed8c-4e1c-ba3b-51e1641b6760-22952117663552","trial_id":16,"step":41,"intermediate_value":0.4918284091660985}
{"op_code":7,"worker_id":"2bf13a8c-ed8c-4e1c-ba3b-51e1641b6760-22952117663552","trial_id":16,"step":42,"intermediate_value":0.4949631008318452}
{"op_code":7,"worker_id":"2bf13a8c-ed8c-4e1c-ba3b-51e1641b6760-22952117663552","trial_id":16,"step":43,"intermediate_value":0.4587219356076432}
{"op_code":7,"worker_id":"2bf13a8c-ed8c-4e1c-ba3b-51e1641b6760-22952117663552","trial_id":16,"step":44,"intermediate_value":0.49519057980211606}
{"op_code":7,"worker_id":"2bf13a8c-ed8c-4e1c-ba3b-51e1641b6760-22952117663552","trial_id":16,"step":45,"intermediate_value":0.4637685275304077}
{"op_code":7,"worker_id":"2bf13a8c-ed8c-4e1c-ba3b-51e1641b6760-22952117663552","trial_id":16,"step":46,"intermediate_value":0.47528727177623326}
{"op_code":7,"worker_id":"2bf13a8c-ed8c-4e1c-ba3b-51e1641b6760-22952117663552","trial_id":16,"step":47,"intermediate_value":0.47051814230311384}
{"op_code":7,"worker_id":"2bf13a8c-ed8c-4e1c-ba3b-51e1641b6760-22952117663552","trial_id":16,"step":48,"intermediate_value":0.4999556583159052}
{"op_code":7,"worker_id":"2bf13a8c-ed8c-4e1c-ba3b-51e1641b6760-22952117663552","trial_id":16,"step":49,"intermediate_value":0.48753872856692204}
{"op_code":7,"worker_id":"2bf13a8c-ed8c-4e1c-ba3b-51e1641b6760-22952117663552","trial_id":16,"step":50,"intermediate_value":0.4864459001013958}
{"op_code":7,"worker_id":"2bf13a8c-ed8c-4e1c-ba3b-51e1641b6760-22952117663552","trial_id":16,"step":51,"intermediate_value":0.4595654807622464}
{"op_code":7,"worker_id":"2bf13a8c-ed8c-4e1c-ba3b-51e1641b6760-22952117663552","trial_id":16,"step":52,"intermediate_value":0.5020897979555322}
{"op_code":7,"worker_id":"2bf13a8c-ed8c-4e1c-ba3b-51e1641b6760-22952117663552","trial_id":16,"step":53,"intermediate_value":0.528600981403783}
{"op_code":7,"worker_id":"2bf13a8c-ed8c-4e1c-ba3b-51e1641b6760-22952117663552","trial_id":16,"step":54,"intermediate_value":0.4375085233934975}
{"op_code":7,"worker_id":"2bf13a8c-ed8c-4e1c-ba3b-51e1641b6760-22952117663552","trial_id":16,"step":55,"intermediate_value":0.472647371170501}
{"op_code":7,"worker_id":"2bf13a8c-ed8c-4e1c-ba3b-51e1641b6760-22952117663552","trial_id":16,"step":56,"intermediate_value":0.46644158726768}
{"op_code":7,"worker_id":"2bf13a8c-ed8c-4e1c-ba3b-51e1641b6760-22952117663552","trial_id":16,"step":57,"intermediate_value":0.4891382309465646}
{"op_code":7,"worker_id":"2bf13a8c-ed8c-4e1c-ba3b-51e1641b6760-22952117663552","trial_id":16,"step":58,"intermediate_value":0.5091436352594043}
{"op_code":7,"worker_id":"2bf13a8c-ed8c-4e1c-ba3b-51e1641b6760-22952117663552","trial_id":16,"step":59,"intermediate_value":0.5011110863651669}
{"op_code":7,"worker_id":"2bf13a8c-ed8c-4e1c-ba3b-51e1641b6760-22952117663552","trial_id":16,"step":60,"intermediate_value":0.48252862660061846}
{"op_code":7,"worker_id":"2bf13a8c-ed8c-4e1c-ba3b-51e1641b6760-22952117663552","trial_id":16,"step":61,"intermediate_value":0.4744270988347833}
{"op_code":7,"worker_id":"2bf13a8c-ed8c-4e1c-ba3b-51e1641b6760-22952117663552","trial_id":16,"step":62,"intermediate_value":0.4733991169703247}
{"op_code":7,"worker_id":"2bf13a8c-ed8c-4e1c-ba3b-51e1641b6760-22952117663552","trial_id":16,"step":63,"intermediate_value":0.48921583166891713}
{"op_code":7,"worker_id":"2bf13a8c-ed8c-4e1c-ba3b-51e1641b6760-22952117663552","trial_id":16,"step":64,"intermediate_value":0.5208435252326522}
{"op_code":7,"worker_id":"2bf13a8c-ed8c-4e1c-ba3b-51e1641b6760-22952117663552","trial_id":16,"step":65,"intermediate_value":0.468518978972452}
{"op_code":7,"worker_id":"2bf13a8c-ed8c-4e1c-ba3b-51e1641b6760-22952117663552","trial_id":16,"step":66,"intermediate_value":0.5333835136140934}
{"op_code":7,"worker_id":"2bf13a8c-ed8c-4e1c-ba3b-51e1641b6760-22952117663552","trial_id":16,"step":67,"intermediate_value":0.49009253556618065}
{"op_code":7,"worker_id":"2bf13a8c-ed8c-4e1c-ba3b-51e1641b6760-22952117663552","trial_id":16,"step":68,"intermediate_value":0.48338752857730904}
{"op_code":7,"worker_id":"2bf13a8c-ed8c-4e1c-ba3b-51e1641b6760-22952117663552","trial_id":16,"step":69,"intermediate_value":0.48331733049729825}
{"op_code":7,"worker_id":"2bf13a8c-ed8c-4e1c-ba3b-51e1641b6760-22952117663552","trial_id":16,"step":70,"intermediate_value":0.5195021832965022}
{"op_code":7,"worker_id":"2bf13a8c-ed8c-4e1c-ba3b-51e1641b6760-22952117663552","trial_id":16,"step":71,"intermediate_value":0.5310482480347792}
{"op_code":7,"worker_id":"2bf13a8c-ed8c-4e1c-ba3b-51e1641b6760-22952117663552","trial_id":16,"step":72,"intermediate_value":0.4742440334559901}
{"op_code":7,"worker_id":"2bf13a8c-ed8c-4e1c-ba3b-51e1641b6760-22952117663552","trial_id":16,"step":73,"intermediate_value":0.5000373313152634}
{"op_code":7,"worker_id":"2bf13a8c-ed8c-4e1c-ba3b-51e1641b6760-22952117663552","trial_id":16,"step":74,"intermediate_value":0.47020645254023136}
{"op_code":7,"worker_id":"2bf13a8c-ed8c-4e1c-ba3b-51e1641b6760-22952117663552","trial_id":16,"step":75,"intermediate_value":0.44547512650065574}
{"op_code":7,"worker_id":"2bf13a8c-ed8c-4e1c-ba3b-51e1641b6760-22952117663552","trial_id":16,"step":76,"intermediate_value":0.47889564629127124}
{"op_code":7,"worker_id":"2bf13a8c-ed8c-4e1c-ba3b-51e1641b6760-22952117663552","trial_id":16,"step":77,"intermediate_value":0.50471966921364}
{"op_code":7,"worker_id":"2bf13a8c-ed8c-4e1c-ba3b-51e1641b6760-22952117663552","trial_id":16,"step":78,"intermediate_value":0.5091029730131618}
{"op_code":7,"worker_id":"2bf13a8c-ed8c-4e1c-ba3b-51e1641b6760-22952117663552","trial_id":16,"step":79,"intermediate_value":0.4756850393075819}
{"op_code":7,"worker_id":"2bf13a8c-ed8c-4e1c-ba3b-51e1641b6760-22952117663552","trial_id":16,"step":80,"intermediate_value":0.460384887379118}
{"op_code":9,"worker_id":"2bf13a8c-ed8c-4e1c-ba3b-51e1641b6760-22952117663552","trial_id":16,"system_attr":{"completed_rung_2":0.460384887379118}}
{"op_code":7,"worker_id":"2bf13a8c-ed8c-4e1c-ba3b-51e1641b6760-22952117663552","trial_id":16,"step":81,"intermediate_value":0.46996780710288216}
{"op_code":7,"worker_id":"2bf13a8c-ed8c-4e1c-ba3b-51e1641b6760-22952117663552","trial_id":16,"step":82,"intermediate_value":0.45154614465516657}
{"op_code":7,"worker_id":"2bf13a8c-ed8c-4e1c-ba3b-51e1641b6760-22952117663552","trial_id":16,"step":83,"intermediate_value":0.46066819751814164}
{"op_code":7,"worker_id":"2bf13a8c-ed8c-4e1c-ba3b-51e1641b6760-22952117663552","trial_id":16,"step":84,"intermediate_value":0.4746911661127142}
{"op_code":7,"worker_id":"2bf13a8c-ed8c-4e1c-ba3b-51e1641b6760-22952117663552","trial_id":16,"step":85,"intermediate_value":0.46893533113305397}
{"op_code":7,"worker_id":"2bf13a8c-ed8c-4e1c-ba3b-51e1641b6760-22952117663552","trial_id":16,"step":86,"intermediate_value":0.44209810299522656}
{"op_code":7,"worker_id":"2bf13a8c-ed8c-4e1c-ba3b-51e1641b6760-22952117663552","trial_id":16,"step":87,"intermediate_value":0.4425107272847833}
{"op_code":7,"worker_id":"2bf13a8c-ed8c-4e1c-ba3b-51e1641b6760-22952117663552","trial_id":16,"step":88,"intermediate_value":0.44889727043935834}
{"op_code":7,"worker_id":"2bf13a8c-ed8c-4e1c-ba3b-51e1641b6760-22952117663552","trial_id":16,"step":89,"intermediate_value":0.4553305945079663}
{"op_code":7,"worker_id":"2bf13a8c-ed8c-4e1c-ba3b-51e1641b6760-22952117663552","trial_id":16,"step":90,"intermediate_value":0.4597106218196602}
{"op_code":7,"worker_id":"2bf13a8c-ed8c-4e1c-ba3b-51e1641b6760-22952117663552","trial_id":16,"step":91,"intermediate_value":0.45974927681055217}
{"op_code":7,"worker_id":"2bf13a8c-ed8c-4e1c-ba3b-51e1641b6760-22952117663552","trial_id":16,"step":92,"intermediate_value":0.46253670785633555}
{"op_code":7,"worker_id":"2bf13a8c-ed8c-4e1c-ba3b-51e1641b6760-22952117663552","trial_id":16,"step":93,"intermediate_value":0.45349040440110266}
{"op_code":7,"worker_id":"2bf13a8c-ed8c-4e1c-ba3b-51e1641b6760-22952117663552","trial_id":16,"step":94,"intermediate_value":0.45655091207646814}
{"op_code":7,"worker_id":"2bf13a8c-ed8c-4e1c-ba3b-51e1641b6760-22952117663552","trial_id":16,"step":95,"intermediate_value":0.4513438961966889}
{"op_code":7,"worker_id":"2bf13a8c-ed8c-4e1c-ba3b-51e1641b6760-22952117663552","trial_id":16,"step":96,"intermediate_value":0.4593809502970423}
{"op_code":7,"worker_id":"2bf13a8c-ed8c-4e1c-ba3b-51e1641b6760-22952117663552","trial_id":16,"step":97,"intermediate_value":0.4600922448355108}
{"op_code":7,"worker_id":"2bf13a8c-ed8c-4e1c-ba3b-51e1641b6760-22952117663552","trial_id":16,"step":98,"intermediate_value":0.45811514635951495}
{"op_code":7,"worker_id":"2bf13a8c-ed8c-4e1c-ba3b-51e1641b6760-22952117663552","trial_id":16,"step":99,"intermediate_value":0.4583212347924356}
{"op_code":6,"worker_id":"2bf13a8c-ed8c-4e1c-ba3b-51e1641b6760-22952117663552","trial_id":16,"state":1,"values":[0.4365979062916969],"datetime_complete":"2025-12-22T23:27:20.188840"}
{"op_code":4,"worker_id":"2bf13a8c-ed8c-4e1c-ba3b-51e1641b6760-22952117663552","study_id":0,"datetime_start":"2025-12-22T23:27:20.189370"}
{"op_code":5,"worker_id":"2bf13a8c-ed8c-4e1c-ba3b-51e1641b6760-22952117663552","trial_id":17,"param_name":"n_layers","param_value_internal":39.0,"distribution":"{\"name\": \"IntDistribution\", \"attributes\": {\"log\": false, \"step\": 1, \"low\": 2, \"high\": 64}}"}
{"op_code":5,"worker_id":"2bf13a8c-ed8c-4e1c-ba3b-51e1641b6760-22952117663552","trial_id":17,"param_name":"n_heads","param_value_internal":2,"distribution":"{\"name\": \"CategoricalDistribution\", \"attributes\": {\"choices\": [2, 4, 8, 16, 32]}}"}
{"op_code":5,"worker_id":"2bf13a8c-ed8c-4e1c-ba3b-51e1641b6760-22952117663552","trial_id":17,"param_name":"head_dim","param_value_internal":3,"distribution":"{\"name\": \"CategoricalDistribution\", \"attributes\": {\"choices\": [4, 8, 16, 32, 64]}}"}
{"op_code":8,"worker_id":"2bf13a8c-ed8c-4e1c-ba3b-51e1641b6760-22952117663552","trial_id":17,"user_attr":{"d_model":256}}
{"op_code":5,"worker_id":"2bf13a8c-ed8c-4e1c-ba3b-51e1641b6760-22952117663552","trial_id":17,"param_name":"lr","param_value_internal":0.003925251187071545,"distribution":"{\"name\": \"FloatDistribution\", \"attributes\": {\"step\": null, \"low\": 1e-06, \"high\": 0.01, \"log\": true}}"}
{"op_code":5,"worker_id":"2bf13a8c-ed8c-4e1c-ba3b-51e1641b6760-22952117663552","trial_id":17,"param_name":"min_lr_ratio","param_value_internal":0.007575943736130873,"distribution":"{\"name\": \"FloatDistribution\", \"attributes\": {\"step\": null, \"low\": 0.0001, \"high\": 0.1, \"log\": true}}"}
{"op_code":5,"worker_id":"2bf13a8c-ed8c-4e1c-ba3b-51e1641b6760-22952117663552","trial_id":17,"param_name":"batch_size","param_value_internal":1,"distribution":"{\"name\": \"CategoricalDistribution\", \"attributes\": {\"choices\": [256, 512, 1024]}}"}
{"op_code":5,"worker_id":"2bf13a8c-ed8c-4e1c-ba3b-51e1641b6760-22952117663552","trial_id":17,"param_name":"weight_decay","param_value_internal":0.11294325307199699,"distribution":"{\"name\": \"FloatDistribution\", \"attributes\": {\"step\": null, \"low\": 0.0, \"high\": 0.3, \"log\": false}}"}
{"op_code":5,"worker_id":"2bf13a8c-ed8c-4e1c-ba3b-51e1641b6760-22952117663552","trial_id":17,"param_name":"beta_1","param_value_internal":0.8113716992922156,"distribution":"{\"name\": \"FloatDistribution\", \"attributes\": {\"step\": null, \"low\": 0.7, \"high\": 1.0, \"log\": false}}"}
{"op_code":5,"worker_id":"2bf13a8c-ed8c-4e1c-ba3b-51e1641b6760-22952117663552","trial_id":17,"param_name":"beta_2","param_value_internal":0.9589537449893698,"distribution":"{\"name\": \"FloatDistribution\", \"attributes\": {\"step\": null, \"low\": 0.9, \"high\": 1.0, \"log\": false}}"}
{"op_code":8,"worker_id":"2bf13a8c-ed8c-4e1c-ba3b-51e1641b6760-22952117663552","trial_id":17,"user_attr":{"min_lr":2.9737482143434945e-05}}
{"op_code":7,"worker_id":"2bf13a8c-ed8c-4e1c-ba3b-51e1641b6760-22952117663552","trial_id":17,"step":0,"intermediate_value":0.7452197477203812}
{"op_code":7,"worker_id":"2bf13a8c-ed8c-4e1c-ba3b-51e1641b6760-22952117663552","trial_id":17,"step":1,"intermediate_value":0.8269930055557196}
{"op_code":7,"worker_id":"2bf13a8c-ed8c-4e1c-ba3b-51e1641b6760-22952117663552","trial_id":17,"step":2,"intermediate_value":0.9222580139323061}
{"op_code":7,"worker_id":"2bf13a8c-ed8c-4e1c-ba3b-51e1641b6760-22952117663552","trial_id":17,"step":3,"intermediate_value":0.893602160230933}
{"op_code":7,"worker_id":"2bf13a8c-ed8c-4e1c-ba3b-51e1641b6760-22952117663552","trial_id":17,"step":4,"intermediate_value":0.9161532167720908}
{"op_code":7,"worker_id":"2bf13a8c-ed8c-4e1c-ba3b-51e1641b6760-22952117663552","trial_id":17,"step":5,"intermediate_value":0.9194712973291481}
{"op_code":7,"worker_id":"2bf13a8c-ed8c-4e1c-ba3b-51e1641b6760-22952117663552","trial_id":17,"step":6,"intermediate_value":0.9174570041053518}
{"op_code":7,"worker_id":"2bf13a8c-ed8c-4e1c-ba3b-51e1641b6760-22952117663552","trial_id":17,"step":7,"intermediate_value":0.9131569893476095}
{"op_code":7,"worker_id":"2bf13a8c-ed8c-4e1c-ba3b-51e1641b6760-22952117663552","trial_id":17,"step":8,"intermediate_value":0.9121816975649}
{"op_code":7,"worker_id":"2bf13a8c-ed8c-4e1c-ba3b-51e1641b6760-22952117663552","trial_id":17,"step":9,"intermediate_value":0.9273033395922198}
{"op_code":7,"worker_id":"2bf13a8c-ed8c-4e1c-ba3b-51e1641b6760-22952117663552","trial_id":17,"step":10,"intermediate_value":0.9188172786119853}
{"op_code":7,"worker_id":"2bf13a8c-ed8c-4e1c-ba3b-51e1641b6760-22952117663552","trial_id":17,"step":11,"intermediate_value":0.9266546668389797}
{"op_code":7,"worker_id":"2bf13a8c-ed8c-4e1c-ba3b-51e1641b6760-22952117663552","trial_id":17,"step":12,"intermediate_value":0.9186980069602795}
{"op_code":7,"worker_id":"2bf13a8c-ed8c-4e1c-ba3b-51e1641b6760-22952117663552","trial_id":17,"step":13,"intermediate_value":0.9161485947606686}
{"op_code":7,"worker_id":"2bf13a8c-ed8c-4e1c-ba3b-51e1641b6760-22952117663552","trial_id":17,"step":14,"intermediate_value":0.9156763703514814}
{"op_code":7,"worker_id":"2bf13a8c-ed8c-4e1c-ba3b-51e1641b6760-22952117663552","trial_id":17,"step":15,"intermediate_value":0.9133566545139146}
{"op_code":7,"worker_id":"2bf13a8c-ed8c-4e1c-ba3b-51e1641b6760-22952117663552","trial_id":17,"step":16,"intermediate_value":0.9152101945056893}
{"op_code":7,"worker_id":"2bf13a8c-ed8c-4e1c-ba3b-51e1641b6760-22952117663552","trial_id":17,"step":17,"intermediate_value":0.915517649050992}
{"op_code":7,"worker_id":"2bf13a8c-ed8c-4e1c-ba3b-51e1641b6760-22952117663552","trial_id":17,"step":18,"intermediate_value":0.9155098578825257}
{"op_code":7,"worker_id":"2bf13a8c-ed8c-4e1c-ba3b-51e1641b6760-22952117663552","trial_id":17,"step":19,"intermediate_value":0.9158735881920811}
{"op_code":7,"worker_id":"2bf13a8c-ed8c-4e1c-ba3b-51e1641b6760-22952117663552","trial_id":17,"step":20,"intermediate_value":0.9150537162630301}
{"op_code":7,"worker_id":"2bf13a8c-ed8c-4e1c-ba3b-51e1641b6760-22952117663552","trial_id":17,"step":21,"intermediate_value":0.9154191469665383}
{"op_code":7,"worker_id":"2bf13a8c-ed8c-4e1c-ba3b-51e1641b6760-22952117663552","trial_id":17,"step":22,"intermediate_value":0.915307930780051}
{"op_code":7,"worker_id":"2bf13a8c-ed8c-4e1c-ba3b-51e1641b6760-22952117663552","trial_id":17,"step":23,"intermediate_value":0.9155219217777818}
{"op_code":7,"worker_id":"2bf13a8c-ed8c-4e1c-ba3b-51e1641b6760-22952117663552","trial_id":17,"step":24,"intermediate_value":0.9150845630454565}
{"op_code":7,"worker_id":"2bf13a8c-ed8c-4e1c-ba3b-51e1641b6760-22952117663552","trial_id":17,"step":25,"intermediate_value":0.9154831346385137}
{"op_code":7,"worker_id":"2bf13a8c-ed8c-4e1c-ba3b-51e1641b6760-22952117663552","trial_id":17,"step":26,"intermediate_value":0.9150980774618128}
{"op_code":7,"worker_id":"2bf13a8c-ed8c-4e1c-ba3b-51e1641b6760-22952117663552","trial_id":17,"step":27,"intermediate_value":0.914699358094488}
{"op_code":7,"worker_id":"2bf13a8c-ed8c-4e1c-ba3b-51e1641b6760-22952117663552","trial_id":17,"step":28,"intermediate_value":0.9154116045396382}
{"op_code":7,"worker_id":"2bf13a8c-ed8c-4e1c-ba3b-51e1641b6760-22952117663552","trial_id":17,"step":29,"intermediate_value":0.9152096812552546}
{"op_code":7,"worker_id":"2bf13a8c-ed8c-4e1c-ba3b-51e1641b6760-22952117663552","trial_id":17,"step":30,"intermediate_value":0.9156135525709087}
{"op_code":7,"worker_id":"2bf13a8c-ed8c-4e1c-ba3b-51e1641b6760-22952117663552","trial_id":17,"step":31,"intermediate_value":0.9153008485038369}
{"op_code":7,"worker_id":"2bf13a8c-ed8c-4e1c-ba3b-51e1641b6760-22952117663552","trial_id":17,"step":32,"intermediate_value":0.91551841231569}
{"op_code":7,"worker_id":"2bf13a8c-ed8c-4e1c-ba3b-51e1641b6760-22952117663552","trial_id":17,"step":33,"intermediate_value":0.9156208954671948}
{"op_code":7,"worker_id":"2bf13a8c-ed8c-4e1c-ba3b-51e1641b6760-22952117663552","trial_id":17,"step":34,"intermediate_value":0.915537444580775}
{"op_code":7,"worker_id":"2bf13a8c-ed8c-4e1c-ba3b-51e1641b6760-22952117663552","trial_id":17,"step":35,"intermediate_value":0.915311071372117}
{"op_code":7,"worker_id":"2bf13a8c-ed8c-4e1c-ba3b-51e1641b6760-22952117663552","trial_id":17,"step":36,"intermediate_value":0.9152224123972873}
{"op_code":7,"worker_id":"2bf13a8c-ed8c-4e1c-ba3b-51e1641b6760-22952117663552","trial_id":17,"step":37,"intermediate_value":0.9150009925255148}
{"op_code":7,"worker_id":"2bf13a8c-ed8c-4e1c-ba3b-51e1641b6760-22952117663552","trial_id":17,"step":38,"intermediate_value":0.9155506324089294}
{"op_code":7,"worker_id":"2bf13a8c-ed8c-4e1c-ba3b-51e1641b6760-22952117663552","trial_id":17,"step":39,"intermediate_value":0.9151627917730936}
{"op_code":7,"worker_id":"2bf13a8c-ed8c-4e1c-ba3b-51e1641b6760-22952117663552","trial_id":17,"step":40,"intermediate_value":0.9155294383265087}
{"op_code":7,"worker_id":"2bf13a8c-ed8c-4e1c-ba3b-51e1641b6760-22952117663552","trial_id":17,"step":41,"intermediate_value":0.9152481434325448}
{"op_code":7,"worker_id":"2bf13a8c-ed8c-4e1c-ba3b-51e1641b6760-22952117663552","trial_id":17,"step":42,"intermediate_value":0.9153265619334519}
{"op_code":7,"worker_id":"2bf13a8c-ed8c-4e1c-ba3b-51e1641b6760-22952117663552","trial_id":17,"step":43,"intermediate_value":0.9146499408238865}
{"op_code":7,"worker_id":"2bf13a8c-ed8c-4e1c-ba3b-51e1641b6760-22952117663552","trial_id":17,"step":44,"intermediate_value":0.9151864013637936}
{"op_code":7,"worker_id":"2bf13a8c-ed8c-4e1c-ba3b-51e1641b6760-22952117663552","trial_id":17,"step":45,"intermediate_value":0.9150277545160812}
{"op_code":7,"worker_id":"2bf13a8c-ed8c-4e1c-ba3b-51e1641b6760-22952117663552","trial_id":17,"step":46,"intermediate_value":0.9152122865368039}
{"op_code":7,"worker_id":"2bf13a8c-ed8c-4e1c-ba3b-51e1641b6760-22952117663552","trial_id":17,"step":47,"intermediate_value":0.9151611036818789}
{"op_code":7,"worker_id":"2bf13a8c-ed8c-4e1c-ba3b-51e1641b6760-22952117663552","trial_id":17,"step":48,"intermediate_value":0.9153175383700171}
{"op_code":7,"worker_id":"2bf13a8c-ed8c-4e1c-ba3b-51e1641b6760-22952117663552","trial_id":17,"step":49,"intermediate_value":0.914670068669008}
{"op_code":7,"worker_id":"2bf13a8c-ed8c-4e1c-ba3b-51e1641b6760-22952117663552","trial_id":17,"step":50,"intermediate_value":0.9152108799944568}
{"op_code":7,"worker_id":"2bf13a8c-ed8c-4e1c-ba3b-51e1641b6760-22952117663552","trial_id":17,"step":51,"intermediate_value":0.9153052994789178}
{"op_code":7,"worker_id":"2bf13a8c-ed8c-4e1c-ba3b-51e1641b6760-22952117663552","trial_id":17,"step":52,"intermediate_value":0.9148128036219596}
{"op_code":7,"worker_id":"2bf13a8c-ed8c-4e1c-ba3b-51e1641b6760-22952117663552","trial_id":17,"step":53,"intermediate_value":0.9150525158268984}
{"op_code":7,"worker_id":"2bf13a8c-ed8c-4e1c-ba3b-51e1641b6760-22952117663552","trial_id":17,"step":54,"intermediate_value":0.9155554960206734}
{"op_code":7,"worker_id":"2bf13a8c-ed8c-4e1c-ba3b-51e1641b6760-22952117663552","trial_id":17,"step":55,"intermediate_value":0.9153278841242671}
{"op_code":7,"worker_id":"2bf13a8c-ed8c-4e1c-ba3b-51e1641b6760-22952117663552","trial_id":17,"step":56,"intermediate_value":0.9150927899712487}
{"op_code":7,"worker_id":"2bf13a8c-ed8c-4e1c-ba3b-51e1641b6760-22952117663552","trial_id":17,"step":57,"intermediate_value":0.9152437772332278}
{"op_code":7,"worker_id":"2bf13a8c-ed8c-4e1c-ba3b-51e1641b6760-22952117663552","trial_id":17,"step":58,"intermediate_value":0.9147456385911147}
{"op_code":7,"worker_id":"2bf13a8c-ed8c-4e1c-ba3b-51e1641b6760-22952117663552","trial_id":17,"step":59,"intermediate_value":0.9153892867364352}
{"op_code":7,"worker_id":"2bf13a8c-ed8c-4e1c-ba3b-51e1641b6760-22952117663552","trial_id":17,"step":60,"intermediate_value":0.9157260407473835}
{"op_code":7,"worker_id":"2bf13a8c-ed8c-4e1c-ba3b-51e1641b6760-22952117663552","trial_id":17,"step":61,"intermediate_value":0.9154121285372923}
{"op_code":7,"worker_id":"2bf13a8c-ed8c-4e1c-ba3b-51e1641b6760-22952117663552","trial_id":17,"step":62,"intermediate_value":0.9148724541545339}
{"op_code":7,"worker_id":"2bf13a8c-ed8c-4e1c-ba3b-51e1641b6760-22952117663552","trial_id":17,"step":63,"intermediate_value":0.915495444022888}
{"op_code":7,"worker_id":"2bf13a8c-ed8c-4e1c-ba3b-51e1641b6760-22952117663552","trial_id":17,"step":64,"intermediate_value":0.9158890251587294}
{"op_code":7,"worker_id":"2bf13a8c-ed8c-4e1c-ba3b-51e1641b6760-22952117663552","trial_id":17,"step":65,"intermediate_value":0.9153973489893713}
{"op_code":7,"worker_id":"2bf13a8c-ed8c-4e1c-ba3b-51e1641b6760-22952117663552","trial_id":17,"step":66,"intermediate_value":0.9152290892487884}
{"op_code":7,"worker_id":"2bf13a8c-ed8c-4e1c-ba3b-51e1641b6760-22952117663552","trial_id":17,"step":67,"intermediate_value":0.9158082639053906}
{"op_code":7,"worker_id":"2bf13a8c-ed8c-4e1c-ba3b-51e1641b6760-22952117663552","trial_id":17,"step":68,"intermediate_value":0.9152283838918059}
{"op_code":7,"worker_id":"2bf13a8c-ed8c-4e1c-ba3b-51e1641b6760-22952117663552","trial_id":17,"step":69,"intermediate_value":0.9149526008366125}
{"op_code":7,"worker_id":"2bf13a8c-ed8c-4e1c-ba3b-51e1641b6760-22952117663552","trial_id":17,"step":70,"intermediate_value":0.9157898356764624}
{"op_code":7,"worker_id":"2bf13a8c-ed8c-4e1c-ba3b-51e1641b6760-22952117663552","trial_id":17,"step":71,"intermediate_value":0.9152461734389353}
{"op_code":7,"worker_id":"2bf13a8c-ed8c-4e1c-ba3b-51e1641b6760-22952117663552","trial_id":17,"step":72,"intermediate_value":0.9152109509826697}
{"op_code":7,"worker_id":"2bf13a8c-ed8c-4e1c-ba3b-51e1641b6760-22952117663552","trial_id":17,"step":73,"intermediate_value":0.9148135707047487}
{"op_code":7,"worker_id":"2bf13a8c-ed8c-4e1c-ba3b-51e1641b6760-22952117663552","trial_id":17,"step":74,"intermediate_value":0.9151052563922968}
{"op_code":7,"worker_id":"2bf13a8c-ed8c-4e1c-ba3b-51e1641b6760-22952117663552","trial_id":17,"step":75,"intermediate_value":0.9152990224664038}
{"op_code":7,"worker_id":"2bf13a8c-ed8c-4e1c-ba3b-51e1641b6760-22952117663552","trial_id":17,"step":76,"intermediate_value":0.9155312187589643}
{"op_code":7,"worker_id":"2bf13a8c-ed8c-4e1c-ba3b-51e1641b6760-22952117663552","trial_id":17,"step":77,"intermediate_value":0.9153573638886602}
{"op_code":7,"worker_id":"2bf13a8c-ed8c-4e1c-ba3b-51e1641b6760-22952117663552","trial_id":17,"step":78,"intermediate_value":0.9154036495467804}
{"op_code":7,"worker_id":"2bf13a8c-ed8c-4e1c-ba3b-51e1641b6760-22952117663552","trial_id":17,"step":79,"intermediate_value":0.9152567149057083}
{"op_code":7,"worker_id":"2bf13a8c-ed8c-4e1c-ba3b-51e1641b6760-22952117663552","trial_id":17,"step":80,"intermediate_value":0.915175916885566}
{"op_code":9,"worker_id":"2bf13a8c-ed8c-4e1c-ba3b-51e1641b6760-22952117663552","trial_id":17,"system_attr":{"completed_rung_0":0.915175916885566}}
{"op_code":6,"worker_id":"2bf13a8c-ed8c-4e1c-ba3b-51e1641b6760-22952117663552","trial_id":17,"state":2,"values":[0.915175916885566],"datetime_complete":"2025-12-22T23:38:03.732500"}
{"op_code":4,"worker_id":"2bf13a8c-ed8c-4e1c-ba3b-51e1641b6760-22952117663552","study_id":0,"datetime_start":"2025-12-22T23:38:03.732852"}
{"op_code":5,"worker_id":"2bf13a8c-ed8c-4e1c-ba3b-51e1641b6760-22952117663552","trial_id":18,"param_name":"n_layers","param_value_internal":33.0,"distribution":"{\"name\": \"IntDistribution\", \"attributes\": {\"log\": false, \"step\": 1, \"low\": 2, \"high\": 64}}"}
{"op_code":5,"worker_id":"2bf13a8c-ed8c-4e1c-ba3b-51e1641b6760-22952117663552","trial_id":18,"param_name":"n_heads","param_value_internal":1,"distribution":"{\"name\": \"CategoricalDistribution\", \"attributes\": {\"choices\": [2, 4, 8, 16, 32]}}"}
{"op_code":5,"worker_id":"2bf13a8c-ed8c-4e1c-ba3b-51e1641b6760-22952117663552","trial_id":18,"param_name":"head_dim","param_value_internal":2,"distribution":"{\"name\": \"CategoricalDistribution\", \"attributes\": {\"choices\": [4, 8, 16, 32, 64]}}"}
{"op_code":8,"worker_id":"2bf13a8c-ed8c-4e1c-ba3b-51e1641b6760-22952117663552","trial_id":18,"user_attr":{"d_model":64}}
{"op_code":5,"worker_id":"2bf13a8c-ed8c-4e1c-ba3b-51e1641b6760-22952117663552","trial_id":18,"param_name":"lr","param_value_internal":0.003080167140274862,"distribution":"{\"name\": \"FloatDistribution\", \"attributes\": {\"step\": null, \"low\": 1e-06, \"high\": 0.01, \"log\": true}}"}
{"op_code":5,"worker_id":"2bf13a8c-ed8c-4e1c-ba3b-51e1641b6760-22952117663552","trial_id":18,"param_name":"min_lr_ratio","param_value_internal":0.0051535605272459385,"distribution":"{\"name\": \"FloatDistribution\", \"attributes\": {\"step\": null, \"low\": 0.0001, \"high\": 0.1, \"log\": true}}"}
{"op_code":5,"worker_id":"2bf13a8c-ed8c-4e1c-ba3b-51e1641b6760-22952117663552","trial_id":18,"param_name":"batch_size","param_value_internal":1,"distribution":"{\"name\": \"CategoricalDistribution\", \"attributes\": {\"choices\": [256, 512, 1024]}}"}
{"op_code":5,"worker_id":"2bf13a8c-ed8c-4e1c-ba3b-51e1641b6760-22952117663552","trial_id":18,"param_name":"weight_decay","param_value_internal":0.07414050020012268,"distribution":"{\"name\": \"FloatDistribution\", \"attributes\": {\"step\": null, \"low\": 0.0, \"high\": 0.3, \"log\": false}}"}
{"op_code":5,"worker_id":"2bf13a8c-ed8c-4e1c-ba3b-51e1641b6760-22952117663552","trial_id":18,"param_name":"beta_1","param_value_internal":0.7430290960811683,"distribution":"{\"name\": \"FloatDistribution\", \"attributes\": {\"step\": null, \"low\": 0.7, \"high\": 1.0, \"log\": false}}"}
{"op_code":5,"worker_id":"2bf13a8c-ed8c-4e1c-ba3b-51e1641b6760-22952117663552","trial_id":18,"param_name":"beta_2","param_value_internal":0.9865623462293335,"distribution":"{\"name\": \"FloatDistribution\", \"attributes\": {\"step\": null, \"low\": 0.9, \"high\": 1.0, \"log\": false}}"}
{"op_code":8,"worker_id":"2bf13a8c-ed8c-4e1c-ba3b-51e1641b6760-22952117663552","trial_id":18,"user_attr":{"min_lr":1.5873827791440533e-05}}
{"op_code":7,"worker_id":"2bf13a8c-ed8c-4e1c-ba3b-51e1641b6760-22952117663552","trial_id":18,"step":0,"intermediate_value":0.8090854139373255}
{"op_code":7,"worker_id":"2bf13a8c-ed8c-4e1c-ba3b-51e1641b6760-22952117663552","trial_id":18,"step":1,"intermediate_value":0.71289151786768}
{"op_code":7,"worker_id":"2bf13a8c-ed8c-4e1c-ba3b-51e1641b6760-22952117663552","trial_id":18,"step":2,"intermediate_value":0.6870600262287814}
{"op_code":7,"worker_id":"2bf13a8c-ed8c-4e1c-ba3b-51e1641b6760-22952117663552","trial_id":18,"step":3,"intermediate_value":0.6873487820263293}
{"op_code":7,"worker_id":"2bf13a8c-ed8c-4e1c-ba3b-51e1641b6760-22952117663552","trial_id":18,"step":4,"intermediate_value":0.7380950112925447}
{"op_code":7,"worker_id":"2bf13a8c-ed8c-4e1c-ba3b-51e1641b6760-22952117663552","trial_id":18,"step":5,"intermediate_value":0.7785042744231535}
{"op_code":7,"worker_id":"2bf13a8c-ed8c-4e1c-ba3b-51e1641b6760-22952117663552","trial_id":18,"step":6,"intermediate_value":0.8745220826048302}
{"op_code":7,"worker_id":"2bf13a8c-ed8c-4e1c-ba3b-51e1641b6760-22952117663552","trial_id":18,"step":7,"intermediate_value":0.9211560438960472}
{"op_code":7,"worker_id":"2bf13a8c-ed8c-4e1c-ba3b-51e1641b6760-22952117663552","trial_id":18,"step":8,"intermediate_value":0.9202258111743317}
{"op_code":7,"worker_id":"2bf13a8c-ed8c-4e1c-ba3b-51e1641b6760-22952117663552","trial_id":18,"step":9,"intermediate_value":0.9159949486224536}
{"op_code":7,"worker_id":"2bf13a8c-ed8c-4e1c-ba3b-51e1641b6760-22952117663552","trial_id":18,"step":10,"intermediate_value":0.9125959619367109}
{"op_code":7,"worker_id":"2bf13a8c-ed8c-4e1c-ba3b-51e1641b6760-22952117663552","trial_id":18,"step":11,"intermediate_value":0.9309651819129573}
{"op_code":7,"worker_id":"2bf13a8c-ed8c-4e1c-ba3b-51e1641b6760-22952117663552","trial_id":18,"step":12,"intermediate_value":0.9187188585457853}
{"op_code":7,"worker_id":"2bf13a8c-ed8c-4e1c-ba3b-51e1641b6760-22952117663552","trial_id":18,"step":13,"intermediate_value":0.913448800537227}
{"op_code":7,"worker_id":"2bf13a8c-ed8c-4e1c-ba3b-51e1641b6760-22952117663552","trial_id":18,"step":14,"intermediate_value":0.9146185061968377}
{"op_code":7,"worker_id":"2bf13a8c-ed8c-4e1c-ba3b-51e1641b6760-22952117663552","trial_id":18,"step":15,"intermediate_value":0.9153353897136585}
{"op_code":7,"worker_id":"2bf13a8c-ed8c-4e1c-ba3b-51e1641b6760-22952117663552","trial_id":18,"step":16,"intermediate_value":0.9151684908397398}
{"op_code":7,"worker_id":"2bf13a8c-ed8c-4e1c-ba3b-51e1641b6760-22952117663552","trial_id":18,"step":17,"intermediate_value":0.914863686332499}
{"op_code":7,"worker_id":"2bf13a8c-ed8c-4e1c-ba3b-51e1641b6760-22952117663552","trial_id":18,"step":18,"intermediate_value":0.9155080304309849}
{"op_code":7,"worker_id":"2bf13a8c-ed8c-4e1c-ba3b-51e1641b6760-22952117663552","trial_id":18,"step":19,"intermediate_value":0.9152360602347169}
{"op_code":7,"worker_id":"2bf13a8c-ed8c-4e1c-ba3b-51e1641b6760-22952117663552","trial_id":18,"step":20,"intermediate_value":0.9151812910609398}
{"op_code":7,"worker_id":"2bf13a8c-ed8c-4e1c-ba3b-51e1641b6760-22952117663552","trial_id":18,"step":21,"intermediate_value":0.9129283676368062}
{"op_code":7,"worker_id":"2bf13a8c-ed8c-4e1c-ba3b-51e1641b6760-22952117663552","trial_id":18,"step":22,"intermediate_value":0.9155028446147733}
{"op_code":7,"worker_id":"2bf13a8c-ed8c-4e1c-ba3b-51e1641b6760-22952117663552","trial_id":18,"step":23,"intermediate_value":0.915304243988838}
{"op_code":7,"worker_id":"2bf13a8c-ed8c-4e1c-ba3b-51e1641b6760-22952117663552","trial_id":18,"step":24,"intermediate_value":0.9148650732894527}
{"op_code":7,"worker_id":"2bf13a8c-ed8c-4e1c-ba3b-51e1641b6760-22952117663552","trial_id":18,"step":25,"intermediate_value":0.9153669436914075}
{"op_code":7,"worker_id":"2bf13a8c-ed8c-4e1c-ba3b-51e1641b6760-22952117663552","trial_id":18,"step":26,"intermediate_value":0.9153373412531607}
{"op_code":7,"worker_id":"2bf13a8c-ed8c-4e1c-ba3b-51e1641b6760-22952117663552","trial_id":18,"step":27,"intermediate_value":0.9155712834739459}
{"op_code":7,"worker_id":"2bf13a8c-ed8c-4e1c-ba3b-51e1641b6760-22952117663552","trial_id":18,"step":28,"intermediate_value":0.9154370293498464}
{"op_code":7,"worker_id":"2bf13a8c-ed8c-4e1c-ba3b-51e1641b6760-22952117663552","trial_id":18,"step":29,"intermediate_value":0.9153550563475132}
{"op_code":7,"worker_id":"2bf13a8c-ed8c-4e1c-ba3b-51e1641b6760-22952117663552","trial_id":18,"step":30,"intermediate_value":0.9157510331941245}
{"op_code":7,"worker_id":"2bf13a8c-ed8c-4e1c-ba3b-51e1641b6760-22952117663552","trial_id":18,"step":31,"intermediate_value":0.9151114151146913}
{"op_code":7,"worker_id":"2bf13a8c-ed8c-4e1c-ba3b-51e1641b6760-22952117663552","trial_id":18,"step":32,"intermediate_value":0.9152918530811477}
{"op_code":7,"worker_id":"2bf13a8c-ed8c-4e1c-ba3b-51e1641b6760-22952117663552","trial_id":18,"step":33,"intermediate_value":0.9157587910603515}
{"op_code":7,"worker_id":"2bf13a8c-ed8c-4e1c-ba3b-51e1641b6760-22952117663552","trial_id":18,"step":34,"intermediate_value":0.9152817555028208}
{"op_code":7,"worker_id":"2bf13a8c-ed8c-4e1c-ba3b-51e1641b6760-22952117663552","trial_id":18,"step":35,"intermediate_value":0.9153172916082017}
{"op_code":7,"worker_id":"2bf13a8c-ed8c-4e1c-ba3b-51e1641b6760-22952117663552","trial_id":18,"step":36,"intermediate_value":0.9156902628295644}
{"op_code":7,"worker_id":"2bf13a8c-ed8c-4e1c-ba3b-51e1641b6760-22952117663552","trial_id":18,"step":37,"intermediate_value":0.9152730136296644}
{"op_code":7,"worker_id":"2bf13a8c-ed8c-4e1c-ba3b-51e1641b6760-22952117663552","trial_id":18,"step":38,"intermediate_value":0.9157233870326412}
{"op_code":7,"worker_id":"2bf13a8c-ed8c-4e1c-ba3b-51e1641b6760-22952117663552","trial_id":18,"step":39,"intermediate_value":0.915328831010866}
{"op_code":7,"worker_id":"2bf13a8c-ed8c-4e1c-ba3b-51e1641b6760-22952117663552","trial_id":18,"step":40,"intermediate_value":0.915031745481887}
{"op_code":9,"worker_id":"2bf13a8c-ed8c-4e1c-ba3b-51e1641b6760-22952117663552","trial_id":18,"system_attr":{"completed_rung_0":0.915031745481887}}
{"op_code":6,"worker_id":"2bf13a8c-ed8c-4e1c-ba3b-51e1641b6760-22952117663552","trial_id":18,"state":2,"values":[0.915031745481887],"datetime_complete":"2025-12-22T23:41:22.322605"}
{"op_code":4,"worker_id":"2bf13a8c-ed8c-4e1c-ba3b-51e1641b6760-22952117663552","study_id":0,"datetime_start":"2025-12-22T23:41:22.322973"}
{"op_code":5,"worker_id":"2bf13a8c-ed8c-4e1c-ba3b-51e1641b6760-22952117663552","trial_id":19,"param_name":"n_layers","param_value_internal":52.0,"distribution":"{\"name\": \"IntDistribution\", \"attributes\": {\"log\": false, \"step\": 1, \"low\": 2, \"high\": 64}}"}
{"op_code":5,"worker_id":"2bf13a8c-ed8c-4e1c-ba3b-51e1641b6760-22952117663552","trial_id":19,"param_name":"n_heads","param_value_internal":1,"distribution":"{\"name\": \"CategoricalDistribution\", \"attributes\": {\"choices\": [2, 4, 8, 16, 32]}}"}
{"op_code":5,"worker_id":"2bf13a8c-ed8c-4e1c-ba3b-51e1641b6760-22952117663552","trial_id":19,"param_name":"head_dim","param_value_internal":2,"distribution":"{\"name\": \"CategoricalDistribution\", \"attributes\": {\"choices\": [4, 8, 16, 32, 64]}}"}
{"op_code":8,"worker_id":"2bf13a8c-ed8c-4e1c-ba3b-51e1641b6760-22952117663552","trial_id":19,"user_attr":{"d_model":64}}
{"op_code":5,"worker_id":"2bf13a8c-ed8c-4e1c-ba3b-51e1641b6760-22952117663552","trial_id":19,"param_name":"lr","param_value_internal":0.009228025470857206,"distribution":"{\"name\": \"FloatDistribution\", \"attributes\": {\"step\": null, \"low\": 1e-06, \"high\": 0.01, \"log\": true}}"}
{"op_code":5,"worker_id":"2bf13a8c-ed8c-4e1c-ba3b-51e1641b6760-22952117663552","trial_id":19,"param_name":"min_lr_ratio","param_value_internal":0.003485327558866741,"distribution":"{\"name\": \"FloatDistribution\", \"attributes\": {\"step\": null, \"low\": 0.0001, \"high\": 0.1, \"log\": true}}"}
{"op_code":5,"worker_id":"2bf13a8c-ed8c-4e1c-ba3b-51e1641b6760-22952117663552","trial_id":19,"param_name":"batch_size","param_value_internal":1,"distribution":"{\"name\": \"CategoricalDistribution\", \"attributes\": {\"choices\": [256, 512, 1024]}}"}
{"op_code":5,"worker_id":"2bf13a8c-ed8c-4e1c-ba3b-51e1641b6760-22952117663552","trial_id":19,"param_name":"weight_decay","param_value_internal":0.04574627028965864,"distribution":"{\"name\": \"FloatDistribution\", \"attributes\": {\"step\": null, \"low\": 0.0, \"high\": 0.3, \"log\": false}}"}
{"op_code":5,"worker_id":"2bf13a8c-ed8c-4e1c-ba3b-51e1641b6760-22952117663552","trial_id":19,"param_name":"beta_1","param_value_internal":0.8254462246846223,"distribution":"{\"name\": \"FloatDistribution\", \"attributes\": {\"step\": null, \"low\": 0.7, \"high\": 1.0, \"log\": false}}"}
{"op_code":5,"worker_id":"2bf13a8c-ed8c-4e1c-ba3b-51e1641b6760-22952117663552","trial_id":19,"param_name":"beta_2","param_value_internal":0.9411247408328003,"distribution":"{\"name\": \"FloatDistribution\", \"attributes\": {\"step\": null, \"low\": 0.9, \"high\": 1.0, \"log\": false}}"}
{"op_code":8,"worker_id":"2bf13a8c-ed8c-4e1c-ba3b-51e1641b6760-22952117663552","trial_id":19,"user_attr":{"min_lr":3.216269148750285e-05}}
{"op_code":7,"worker_id":"2bf13a8c-ed8c-4e1c-ba3b-51e1641b6760-22952117663552","trial_id":19,"step":0,"intermediate_value":0.8550945051624257}
{"op_code":7,"worker_id":"2bf13a8c-ed8c-4e1c-ba3b-51e1641b6760-22952117663552","trial_id":19,"step":1,"intermediate_value":0.7433411887673438}
{"op_code":7,"worker_id":"2bf13a8c-ed8c-4e1c-ba3b-51e1641b6760-22952117663552","trial_id":19,"step":2,"intermediate_value":0.8710567642926887}
{"op_code":7,"worker_id":"2bf13a8c-ed8c-4e1c-ba3b-51e1641b6760-22952117663552","trial_id":19,"step":3,"intermediate_value":0.8685877464561417}
{"op_code":7,"worker_id":"2bf13a8c-ed8c-4e1c-ba3b-51e1641b6760-22952117663552","trial_id":19,"step":4,"intermediate_value":0.9088293378322009}
{"op_code":7,"worker_id":"2bf13a8c-ed8c-4e1c-ba3b-51e1641b6760-22952117663552","trial_id":19,"step":5,"intermediate_value":0.9155284720666327}
{"op_code":7,"worker_id":"2bf13a8c-ed8c-4e1c-ba3b-51e1641b6760-22952117663552","trial_id":19,"step":6,"intermediate_value":0.9164123312434268}
{"op_code":7,"worker_id":"2bf13a8c-ed8c-4e1c-ba3b-51e1641b6760-22952117663552","trial_id":19,"step":7,"intermediate_value":0.9184084119604434}
{"op_code":7,"worker_id":"2bf13a8c-ed8c-4e1c-ba3b-51e1641b6760-22952117663552","trial_id":19,"step":8,"intermediate_value":0.9202435397027084}
{"op_code":7,"worker_id":"2bf13a8c-ed8c-4e1c-ba3b-51e1641b6760-22952117663552","trial_id":19,"step":9,"intermediate_value":0.9154886249828452}
{"op_code":7,"worker_id":"2bf13a8c-ed8c-4e1c-ba3b-51e1641b6760-22952117663552","trial_id":19,"step":10,"intermediate_value":0.9160118897048887}
{"op_code":7,"worker_id":"2bf13a8c-ed8c-4e1c-ba3b-51e1641b6760-22952117663552","trial_id":19,"step":11,"intermediate_value":0.9152158896835391}
{"op_code":7,"worker_id":"2bf13a8c-ed8c-4e1c-ba3b-51e1641b6760-22952117663552","trial_id":19,"step":12,"intermediate_value":0.9178175038148783}
{"op_code":7,"worker_id":"2bf13a8c-ed8c-4e1c-ba3b-51e1641b6760-22952117663552","trial_id":19,"step":13,"intermediate_value":0.9154223472339544}
{"op_code":7,"worker_id":"2bf13a8c-ed8c-4e1c-ba3b-51e1641b6760-22952117663552","trial_id":19,"step":14,"intermediate_value":0.9151251065066418}
{"op_code":7,"worker_id":"2bf13a8c-ed8c-4e1c-ba3b-51e1641b6760-22952117663552","trial_id":19,"step":15,"intermediate_value":0.9163840883284419}
{"op_code":7,"worker_id":"2bf13a8c-ed8c-4e1c-ba3b-51e1641b6760-22952117663552","trial_id":19,"step":16,"intermediate_value":0.9157405860483434}
{"op_code":7,"worker_id":"2bf13a8c-ed8c-4e1c-ba3b-51e1641b6760-22952117663552","trial_id":19,"step":17,"intermediate_value":0.9159227688824437}
{"op_code":7,"worker_id":"2bf13a8c-ed8c-4e1c-ba3b-51e1641b6760-22952117663552","trial_id":19,"step":18,"intermediate_value":0.9162310446708652}
{"op_code":7,"worker_id":"2bf13a8c-ed8c-4e1c-ba3b-51e1641b6760-22952117663552","trial_id":19,"step":19,"intermediate_value":0.9158743174474858}
{"op_code":7,"worker_id":"2bf13a8c-ed8c-4e1c-ba3b-51e1641b6760-22952117663552","trial_id":19,"step":20,"intermediate_value":0.9148591837424824}
{"op_code":7,"worker_id":"2bf13a8c-ed8c-4e1c-ba3b-51e1641b6760-22952117663552","trial_id":19,"step":21,"intermediate_value":0.9161524817188439}
{"op_code":7,"worker_id":"2bf13a8c-ed8c-4e1c-ba3b-51e1641b6760-22952117663552","trial_id":19,"step":22,"intermediate_value":0.9153014466714463}
{"op_code":7,"worker_id":"2bf13a8c-ed8c-4e1c-ba3b-51e1641b6760-22952117663552","trial_id":19,"step":23,"intermediate_value":0.9153194191334227}
{"op_code":7,"worker_id":"2bf13a8c-ed8c-4e1c-ba3b-51e1641b6760-22952117663552","trial_id":19,"step":24,"intermediate_value":0.9152837015273025}
{"op_code":7,"worker_id":"2bf13a8c-ed8c-4e1c-ba3b-51e1641b6760-22952117663552","trial_id":19,"step":25,"intermediate_value":0.9166793645771656}
{"op_code":7,"worker_id":"2bf13a8c-ed8c-4e1c-ba3b-51e1641b6760-22952117663552","trial_id":19,"step":26,"intermediate_value":0.9160312020340282}
{"op_code":7,"worker_id":"2bf13a8c-ed8c-4e1c-ba3b-51e1641b6760-22952117663552","trial_id":19,"step":27,"intermediate_value":0.9164710271118092}
{"op_code":7,"worker_id":"2bf13a8c-ed8c-4e1c-ba3b-51e1641b6760-22952117663552","trial_id":19,"step":28,"intermediate_value":0.9164887192269096}
{"op_code":7,"worker_id":"2bf13a8c-ed8c-4e1c-ba3b-51e1641b6760-22952117663552","trial_id":19,"step":29,"intermediate_value":0.9155220093110561}
{"op_code":7,"worker_id":"2bf13a8c-ed8c-4e1c-ba3b-51e1641b6760-22952117663552","trial_id":19,"step":30,"intermediate_value":0.9154648900314865}
{"op_code":7,"worker_id":"2bf13a8c-ed8c-4e1c-ba3b-51e1641b6760-22952117663552","trial_id":19,"step":31,"intermediate_value":0.9159230973796912}
{"op_code":7,"worker_id":"2bf13a8c-ed8c-4e1c-ba3b-51e1641b6760-22952117663552","trial_id":19,"step":32,"intermediate_value":0.9180651912344167}
{"op_code":7,"worker_id":"2bf13a8c-ed8c-4e1c-ba3b-51e1641b6760-22952117663552","trial_id":19,"step":33,"intermediate_value":0.9165305283853026}
{"op_code":7,"worker_id":"2bf13a8c-ed8c-4e1c-ba3b-51e1641b6760-22952117663552","trial_id":19,"step":34,"intermediate_value":0.9157074433911596}
{"op_code":7,"worker_id":"2bf13a8c-ed8c-4e1c-ba3b-51e1641b6760-22952117663552","trial_id":19,"step":35,"intermediate_value":0.9164482132395816}
{"op_code":7,"worker_id":"2bf13a8c-ed8c-4e1c-ba3b-51e1641b6760-22952117663552","trial_id":19,"step":36,"intermediate_value":0.9159877594396878}
{"op_code":7,"worker_id":"2bf13a8c-ed8c-4e1c-ba3b-51e1641b6760-22952117663552","trial_id":19,"step":37,"intermediate_value":0.9156696078050461}
{"op_code":7,"worker_id":"2bf13a8c-ed8c-4e1c-ba3b-51e1641b6760-22952117663552","trial_id":19,"step":38,"intermediate_value":0.9157534402177568}
{"op_code":7,"worker_id":"2bf13a8c-ed8c-4e1c-ba3b-51e1641b6760-22952117663552","trial_id":19,"step":39,"intermediate_value":0.915377964611438}
{"op_code":7,"worker_id":"2bf13a8c-ed8c-4e1c-ba3b-51e1641b6760-22952117663552","trial_id":19,"step":40,"intermediate_value":0.9156400665269627}
{"op_code":9,"worker_id":"2bf13a8c-ed8c-4e1c-ba3b-51e1641b6760-22952117663552","trial_id":19,"system_attr":{"completed_rung_0":0.9156400665269627}}
{"op_code":6,"worker_id":"2bf13a8c-ed8c-4e1c-ba3b-51e1641b6760-22952117663552","trial_id":19,"state":2,"values":[0.9156400665269627],"datetime_complete":"2025-12-22T23:46:12.076026"}
{"op_code":4,"worker_id":"2bf13a8c-ed8c-4e1c-ba3b-51e1641b6760-22952117663552","study_id":0,"datetime_start":"2025-12-22T23:46:12.076387"}
{"op_code":5,"worker_id":"2bf13a8c-ed8c-4e1c-ba3b-51e1641b6760-22952117663552","trial_id":20,"param_name":"n_layers","param_value_internal":47.0,"distribution":"{\"name\": \"IntDistribution\", \"attributes\": {\"log\": false, \"step\": 1, \"low\": 2, \"high\": 64}}"}
{"op_code":5,"worker_id":"2bf13a8c-ed8c-4e1c-ba3b-51e1641b6760-22952117663552","trial_id":20,"param_name":"n_heads","param_value_internal":1,"distribution":"{\"name\": \"CategoricalDistribution\", \"attributes\": {\"choices\": [2, 4, 8, 16, 32]}}"}
{"op_code":5,"worker_id":"2bf13a8c-ed8c-4e1c-ba3b-51e1641b6760-22952117663552","trial_id":20,"param_name":"head_dim","param_value_internal":2,"distribution":"{\"name\": \"CategoricalDistribution\", \"attributes\": {\"choices\": [4, 8, 16, 32, 64]}}"}
{"op_code":8,"worker_id":"2bf13a8c-ed8c-4e1c-ba3b-51e1641b6760-22952117663552","trial_id":20,"user_attr":{"d_model":64}}
{"op_code":5,"worker_id":"2bf13a8c-ed8c-4e1c-ba3b-51e1641b6760-22952117663552","trial_id":20,"param_name":"lr","param_value_internal":0.00014799970306181688,"distribution":"{\"name\": \"FloatDistribution\", \"attributes\": {\"step\": null, \"low\": 1e-06, \"high\": 0.01, \"log\": true}}"}
{"op_code":5,"worker_id":"2bf13a8c-ed8c-4e1c-ba3b-51e1641b6760-22952117663552","trial_id":20,"param_name":"min_lr_ratio","param_value_internal":0.000614859947198728,"distribution":"{\"name\": \"FloatDistribution\", \"attributes\": {\"step\": null, \"low\": 0.0001, \"high\": 0.1, \"log\": true}}"}
{"op_code":5,"worker_id":"2bf13a8c-ed8c-4e1c-ba3b-51e1641b6760-22952117663552","trial_id":20,"param_name":"batch_size","param_value_internal":1,"distribution":"{\"name\": \"CategoricalDistribution\", \"attributes\": {\"choices\": [256, 512, 1024]}}"}
{"op_code":5,"worker_id":"2bf13a8c-ed8c-4e1c-ba3b-51e1641b6760-22952117663552","trial_id":20,"param_name":"weight_decay","param_value_internal":0.1379880988974811,"distribution":"{\"name\": \"FloatDistribution\", \"attributes\": {\"step\": null, \"low\": 0.0, \"high\": 0.3, \"log\": false}}"}
{"op_code":5,"worker_id":"2bf13a8c-ed8c-4e1c-ba3b-51e1641b6760-22952117663552","trial_id":20,"param_name":"beta_1","param_value_internal":0.7442433401796198,"distribution":"{\"name\": \"FloatDistribution\", \"attributes\": {\"step\": null, \"low\": 0.7, \"high\": 1.0, \"log\": false}}"}
{"op_code":5,"worker_id":"2bf13a8c-ed8c-4e1c-ba3b-51e1641b6760-22952117663552","trial_id":20,"param_name":"beta_2","param_value_internal":0.9860188693752875,"distribution":"{\"name\": \"FloatDistribution\", \"attributes\": {\"step\": null, \"low\": 0.9, \"high\": 1.0, \"log\": false}}"}
{"op_code":8,"worker_id":"2bf13a8c-ed8c-4e1c-ba3b-51e1641b6760-22952117663552","trial_id":20,"user_attr":{"min_lr":9.099908961001616e-08}}
{"op_code":7,"worker_id":"2bf13a8c-ed8c-4e1c-ba3b-51e1641b6760-22952117663552","trial_id":20,"step":0,"intermediate_value":0.9182069204031785}
{"op_code":7,"worker_id":"2bf13a8c-ed8c-4e1c-ba3b-51e1641b6760-22952117663552","trial_id":20,"step":1,"intermediate_value":0.9192356401490995}
{"op_code":7,"worker_id":"2bf13a8c-ed8c-4e1c-ba3b-51e1641b6760-22952117663552","trial_id":20,"step":2,"intermediate_value":0.919738395570436}
{"op_code":7,"worker_id":"2bf13a8c-ed8c-4e1c-ba3b-51e1641b6760-22952117663552","trial_id":20,"step":3,"intermediate_value":0.9194339847508133}
{"op_code":7,"worker_id":"2bf13a8c-ed8c-4e1c-ba3b-51e1641b6760-22952117663552","trial_id":20,"step":4,"intermediate_value":0.9201670880843736}
{"op_code":7,"worker_id":"2bf13a8c-ed8c-4e1c-ba3b-51e1641b6760-22952117663552","trial_id":20,"step":5,"intermediate_value":0.9184798833031389}
{"op_code":7,"worker_id":"2bf13a8c-ed8c-4e1c-ba3b-51e1641b6760-22952117663552","trial_id":20,"step":6,"intermediate_value":0.9203144654826054}
{"op_code":7,"worker_id":"2bf13a8c-ed8c-4e1c-ba3b-51e1641b6760-22952117663552","trial_id":20,"step":7,"intermediate_value":0.9224952033688872}
{"op_code":7,"worker_id":"2bf13a8c-ed8c-4e1c-ba3b-51e1641b6760-22952117663552","trial_id":20,"step":8,"intermediate_value":0.9173824406744888}
{"op_code":7,"worker_id":"2bf13a8c-ed8c-4e1c-ba3b-51e1641b6760-22952117663552","trial_id":20,"step":9,"intermediate_value":0.9157039489186107}
{"op_code":7,"worker_id":"2bf13a8c-ed8c-4e1c-ba3b-51e1641b6760-22952117663552","trial_id":20,"step":10,"intermediate_value":0.8616097814813345}
{"op_code":7,"worker_id":"2bf13a8c-ed8c-4e1c-ba3b-51e1641b6760-22952117663552","trial_id":20,"step":11,"intermediate_value":0.7331009075876374}
{"op_code":7,"worker_id":"2bf13a8c-ed8c-4e1c-ba3b-51e1641b6760-22952117663552","trial_id":20,"step":12,"intermediate_value":0.7140382432145722}
{"op_code":7,"worker_id":"2bf13a8c-ed8c-4e1c-ba3b-51e1641b6760-22952117663552","trial_id":20,"step":13,"intermediate_value":0.7114285002258183}
{"op_code":7,"worker_id":"2bf13a8c-ed8c-4e1c-ba3b-51e1641b6760-22952117663552","trial_id":20,"step":14,"intermediate_value":0.7139121388059777}
{"op_code":7,"worker_id":"2bf13a8c-ed8c-4e1c-ba3b-51e1641b6760-22952117663552","trial_id":20,"step":15,"intermediate_value":0.7174749231564759}
{"op_code":7,"worker_id":"2bf13a8c-ed8c-4e1c-ba3b-51e1641b6760-22952117663552","trial_id":20,"step":16,"intermediate_value":0.7284417673503518}
{"op_code":7,"worker_id":"2bf13a8c-ed8c-4e1c-ba3b-51e1641b6760-22952117663552","trial_id":20,"step":17,"intermediate_value":0.7117432111240084}
{"op_code":7,"worker_id":"2bf13a8c-ed8c-4e1c-ba3b-51e1641b6760-22952117663552","trial_id":20,"step":18,"intermediate_value":0.6827939096860332}
{"op_code":7,"worker_id":"2bf13a8c-ed8c-4e1c-ba3b-51e1641b6760-22952117663552","trial_id":20,"step":19,"intermediate_value":0.6812314084274772}
{"op_code":7,"worker_id":"2bf13a8c-ed8c-4e1c-ba3b-51e1641b6760-22952117663552","trial_id":20,"step":20,"intermediate_value":0.6774538314922283}
{"op_code":7,"worker_id":"2bf13a8c-ed8c-4e1c-ba3b-51e1641b6760-22952117663552","trial_id":20,"step":21,"intermediate_value":0.7223748223920168}
{"op_code":7,"worker_id":"2bf13a8c-ed8c-4e1c-ba3b-51e1641b6760-22952117663552","trial_id":20,"step":22,"intermediate_value":0.7642811642847027}
{"op_code":7,"worker_id":"2bf13a8c-ed8c-4e1c-ba3b-51e1641b6760-22952117663552","trial_id":20,"step":23,"intermediate_value":0.7423497179649055}
{"op_code":7,"worker_id":"2bf13a8c-ed8c-4e1c-ba3b-51e1641b6760-22952117663552","trial_id":20,"step":24,"intermediate_value":0.7563021064228859}
{"op_code":7,"worker_id":"2bf13a8c-ed8c-4e1c-ba3b-51e1641b6760-22952117663552","trial_id":20,"step":25,"intermediate_value":0.8129764175217064}
{"op_code":7,"worker_id":"2bf13a8c-ed8c-4e1c-ba3b-51e1641b6760-22952117663552","trial_id":20,"step":26,"intermediate_value":0.8778544527921529}
{"op_code":7,"worker_id":"2bf13a8c-ed8c-4e1c-ba3b-51e1641b6760-22952117663552","trial_id":20,"step":27,"intermediate_value":0.8739458642820447}
{"op_code":7,"worker_id":"2bf13a8c-ed8c-4e1c-ba3b-51e1641b6760-22952117663552","trial_id":20,"step":28,"intermediate_value":0.895436204413078}
{"op_code":7,"worker_id":"2bf13a8c-ed8c-4e1c-ba3b-51e1641b6760-22952117663552","trial_id":20,"step":29,"intermediate_value":0.9093214245877657}
{"op_code":7,"worker_id":"2bf13a8c-ed8c-4e1c-ba3b-51e1641b6760-22952117663552","trial_id":20,"step":30,"intermediate_value":0.9187635013641412}
{"op_code":7,"worker_id":"2bf13a8c-ed8c-4e1c-ba3b-51e1641b6760-22952117663552","trial_id":20,"step":31,"intermediate_value":0.91279033749129}
{"op_code":9,"worker_id":"2bf13a8c-ed8c-4e1c-ba3b-51e1641b6760-22952117663552","trial_id":20,"system_attr":{"completed_rung_0":0.91279033749129}}
{"op_code":6,"worker_id":"2bf13a8c-ed8c-4e1c-ba3b-51e1641b6760-22952117663552","trial_id":20,"state":2,"values":[0.91279033749129],"datetime_complete":"2025-12-22T23:49:42.067208"}
{"op_code":4,"worker_id":"2bf13a8c-ed8c-4e1c-ba3b-51e1641b6760-22952117663552","study_id":0,"datetime_start":"2025-12-22T23:49:42.067561"}
{"op_code":5,"worker_id":"2bf13a8c-ed8c-4e1c-ba3b-51e1641b6760-22952117663552","trial_id":21,"param_name":"n_layers","param_value_internal":57.0,"distribution":"{\"name\": \"IntDistribution\", \"attributes\": {\"log\": false, \"step\": 1, \"low\": 2, \"high\": 64}}"}
{"op_code":5,"worker_id":"2bf13a8c-ed8c-4e1c-ba3b-51e1641b6760-22952117663552","trial_id":21,"param_name":"n_heads","param_value_internal":1,"distribution":"{\"name\": \"CategoricalDistribution\", \"attributes\": {\"choices\": [2, 4, 8, 16, 32]}}"}
{"op_code":5,"worker_id":"2bf13a8c-ed8c-4e1c-ba3b-51e1641b6760-22952117663552","trial_id":21,"param_name":"head_dim","param_value_internal":2,"distribution":"{\"name\": \"CategoricalDistribution\", \"attributes\": {\"choices\": [4, 8, 16, 32, 64]}}"}
{"op_code":8,"worker_id":"2bf13a8c-ed8c-4e1c-ba3b-51e1641b6760-22952117663552","trial_id":21,"user_attr":{"d_model":64}}
{"op_code":5,"worker_id":"2bf13a8c-ed8c-4e1c-ba3b-51e1641b6760-22952117663552","trial_id":21,"param_name":"lr","param_value_internal":0.002311517114763277,"distribution":"{\"name\": \"FloatDistribution\", \"attributes\": {\"step\": null, \"low\": 1e-06, \"high\": 0.01, \"log\": true}}"}
{"op_code":5,"worker_id":"2bf13a8c-ed8c-4e1c-ba3b-51e1641b6760-22952117663552","trial_id":21,"param_name":"min_lr_ratio","param_value_internal":0.001560084866344589,"distribution":"{\"name\": \"FloatDistribution\", \"attributes\": {\"step\": null, \"low\": 0.0001, \"high\": 0.1, \"log\": true}}"}
{"op_code":5,"worker_id":"2bf13a8c-ed8c-4e1c-ba3b-51e1641b6760-22952117663552","trial_id":21,"param_name":"batch_size","param_value_internal":1,"distribution":"{\"name\": \"CategoricalDistribution\", \"attributes\": {\"choices\": [256, 512, 1024]}}"}
{"op_code":5,"worker_id":"2bf13a8c-ed8c-4e1c-ba3b-51e1641b6760-22952117663552","trial_id":21,"param_name":"weight_decay","param_value_internal":0.0009043566415426225,"distribution":"{\"name\": \"FloatDistribution\", \"attributes\": {\"step\": null, \"low\": 0.0, \"high\": 0.3, \"log\": false}}"}
{"op_code":5,"worker_id":"2bf13a8c-ed8c-4e1c-ba3b-51e1641b6760-22952117663552","trial_id":21,"param_name":"beta_1","param_value_internal":0.7317013123179221,"distribution":"{\"name\": \"FloatDistribution\", \"attributes\": {\"step\": null, \"low\": 0.7, \"high\": 1.0, \"log\": false}}"}
{"op_code":5,"worker_id":"2bf13a8c-ed8c-4e1c-ba3b-51e1641b6760-22952117663552","trial_id":21,"param_name":"beta_2","param_value_internal":0.9944360300180419,"distribution":"{\"name\": \"FloatDistribution\", \"attributes\": {\"step\": null, \"low\": 0.9, \"high\": 1.0, \"log\": false}}"}
{"op_code":8,"worker_id":"2bf13a8c-ed8c-4e1c-ba3b-51e1641b6760-22952117663552","trial_id":21,"user_attr":{"min_lr":3.606162869038697e-06}}
{"op_code":7,"worker_id":"2bf13a8c-ed8c-4e1c-ba3b-51e1641b6760-22952117663552","trial_id":21,"step":0,"intermediate_value":0.7369279886904136}
{"op_code":7,"worker_id":"2bf13a8c-ed8c-4e1c-ba3b-51e1641b6760-22952117663552","trial_id":21,"step":1,"intermediate_value":0.5493183986572184}
{"op_code":7,"worker_id":"2bf13a8c-ed8c-4e1c-ba3b-51e1641b6760-22952117663552","trial_id":21,"step":2,"intermediate_value":0.5286249886769558}
{"op_code":7,"worker_id":"2bf13a8c-ed8c-4e1c-ba3b-51e1641b6760-22952117663552","trial_id":21,"step":3,"intermediate_value":0.4893590611707273}
{"op_code":7,"worker_id":"2bf13a8c-ed8c-4e1c-ba3b-51e1641b6760-22952117663552","trial_id":21,"step":4,"intermediate_value":0.4647826778648304}
{"op_code":7,"worker_id":"2bf13a8c-ed8c-4e1c-ba3b-51e1641b6760-22952117663552","trial_id":21,"step":5,"intermediate_value":0.46911574725154453}
{"op_code":7,"worker_id":"2bf13a8c-ed8c-4e1c-ba3b-51e1641b6760-22952117663552","trial_id":21,"step":6,"intermediate_value":0.5077381556144388}
{"op_code":7,"worker_id":"2bf13a8c-ed8c-4e1c-ba3b-51e1641b6760-22952117663552","trial_id":21,"step":7,"intermediate_value":0.5774854509997339}
{"op_code":7,"worker_id":"2bf13a8c-ed8c-4e1c-ba3b-51e1641b6760-22952117663552","trial_id":21,"step":8,"intermediate_value":0.4753194181237498}
{"op_code":7,"worker_id":"2bf13a8c-ed8c-4e1c-ba3b-51e1641b6760-22952117663552","trial_id":21,"step":9,"intermediate_value":0.504442017096783}
{"op_code":7,"worker_id":"2bf13a8c-ed8c-4e1c-ba3b-51e1641b6760-22952117663552","trial_id":21,"step":10,"intermediate_value":0.4557037795070793}
{"op_code":7,"worker_id":"2bf13a8c-ed8c-4e1c-ba3b-51e1641b6760-22952117663552","trial_id":21,"step":11,"intermediate_value":0.462215232467312}
{"op_code":7,"worker_id":"2bf13a8c-ed8c-4e1c-ba3b-51e1641b6760-22952117663552","trial_id":21,"step":12,"intermediate_value":0.5057683926460157}
{"op_code":7,"worker_id":"2bf13a8c-ed8c-4e1c-ba3b-51e1641b6760-22952117663552","trial_id":21,"step":13,"intermediate_value":0.45274930453526735}
{"op_code":7,"worker_id":"2bf13a8c-ed8c-4e1c-ba3b-51e1641b6760-22952117663552","trial_id":21,"step":14,"intermediate_value":0.4616664118119123}
{"op_code":7,"worker_id":"2bf13a8c-ed8c-4e1c-ba3b-51e1641b6760-22952117663552","trial_id":21,"step":15,"intermediate_value":0.4546577301879512}
{"op_code":7,"worker_id":"2bf13a8c-ed8c-4e1c-ba3b-51e1641b6760-22952117663552","trial_id":21,"step":16,"intermediate_value":0.47880993039299724}
{"op_code":7,"worker_id":"2bf13a8c-ed8c-4e1c-ba3b-51e1641b6760-22952117663552","trial_id":21,"step":17,"intermediate_value":0.4662775943499867}
{"op_code":7,"worker_id":"2bf13a8c-ed8c-4e1c-ba3b-51e1641b6760-22952117663552","trial_id":21,"step":18,"intermediate_value":0.47782246052582494}
{"op_code":7,"worker_id":"2bf13a8c-ed8c-4e1c-ba3b-51e1641b6760-22952117663552","trial_id":21,"step":19,"intermediate_value":0.473015500698791}
{"op_code":7,"worker_id":"2bf13a8c-ed8c-4e1c-ba3b-51e1641b6760-22952117663552","trial_id":21,"step":20,"intermediate_value":0.46960423895614145}
{"op_code":7,"worker_id":"2bf13a8c-ed8c-4e1c-ba3b-51e1641b6760-22952117663552","trial_id":21,"step":21,"intermediate_value":0.4834474347098725}
{"op_code":7,"worker_id":"2bf13a8c-ed8c-4e1c-ba3b-51e1641b6760-22952117663552","trial_id":21,"step":22,"intermediate_value":0.467656658531508}
{"op_code":7,"worker_id":"2bf13a8c-ed8c-4e1c-ba3b-51e1641b6760-22952117663552","trial_id":21,"step":23,"intermediate_value":0.47422425828935977}
{"op_code":7,"worker_id":"2bf13a8c-ed8c-4e1c-ba3b-51e1641b6760-22952117663552","trial_id":21,"step":24,"intermediate_value":0.48046714141699765}
{"op_code":9,"worker_id":"2bf13a8c-ed8c-4e1c-ba3b-51e1641b6760-22952117663552","trial_id":21,"system_attr":{"completed_rung_0":0.48046714141699765}}
{"op_code":7,"worker_id":"2bf13a8c-ed8c-4e1c-ba3b-51e1641b6760-22952117663552","trial_id":21,"step":25,"intermediate_value":0.4662693490761455}
{"op_code":7,"worker_id":"2bf13a8c-ed8c-4e1c-ba3b-51e1641b6760-22952117663552","trial_id":21,"step":26,"intermediate_value":0.46625488370763024}
{"op_code":7,"worker_id":"2bf13a8c-ed8c-4e1c-ba3b-51e1641b6760-22952117663552","trial_id":21,"step":27,"intermediate_value":0.4837078732457167}
{"op_code":7,"worker_id":"2bf13a8c-ed8c-4e1c-ba3b-51e1641b6760-22952117663552","trial_id":21,"step":28,"intermediate_value":0.5091638671121563}
{"op_code":7,"worker_id":"2bf13a8c-ed8c-4e1c-ba3b-51e1641b6760-22952117663552","trial_id":21,"step":29,"intermediate_value":0.493049850172561}
{"op_code":7,"worker_id":"2bf13a8c-ed8c-4e1c-ba3b-51e1641b6760-22952117663552","trial_id":21,"step":30,"intermediate_value":0.49893775599989887}
{"op_code":7,"worker_id":"2bf13a8c-ed8c-4e1c-ba3b-51e1641b6760-22952117663552","trial_id":21,"step":31,"intermediate_value":0.5265356349280438}
{"op_code":7,"worker_id":"2bf13a8c-ed8c-4e1c-ba3b-51e1641b6760-22952117663552","trial_id":21,"step":32,"intermediate_value":0.5219268539339339}
{"op_code":7,"worker_id":"2bf13a8c-ed8c-4e1c-ba3b-51e1641b6760-22952117663552","trial_id":21,"step":33,"intermediate_value":0.4693256567098633}
{"op_code":7,"worker_id":"2bf13a8c-ed8c-4e1c-ba3b-51e1641b6760-22952117663552","trial_id":21,"step":34,"intermediate_value":0.5049640016270136}
{"op_code":7,"worker_id":"2bf13a8c-ed8c-4e1c-ba3b-51e1641b6760-22952117663552","trial_id":21,"step":35,"intermediate_value":0.47341161556232586}
{"op_code":7,"worker_id":"2bf13a8c-ed8c-4e1c-ba3b-51e1641b6760-22952117663552","trial_id":21,"step":36,"intermediate_value":0.4761523800600466}
{"op_code":7,"worker_id":"2bf13a8c-ed8c-4e1c-ba3b-51e1641b6760-22952117663552","trial_id":21,"step":37,"intermediate_value":0.46775186065394403}
{"op_code":7,"worker_id":"2bf13a8c-ed8c-4e1c-ba3b-51e1641b6760-22952117663552","trial_id":21,"step":38,"intermediate_value":0.4918743397770969}
{"op_code":7,"worker_id":"2bf13a8c-ed8c-4e1c-ba3b-51e1641b6760-22952117663552","trial_id":21,"step":39,"intermediate_value":0.45852965356899184}
{"op_code":7,"worker_id":"2bf13a8c-ed8c-4e1c-ba3b-51e1641b6760-22952117663552","trial_id":21,"step":40,"intermediate_value":0.4667175272888419}
{"op_code":9,"worker_id":"2bf13a8c-ed8c-4e1c-ba3b-51e1641b6760-22952117663552","trial_id":21,"system_attr":{"completed_rung_1":0.4667175272888419}}
{"op_code":7,"worker_id":"2bf13a8c-ed8c-4e1c-ba3b-51e1641b6760-22952117663552","trial_id":21,"step":41,"intermediate_value":0.4846284228287558}
{"op_code":7,"worker_id":"2bf13a8c-ed8c-4e1c-ba3b-51e1641b6760-22952117663552","trial_id":21,"step":42,"intermediate_value":0.46132864869362095}
{"op_code":7,"worker_id":"2bf13a8c-ed8c-4e1c-ba3b-51e1641b6760-22952117663552","trial_id":21,"step":43,"intermediate_value":0.4563579571699615}
{"op_code":7,"worker_id":"2bf13a8c-ed8c-4e1c-ba3b-51e1641b6760-22952117663552","trial_id":21,"step":44,"intermediate_value":0.5104185923987012}
{"op_code":7,"worker_id":"2bf13a8c-ed8c-4e1c-ba3b-51e1641b6760-22952117663552","trial_id":21,"step":45,"intermediate_value":0.4606672318239088}
{"op_code":7,"worker_id":"2bf13a8c-ed8c-4e1c-ba3b-51e1641b6760-22952117663552","trial_id":21,"step":46,"intermediate_value":0.47472904875326555}
{"op_code":7,"worker_id":"2bf13a8c-ed8c-4e1c-ba3b-51e1641b6760-22952117663552","trial_id":21,"step":47,"intermediate_value":0.5319843097089448}
{"op_code":7,"worker_id":"2bf13a8c-ed8c-4e1c-ba3b-51e1641b6760-22952117663552","trial_id":21,"step":48,"intermediate_value":0.4806669296106834}
{"op_code":7,"worker_id":"2bf13a8c-ed8c-4e1c-ba3b-51e1641b6760-22952117663552","trial_id":21,"step":49,"intermediate_value":0.45420767548952523}
{"op_code":7,"worker_id":"2bf13a8c-ed8c-4e1c-ba3b-51e1641b6760-22952117663552","trial_id":21,"step":50,"intermediate_value":0.4612294897914357}
{"op_code":7,"worker_id":"2bf13a8c-ed8c-4e1c-ba3b-51e1641b6760-22952117663552","trial_id":21,"step":51,"intermediate_value":0.4582199704958168}
{"op_code":7,"worker_id":"2bf13a8c-ed8c-4e1c-ba3b-51e1641b6760-22952117663552","trial_id":21,"step":52,"intermediate_value":0.45065018096286913}
{"op_code":7,"worker_id":"2bf13a8c-ed8c-4e1c-ba3b-51e1641b6760-22952117663552","trial_id":21,"step":53,"intermediate_value":0.45843694232678217}
{"op_code":7,"worker_id":"2bf13a8c-ed8c-4e1c-ba3b-51e1641b6760-22952117663552","trial_id":21,"step":54,"intermediate_value":0.4829445734425655}
{"op_code":7,"worker_id":"2bf13a8c-ed8c-4e1c-ba3b-51e1641b6760-22952117663552","trial_id":21,"step":55,"intermediate_value":0.45987064222565466}
{"op_code":7,"worker_id":"2bf13a8c-ed8c-4e1c-ba3b-51e1641b6760-22952117663552","trial_id":21,"step":56,"intermediate_value":0.4489922344613895}
{"op_code":7,"worker_id":"2bf13a8c-ed8c-4e1c-ba3b-51e1641b6760-22952117663552","trial_id":21,"step":57,"intermediate_value":0.4441593666588567}
{"op_code":7,"worker_id":"2bf13a8c-ed8c-4e1c-ba3b-51e1641b6760-22952117663552","trial_id":21,"step":58,"intermediate_value":0.48600093064076255}
{"op_code":7,"worker_id":"2bf13a8c-ed8c-4e1c-ba3b-51e1641b6760-22952117663552","trial_id":21,"step":59,"intermediate_value":0.5105718780454792}
{"op_code":7,"worker_id":"2bf13a8c-ed8c-4e1c-ba3b-51e1641b6760-22952117663552","trial_id":21,"step":60,"intermediate_value":0.47047579330905903}
{"op_code":7,"worker_id":"2bf13a8c-ed8c-4e1c-ba3b-51e1641b6760-22952117663552","trial_id":21,"step":61,"intermediate_value":0.4595770969156127}
{"op_code":7,"worker_id":"2bf13a8c-ed8c-4e1c-ba3b-51e1641b6760-22952117663552","trial_id":21,"step":62,"intermediate_value":0.48350339046152463}
{"op_code":7,"worker_id":"2bf13a8c-ed8c-4e1c-ba3b-51e1641b6760-22952117663552","trial_id":21,"step":63,"intermediate_value":0.45598667149441946}
{"op_code":7,"worker_id":"2bf13a8c-ed8c-4e1c-ba3b-51e1641b6760-22952117663552","trial_id":21,"step":64,"intermediate_value":0.49686058189096827}
{"op_code":7,"worker_id":"2bf13a8c-ed8c-4e1c-ba3b-51e1641b6760-22952117663552","trial_id":21,"step":65,"intermediate_value":0.4688054364912592}
{"op_code":7,"worker_id":"2bf13a8c-ed8c-4e1c-ba3b-51e1641b6760-22952117663552","trial_id":21,"step":66,"intermediate_value":0.4725833952709732}
{"op_code":7,"worker_id":"2bf13a8c-ed8c-4e1c-ba3b-51e1641b6760-22952117663552","trial_id":21,"step":67,"intermediate_value":0.4731497388434721}
{"op_code":7,"worker_id":"2bf13a8c-ed8c-4e1c-ba3b-51e1641b6760-22952117663552","trial_id":21,"step":68,"intermediate_value":0.4541669261342407}
{"op_code":7,"worker_id":"2bf13a8c-ed8c-4e1c-ba3b-51e1641b6760-22952117663552","trial_id":21,"step":69,"intermediate_value":0.47255772946143915}
{"op_code":7,"worker_id":"2bf13a8c-ed8c-4e1c-ba3b-51e1641b6760-22952117663552","trial_id":21,"step":70,"intermediate_value":0.45869877669310655}
{"op_code":7,"worker_id":"2bf13a8c-ed8c-4e1c-ba3b-51e1641b6760-22952117663552","trial_id":21,"step":71,"intermediate_value":0.4540040254734306}
{"op_code":7,"worker_id":"2bf13a8c-ed8c-4e1c-ba3b-51e1641b6760-22952117663552","trial_id":21,"step":72,"intermediate_value":0.450068553253425}
{"op_code":7,"worker_id":"2bf13a8c-ed8c-4e1c-ba3b-51e1641b6760-22952117663552","trial_id":21,"step":73,"intermediate_value":0.6009413237249299}
{"op_code":7,"worker_id":"2bf13a8c-ed8c-4e1c-ba3b-51e1641b6760-22952117663552","trial_id":21,"step":74,"intermediate_value":0.4789556254271511}
{"op_code":7,"worker_id":"2bf13a8c-ed8c-4e1c-ba3b-51e1641b6760-22952117663552","trial_id":21,"step":75,"intermediate_value":0.4801966487866421}
{"op_code":7,"worker_id":"2bf13a8c-ed8c-4e1c-ba3b-51e1641b6760-22952117663552","trial_id":21,"step":76,"intermediate_value":0.4772636961116768}
{"op_code":7,"worker_id":"2bf13a8c-ed8c-4e1c-ba3b-51e1641b6760-22952117663552","trial_id":21,"step":77,"intermediate_value":0.4580872729155517}
{"op_code":7,"worker_id":"2bf13a8c-ed8c-4e1c-ba3b-51e1641b6760-22952117663552","trial_id":21,"step":78,"intermediate_value":0.48727447536916496}
{"op_code":7,"worker_id":"2bf13a8c-ed8c-4e1c-ba3b-51e1641b6760-22952117663552","trial_id":21,"step":79,"intermediate_value":0.49869265844813443}
{"op_code":7,"worker_id":"2bf13a8c-ed8c-4e1c-ba3b-51e1641b6760-22952117663552","trial_id":21,"step":80,"intermediate_value":0.47854549017948045}
{"op_code":9,"worker_id":"2bf13a8c-ed8c-4e1c-ba3b-51e1641b6760-22952117663552","trial_id":21,"system_attr":{"completed_rung_2":0.47854549017948045}}
{"op_code":7,"worker_id":"2bf13a8c-ed8c-4e1c-ba3b-51e1641b6760-22952117663552","trial_id":21,"step":81,"intermediate_value":0.4736728627203764}
{"op_code":7,"worker_id":"2bf13a8c-ed8c-4e1c-ba3b-51e1641b6760-22952117663552","trial_id":21,"step":82,"intermediate_value":0.4704297464230448}
{"op_code":7,"worker_id":"2bf13a8c-ed8c-4e1c-ba3b-51e1641b6760-22952117663552","trial_id":21,"step":83,"intermediate_value":0.48670757110291385}
{"op_code":7,"worker_id":"2bf13a8c-ed8c-4e1c-ba3b-51e1641b6760-22952117663552","trial_id":21,"step":84,"intermediate_value":0.45187622096614904}
{"op_code":7,"worker_id":"2bf13a8c-ed8c-4e1c-ba3b-51e1641b6760-22952117663552","trial_id":21,"step":85,"intermediate_value":0.46259236325148584}
{"op_code":7,"worker_id":"2bf13a8c-ed8c-4e1c-ba3b-51e1641b6760-22952117663552","trial_id":21,"step":86,"intermediate_value":0.49652297527906025}
{"op_code":7,"worker_id":"2bf13a8c-ed8c-4e1c-ba3b-51e1641b6760-22952117663552","trial_id":21,"step":87,"intermediate_value":0.45274630128842375}
{"op_code":7,"worker_id":"2bf13a8c-ed8c-4e1c-ba3b-51e1641b6760-22952117663552","trial_id":21,"step":88,"intermediate_value":0.4663369925350198}
{"op_code":7,"worker_id":"2bf13a8c-ed8c-4e1c-ba3b-51e1641b6760-22952117663552","trial_id":21,"step":89,"intermediate_value":0.44991796756271507}
{"op_code":7,"worker_id":"2bf13a8c-ed8c-4e1c-ba3b-51e1641b6760-22952117663552","trial_id":21,"step":90,"intermediate_value":0.48228232182500486}
{"op_code":7,"worker_id":"2bf13a8c-ed8c-4e1c-ba3b-51e1641b6760-22952117663552","trial_id":21,"step":91,"intermediate_value":0.4531191020390883}
{"op_code":7,"worker_id":"2bf13a8c-ed8c-4e1c-ba3b-51e1641b6760-22952117663552","trial_id":21,"step":92,"intermediate_value":0.4571982676943285}
{"op_code":7,"worker_id":"2bf13a8c-ed8c-4e1c-ba3b-51e1641b6760-22952117663552","trial_id":21,"step":93,"intermediate_value":0.46069459452747874}
{"op_code":7,"worker_id":"2bf13a8c-ed8c-4e1c-ba3b-51e1641b6760-22952117663552","trial_id":21,"step":94,"intermediate_value":0.466155677538891}
{"op_code":7,"worker_id":"2bf13a8c-ed8c-4e1c-ba3b-51e1641b6760-22952117663552","trial_id":21,"step":95,"intermediate_value":0.4601837482882281}
{"op_code":7,"worker_id":"2bf13a8c-ed8c-4e1c-ba3b-51e1641b6760-22952117663552","trial_id":21,"step":96,"intermediate_value":0.4597092650185559}
{"op_code":7,"worker_id":"2bf13a8c-ed8c-4e1c-ba3b-51e1641b6760-22952117663552","trial_id":21,"step":97,"intermediate_value":0.45883564030572616}
{"op_code":7,"worker_id":"2bf13a8c-ed8c-4e1c-ba3b-51e1641b6760-22952117663552","trial_id":21,"step":98,"intermediate_value":0.45986053139006683}
{"op_code":7,"worker_id":"2bf13a8c-ed8c-4e1c-ba3b-51e1641b6760-22952117663552","trial_id":21,"step":99,"intermediate_value":0.45946083480353034}
{"op_code":6,"worker_id":"2bf13a8c-ed8c-4e1c-ba3b-51e1641b6760-22952117663552","trial_id":21,"state":1,"values":[0.4441593666588567],"datetime_complete":"2025-12-23T00:03:53.165651"}
{"op_code":4,"worker_id":"2bf13a8c-ed8c-4e1c-ba3b-51e1641b6760-22952117663552","study_id":0,"datetime_start":"2025-12-23T00:03:53.166358"}
{"op_code":5,"worker_id":"2bf13a8c-ed8c-4e1c-ba3b-51e1641b6760-22952117663552","trial_id":22,"param_name":"n_layers","param_value_internal":56.0,"distribution":"{\"name\": \"IntDistribution\", \"attributes\": {\"log\": false, \"step\": 1, \"low\": 2, \"high\": 64}}"}
{"op_code":5,"worker_id":"2bf13a8c-ed8c-4e1c-ba3b-51e1641b6760-22952117663552","trial_id":22,"param_name":"n_heads","param_value_internal":1,"distribution":"{\"name\": \"CategoricalDistribution\", \"attributes\": {\"choices\": [2, 4, 8, 16, 32]}}"}
{"op_code":5,"worker_id":"2bf13a8c-ed8c-4e1c-ba3b-51e1641b6760-22952117663552","trial_id":22,"param_name":"head_dim","param_value_internal":2,"distribution":"{\"name\": \"CategoricalDistribution\", \"attributes\": {\"choices\": [4, 8, 16, 32, 64]}}"}
{"op_code":8,"worker_id":"2bf13a8c-ed8c-4e1c-ba3b-51e1641b6760-22952117663552","trial_id":22,"user_attr":{"d_model":64}}
{"op_code":5,"worker_id":"2bf13a8c-ed8c-4e1c-ba3b-51e1641b6760-22952117663552","trial_id":22,"param_name":"lr","param_value_internal":0.0024189716030678485,"distribution":"{\"name\": \"FloatDistribution\", \"attributes\": {\"step\": null, \"low\": 1e-06, \"high\": 0.01, \"log\": true}}"}
{"op_code":5,"worker_id":"2bf13a8c-ed8c-4e1c-ba3b-51e1641b6760-22952117663552","trial_id":22,"param_name":"min_lr_ratio","param_value_internal":0.002530581799882613,"distribution":"{\"name\": \"FloatDistribution\", \"attributes\": {\"step\": null, \"low\": 0.0001, \"high\": 0.1, \"log\": true}}"}
{"op_code":5,"worker_id":"2bf13a8c-ed8c-4e1c-ba3b-51e1641b6760-22952117663552","trial_id":22,"param_name":"batch_size","param_value_internal":1,"distribution":"{\"name\": \"CategoricalDistribution\", \"attributes\": {\"choices\": [256, 512, 1024]}}"}
{"op_code":5,"worker_id":"2bf13a8c-ed8c-4e1c-ba3b-51e1641b6760-22952117663552","trial_id":22,"param_name":"weight_decay","param_value_internal":0.025216061096719117,"distribution":"{\"name\": \"FloatDistribution\", \"attributes\": {\"step\": null, \"low\": 0.0, \"high\": 0.3, \"log\": false}}"}
{"op_code":5,"worker_id":"2bf13a8c-ed8c-4e1c-ba3b-51e1641b6760-22952117663552","trial_id":22,"param_name":"beta_1","param_value_internal":0.7457587721646535,"distribution":"{\"name\": \"FloatDistribution\", \"attributes\": {\"step\": null, \"low\": 0.7, \"high\": 1.0, \"log\": false}}"}
{"op_code":5,"worker_id":"2bf13a8c-ed8c-4e1c-ba3b-51e1641b6760-22952117663552","trial_id":22,"param_name":"beta_2","param_value_internal":0.9901952883008219,"distribution":"{\"name\": \"FloatDistribution\", \"attributes\": {\"step\": null, \"low\": 0.9, \"high\": 1.0, \"log\": false}}"}
{"op_code":8,"worker_id":"2bf13a8c-ed8c-4e1c-ba3b-51e1641b6760-22952117663552","trial_id":22,"user_attr":{"min_lr":6.121405513156365e-06}}
{"op_code":7,"worker_id":"2bf13a8c-ed8c-4e1c-ba3b-51e1641b6760-22952117663552","trial_id":22,"step":0,"intermediate_value":0.8357288502289307}
{"op_code":7,"worker_id":"2bf13a8c-ed8c-4e1c-ba3b-51e1641b6760-22952117663552","trial_id":22,"step":1,"intermediate_value":0.6623787249251758}
{"op_code":7,"worker_id":"2bf13a8c-ed8c-4e1c-ba3b-51e1641b6760-22952117663552","trial_id":22,"step":2,"intermediate_value":0.6321963687667077}
{"op_code":7,"worker_id":"2bf13a8c-ed8c-4e1c-ba3b-51e1641b6760-22952117663552","trial_id":22,"step":3,"intermediate_value":0.6299447475237637}
{"op_code":7,"worker_id":"2bf13a8c-ed8c-4e1c-ba3b-51e1641b6760-22952117663552","trial_id":22,"step":4,"intermediate_value":0.6450941013271698}
{"op_code":7,"worker_id":"2bf13a8c-ed8c-4e1c-ba3b-51e1641b6760-22952117663552","trial_id":22,"step":5,"intermediate_value":0.5955018142364203}
{"op_code":7,"worker_id":"2bf13a8c-ed8c-4e1c-ba3b-51e1641b6760-22952117663552","trial_id":22,"step":6,"intermediate_value":0.765955992935674}
{"op_code":7,"worker_id":"2bf13a8c-ed8c-4e1c-ba3b-51e1641b6760-22952117663552","trial_id":22,"step":7,"intermediate_value":0.7042253308024695}
{"op_code":7,"worker_id":"2bf13a8c-ed8c-4e1c-ba3b-51e1641b6760-22952117663552","trial_id":22,"step":8,"intermediate_value":0.6107671419213816}
{"op_code":7,"worker_id":"2bf13a8c-ed8c-4e1c-ba3b-51e1641b6760-22952117663552","trial_id":22,"step":9,"intermediate_value":0.5012445219329527}
{"op_code":7,"worker_id":"2bf13a8c-ed8c-4e1c-ba3b-51e1641b6760-22952117663552","trial_id":22,"step":10,"intermediate_value":0.4987071333972302}
{"op_code":7,"worker_id":"2bf13a8c-ed8c-4e1c-ba3b-51e1641b6760-22952117663552","trial_id":22,"step":11,"intermediate_value":0.47208457838739504}
{"op_code":7,"worker_id":"2bf13a8c-ed8c-4e1c-ba3b-51e1641b6760-22952117663552","trial_id":22,"step":12,"intermediate_value":0.4846409173551969}
{"op_code":7,"worker_id":"2bf13a8c-ed8c-4e1c-ba3b-51e1641b6760-22952117663552","trial_id":22,"step":13,"intermediate_value":0.481714614204099}
{"op_code":7,"worker_id":"2bf13a8c-ed8c-4e1c-ba3b-51e1641b6760-22952117663552","trial_id":22,"step":14,"intermediate_value":0.500436688303806}
{"op_code":7,"worker_id":"2bf13a8c-ed8c-4e1c-ba3b-51e1641b6760-22952117663552","trial_id":22,"step":15,"intermediate_value":0.5045833173312892}
{"op_code":7,"worker_id":"2bf13a8c-ed8c-4e1c-ba3b-51e1641b6760-22952117663552","trial_id":22,"step":16,"intermediate_value":0.5162702752884879}
{"op_code":7,"worker_id":"2bf13a8c-ed8c-4e1c-ba3b-51e1641b6760-22952117663552","trial_id":22,"step":17,"intermediate_value":0.5408250383352187}
{"op_code":7,"worker_id":"2bf13a8c-ed8c-4e1c-ba3b-51e1641b6760-22952117663552","trial_id":22,"step":18,"intermediate_value":0.5942130986764621}
{"op_code":7,"worker_id":"2bf13a8c-ed8c-4e1c-ba3b-51e1641b6760-22952117663552","trial_id":22,"step":19,"intermediate_value":0.5911743623576837}
{"op_code":7,"worker_id":"2bf13a8c-ed8c-4e1c-ba3b-51e1641b6760-22952117663552","trial_id":22,"step":20,"intermediate_value":0.5981441260374031}
{"op_code":7,"worker_id":"2bf13a8c-ed8c-4e1c-ba3b-51e1641b6760-22952117663552","trial_id":22,"step":21,"intermediate_value":0.6626259524061445}
{"op_code":7,"worker_id":"2bf13a8c-ed8c-4e1c-ba3b-51e1641b6760-22952117663552","trial_id":22,"step":22,"intermediate_value":0.6085025468047969}
{"op_code":7,"worker_id":"2bf13a8c-ed8c-4e1c-ba3b-51e1641b6760-22952117663552","trial_id":22,"step":23,"intermediate_value":0.6240679833105592}
{"op_code":7,"worker_id":"2bf13a8c-ed8c-4e1c-ba3b-51e1641b6760-22952117663552","trial_id":22,"step":24,"intermediate_value":0.6061450035122365}
{"op_code":7,"worker_id":"2bf13a8c-ed8c-4e1c-ba3b-51e1641b6760-22952117663552","trial_id":22,"step":25,"intermediate_value":0.6547577457495856}
{"op_code":7,"worker_id":"2bf13a8c-ed8c-4e1c-ba3b-51e1641b6760-22952117663552","trial_id":22,"step":26,"intermediate_value":0.6442984464188346}
{"op_code":7,"worker_id":"2bf13a8c-ed8c-4e1c-ba3b-51e1641b6760-22952117663552","trial_id":22,"step":27,"intermediate_value":0.6436066712348911}
{"op_code":7,"worker_id":"2bf13a8c-ed8c-4e1c-ba3b-51e1641b6760-22952117663552","trial_id":22,"step":28,"intermediate_value":0.8555565333592652}
{"op_code":7,"worker_id":"2bf13a8c-ed8c-4e1c-ba3b-51e1641b6760-22952117663552","trial_id":22,"step":29,"intermediate_value":0.7962795363767857}
{"op_code":7,"worker_id":"2bf13a8c-ed8c-4e1c-ba3b-51e1641b6760-22952117663552","trial_id":22,"step":30,"intermediate_value":0.9125391213070879}
{"op_code":7,"worker_id":"2bf13a8c-ed8c-4e1c-ba3b-51e1641b6760-22952117663552","trial_id":22,"step":31,"intermediate_value":0.9163381678636671}
{"op_code":7,"worker_id":"2bf13a8c-ed8c-4e1c-ba3b-51e1641b6760-22952117663552","trial_id":22,"step":32,"intermediate_value":0.9152070715192657}
{"op_code":7,"worker_id":"2bf13a8c-ed8c-4e1c-ba3b-51e1641b6760-22952117663552","trial_id":22,"step":33,"intermediate_value":0.916180456236164}
{"op_code":7,"worker_id":"2bf13a8c-ed8c-4e1c-ba3b-51e1641b6760-22952117663552","trial_id":22,"step":34,"intermediate_value":0.9195275951534828}
{"op_code":7,"worker_id":"2bf13a8c-ed8c-4e1c-ba3b-51e1641b6760-22952117663552","trial_id":22,"step":35,"intermediate_value":0.9167407605430268}
{"op_code":7,"worker_id":"2bf13a8c-ed8c-4e1c-ba3b-51e1641b6760-22952117663552","trial_id":22,"step":36,"intermediate_value":0.9148655142082721}
{"op_code":7,"worker_id":"2bf13a8c-ed8c-4e1c-ba3b-51e1641b6760-22952117663552","trial_id":22,"step":37,"intermediate_value":0.9152791893213528}
{"op_code":7,"worker_id":"2bf13a8c-ed8c-4e1c-ba3b-51e1641b6760-22952117663552","trial_id":22,"step":38,"intermediate_value":0.9156935268025381}
{"op_code":7,"worker_id":"2bf13a8c-ed8c-4e1c-ba3b-51e1641b6760-22952117663552","trial_id":22,"step":39,"intermediate_value":0.9153180369137304}
{"op_code":7,"worker_id":"2bf13a8c-ed8c-4e1c-ba3b-51e1641b6760-22952117663552","trial_id":22,"step":40,"intermediate_value":0.9163194707421363}
{"op_code":7,"worker_id":"2bf13a8c-ed8c-4e1c-ba3b-51e1641b6760-22952117663552","trial_id":22,"step":41,"intermediate_value":0.9152938734877011}
{"op_code":7,"worker_id":"2bf13a8c-ed8c-4e1c-ba3b-51e1641b6760-22952117663552","trial_id":22,"step":42,"intermediate_value":0.9155236403430201}
{"op_code":7,"worker_id":"2bf13a8c-ed8c-4e1c-ba3b-51e1641b6760-22952117663552","trial_id":22,"step":43,"intermediate_value":0.9159765370092924}
{"op_code":7,"worker_id":"2bf13a8c-ed8c-4e1c-ba3b-51e1641b6760-22952117663552","trial_id":22,"step":44,"intermediate_value":0.9152611706887559}
{"op_code":7,"worker_id":"2bf13a8c-ed8c-4e1c-ba3b-51e1641b6760-22952117663552","trial_id":22,"step":45,"intermediate_value":0.9155365145220592}
{"op_code":7,"worker_id":"2bf13a8c-ed8c-4e1c-ba3b-51e1641b6760-22952117663552","trial_id":22,"step":46,"intermediate_value":0.9161708082027141}
{"op_code":7,"worker_id":"2bf13a8c-ed8c-4e1c-ba3b-51e1641b6760-22952117663552","trial_id":22,"step":47,"intermediate_value":0.9158451113836621}
{"op_code":7,"worker_id":"2bf13a8c-ed8c-4e1c-ba3b-51e1641b6760-22952117663552","trial_id":22,"step":48,"intermediate_value":0.9151349526565977}
{"op_code":7,"worker_id":"2bf13a8c-ed8c-4e1c-ba3b-51e1641b6760-22952117663552","trial_id":22,"step":49,"intermediate_value":0.915289009310314}
{"op_code":7,"worker_id":"2bf13a8c-ed8c-4e1c-ba3b-51e1641b6760-22952117663552","trial_id":22,"step":50,"intermediate_value":0.91583380191493}
{"op_code":7,"worker_id":"2bf13a8c-ed8c-4e1c-ba3b-51e1641b6760-22952117663552","trial_id":22,"step":51,"intermediate_value":0.915460673020545}
{"op_code":7,"worker_id":"2bf13a8c-ed8c-4e1c-ba3b-51e1641b6760-22952117663552","trial_id":22,"step":52,"intermediate_value":0.9155350742532407}
{"op_code":7,"worker_id":"2bf13a8c-ed8c-4e1c-ba3b-51e1641b6760-22952117663552","trial_id":22,"step":53,"intermediate_value":0.915555189937035}
{"op_code":7,"worker_id":"2bf13a8c-ed8c-4e1c-ba3b-51e1641b6760-22952117663552","trial_id":22,"step":54,"intermediate_value":0.9166456165404223}
{"op_code":7,"worker_id":"2bf13a8c-ed8c-4e1c-ba3b-51e1641b6760-22952117663552","trial_id":22,"step":55,"intermediate_value":0.9153844242559774}
{"op_code":7,"worker_id":"2bf13a8c-ed8c-4e1c-ba3b-51e1641b6760-22952117663552","trial_id":22,"step":56,"intermediate_value":0.9154997132144082}
{"op_code":7,"worker_id":"2bf13a8c-ed8c-4e1c-ba3b-51e1641b6760-22952117663552","trial_id":22,"step":57,"intermediate_value":0.9163891400872317}
{"op_code":7,"worker_id":"2bf13a8c-ed8c-4e1c-ba3b-51e1641b6760-22952117663552","trial_id":22,"step":58,"intermediate_value":0.9158370379592742}
{"op_code":7,"worker_id":"2bf13a8c-ed8c-4e1c-ba3b-51e1641b6760-22952117663552","trial_id":22,"step":59,"intermediate_value":0.9153249420729396}
{"op_code":7,"worker_id":"2bf13a8c-ed8c-4e1c-ba3b-51e1641b6760-22952117663552","trial_id":22,"step":60,"intermediate_value":0.9154137675589655}
{"op_code":7,"worker_id":"2bf13a8c-ed8c-4e1c-ba3b-51e1641b6760-22952117663552","trial_id":22,"step":61,"intermediate_value":0.9155920920705739}
{"op_code":7,"worker_id":"2bf13a8c-ed8c-4e1c-ba3b-51e1641b6760-22952117663552","trial_id":22,"step":62,"intermediate_value":0.915552596816813}
{"op_code":7,"worker_id":"2bf13a8c-ed8c-4e1c-ba3b-51e1641b6760-22952117663552","trial_id":22,"step":63,"intermediate_value":0.916322335300355}
{"op_code":7,"worker_id":"2bf13a8c-ed8c-4e1c-ba3b-51e1641b6760-22952117663552","trial_id":22,"step":64,"intermediate_value":0.9157309655192908}
{"op_code":7,"worker_id":"2bf13a8c-ed8c-4e1c-ba3b-51e1641b6760-22952117663552","trial_id":22,"step":65,"intermediate_value":0.9153473633181299}
{"op_code":7,"worker_id":"2bf13a8c-ed8c-4e1c-ba3b-51e1641b6760-22952117663552","trial_id":22,"step":66,"intermediate_value":0.9155208947112693}
{"op_code":7,"worker_id":"2bf13a8c-ed8c-4e1c-ba3b-51e1641b6760-22952117663552","trial_id":22,"step":67,"intermediate_value":0.9162730064821979}
{"op_code":7,"worker_id":"2bf13a8c-ed8c-4e1c-ba3b-51e1641b6760-22952117663552","trial_id":22,"step":68,"intermediate_value":0.915566090728606}
{"op_code":7,"worker_id":"2bf13a8c-ed8c-4e1c-ba3b-51e1641b6760-22952117663552","trial_id":22,"step":69,"intermediate_value":0.9156354908275718}
{"op_code":7,"worker_id":"2bf13a8c-ed8c-4e1c-ba3b-51e1641b6760-22952117663552","trial_id":22,"step":70,"intermediate_value":0.9160055090382713}
{"op_code":7,"worker_id":"2bf13a8c-ed8c-4e1c-ba3b-51e1641b6760-22952117663552","trial_id":22,"step":71,"intermediate_value":0.9156707844841664}
{"op_code":7,"worker_id":"2bf13a8c-ed8c-4e1c-ba3b-51e1641b6760-22952117663552","trial_id":22,"step":72,"intermediate_value":0.9153327195245601}
{"op_code":7,"worker_id":"2bf13a8c-ed8c-4e1c-ba3b-51e1641b6760-22952117663552","trial_id":22,"step":73,"intermediate_value":0.9151519027186176}
{"op_code":7,"worker_id":"2bf13a8c-ed8c-4e1c-ba3b-51e1641b6760-22952117663552","trial_id":22,"step":74,"intermediate_value":0.9160199263624732}
{"op_code":7,"worker_id":"2bf13a8c-ed8c-4e1c-ba3b-51e1641b6760-22952117663552","trial_id":22,"step":75,"intermediate_value":0.9158511298972658}
{"op_code":7,"worker_id":"2bf13a8c-ed8c-4e1c-ba3b-51e1641b6760-22952117663552","trial_id":22,"step":76,"intermediate_value":0.9154873351043936}
{"op_code":7,"worker_id":"2bf13a8c-ed8c-4e1c-ba3b-51e1641b6760-22952117663552","trial_id":22,"step":77,"intermediate_value":0.9154592116108144}
{"op_code":7,"worker_id":"2bf13a8c-ed8c-4e1c-ba3b-51e1641b6760-22952117663552","trial_id":22,"step":78,"intermediate_value":0.9162946640384579}
{"op_code":7,"worker_id":"2bf13a8c-ed8c-4e1c-ba3b-51e1641b6760-22952117663552","trial_id":22,"step":79,"intermediate_value":0.9151487843987498}
{"op_code":7,"worker_id":"2bf13a8c-ed8c-4e1c-ba3b-51e1641b6760-22952117663552","trial_id":22,"step":80,"intermediate_value":0.9159223244283548}
{"op_code":9,"worker_id":"2bf13a8c-ed8c-4e1c-ba3b-51e1641b6760-22952117663552","trial_id":22,"system_attr":{"completed_rung_0":0.9159223244283548}}
{"op_code":6,"worker_id":"2bf13a8c-ed8c-4e1c-ba3b-51e1641b6760-22952117663552","trial_id":22,"state":2,"values":[0.9159223244283548],"datetime_complete":"2025-12-23T00:14:28.584538"}
{"op_code":4,"worker_id":"2bf13a8c-ed8c-4e1c-ba3b-51e1641b6760-22952117663552","study_id":0,"datetime_start":"2025-12-23T00:14:28.584892"}
{"op_code":5,"worker_id":"2bf13a8c-ed8c-4e1c-ba3b-51e1641b6760-22952117663552","trial_id":23,"param_name":"n_layers","param_value_internal":58.0,"distribution":"{\"name\": \"IntDistribution\", \"attributes\": {\"log\": false, \"step\": 1, \"low\": 2, \"high\": 64}}"}
{"op_code":5,"worker_id":"2bf13a8c-ed8c-4e1c-ba3b-51e1641b6760-22952117663552","trial_id":23,"param_name":"n_heads","param_value_internal":1,"distribution":"{\"name\": \"CategoricalDistribution\", \"attributes\": {\"choices\": [2, 4, 8, 16, 32]}}"}
{"op_code":5,"worker_id":"2bf13a8c-ed8c-4e1c-ba3b-51e1641b6760-22952117663552","trial_id":23,"param_name":"head_dim","param_value_internal":2,"distribution":"{\"name\": \"CategoricalDistribution\", \"attributes\": {\"choices\": [4, 8, 16, 32, 64]}}"}
{"op_code":8,"worker_id":"2bf13a8c-ed8c-4e1c-ba3b-51e1641b6760-22952117663552","trial_id":23,"user_attr":{"d_model":64}}
{"op_code":5,"worker_id":"2bf13a8c-ed8c-4e1c-ba3b-51e1641b6760-22952117663552","trial_id":23,"param_name":"lr","param_value_internal":0.0003881007692611772,"distribution":"{\"name\": \"FloatDistribution\", \"attributes\": {\"step\": null, \"low\": 1e-06, \"high\": 0.01, \"log\": true}}"}
{"op_code":5,"worker_id":"2bf13a8c-ed8c-4e1c-ba3b-51e1641b6760-22952117663552","trial_id":23,"param_name":"min_lr_ratio","param_value_internal":0.0007449781623673143,"distribution":"{\"name\": \"FloatDistribution\", \"attributes\": {\"step\": null, \"low\": 0.0001, \"high\": 0.1, \"log\": true}}"}
{"op_code":5,"worker_id":"2bf13a8c-ed8c-4e1c-ba3b-51e1641b6760-22952117663552","trial_id":23,"param_name":"batch_size","param_value_internal":1,"distribution":"{\"name\": \"CategoricalDistribution\", \"attributes\": {\"choices\": [256, 512, 1024]}}"}
{"op_code":5,"worker_id":"2bf13a8c-ed8c-4e1c-ba3b-51e1641b6760-22952117663552","trial_id":23,"param_name":"weight_decay","param_value_internal":0.030595937136003053,"distribution":"{\"name\": \"FloatDistribution\", \"attributes\": {\"step\": null, \"low\": 0.0, \"high\": 0.3, \"log\": false}}"}
{"op_code":5,"worker_id":"2bf13a8c-ed8c-4e1c-ba3b-51e1641b6760-22952117663552","trial_id":23,"param_name":"beta_1","param_value_internal":0.7019530513773404,"distribution":"{\"name\": \"FloatDistribution\", \"attributes\": {\"step\": null, \"low\": 0.7, \"high\": 1.0, \"log\": false}}"}
{"op_code":5,"worker_id":"2bf13a8c-ed8c-4e1c-ba3b-51e1641b6760-22952117663552","trial_id":23,"param_name":"beta_2","param_value_internal":0.9661417478130508,"distribution":"{\"name\": \"FloatDistribution\", \"attributes\": {\"step\": null, \"low\": 0.9, \"high\": 1.0, \"log\": false}}"}
{"op_code":8,"worker_id":"2bf13a8c-ed8c-4e1c-ba3b-51e1641b6760-22952117663552","trial_id":23,"user_attr":{"min_lr":2.891265978975329e-07}}
{"op_code":7,"worker_id":"2bf13a8c-ed8c-4e1c-ba3b-51e1641b6760-22952117663552","trial_id":23,"step":0,"intermediate_value":0.9133265477341124}
{"op_code":7,"worker_id":"2bf13a8c-ed8c-4e1c-ba3b-51e1641b6760-22952117663552","trial_id":23,"step":1,"intermediate_value":0.9353513391699514}
{"op_code":7,"worker_id":"2bf13a8c-ed8c-4e1c-ba3b-51e1641b6760-22952117663552","trial_id":23,"step":2,"intermediate_value":0.8956601978903846}
{"op_code":7,"worker_id":"2bf13a8c-ed8c-4e1c-ba3b-51e1641b6760-22952117663552","trial_id":23,"step":3,"intermediate_value":0.8628094482676414}
{"op_code":7,"worker_id":"2bf13a8c-ed8c-4e1c-ba3b-51e1641b6760-22952117663552","trial_id":23,"step":4,"intermediate_value":0.8456903312836961}
{"op_code":7,"worker_id":"2bf13a8c-ed8c-4e1c-ba3b-51e1641b6760-22952117663552","trial_id":23,"step":5,"intermediate_value":0.8596601588728872}
{"op_code":7,"worker_id":"2bf13a8c-ed8c-4e1c-ba3b-51e1641b6760-22952117663552","trial_id":23,"step":6,"intermediate_value":0.7772868203522896}
{"op_code":7,"worker_id":"2bf13a8c-ed8c-4e1c-ba3b-51e1641b6760-22952117663552","trial_id":23,"step":7,"intermediate_value":0.7799550013468641}
{"op_code":7,"worker_id":"2bf13a8c-ed8c-4e1c-ba3b-51e1641b6760-22952117663552","trial_id":23,"step":8,"intermediate_value":0.7074031609940218}
{"op_code":7,"worker_id":"2bf13a8c-ed8c-4e1c-ba3b-51e1641b6760-22952117663552","trial_id":23,"step":9,"intermediate_value":0.6847899140412272}
{"op_code":7,"worker_id":"2bf13a8c-ed8c-4e1c-ba3b-51e1641b6760-22952117663552","trial_id":23,"step":10,"intermediate_value":0.6550882619895121}
{"op_code":7,"worker_id":"2bf13a8c-ed8c-4e1c-ba3b-51e1641b6760-22952117663552","trial_id":23,"step":11,"intermediate_value":0.6412791939958276}
{"op_code":7,"worker_id":"2bf13a8c-ed8c-4e1c-ba3b-51e1641b6760-22952117663552","trial_id":23,"step":12,"intermediate_value":0.5786931840691844}
{"op_code":7,"worker_id":"2bf13a8c-ed8c-4e1c-ba3b-51e1641b6760-22952117663552","trial_id":23,"step":13,"intermediate_value":0.6675776468760036}
{"op_code":7,"worker_id":"2bf13a8c-ed8c-4e1c-ba3b-51e1641b6760-22952117663552","trial_id":23,"step":14,"intermediate_value":0.7093454049999603}
{"op_code":7,"worker_id":"2bf13a8c-ed8c-4e1c-ba3b-51e1641b6760-22952117663552","trial_id":23,"step":15,"intermediate_value":0.7513238709875132}
{"op_code":7,"worker_id":"2bf13a8c-ed8c-4e1c-ba3b-51e1641b6760-22952117663552","trial_id":23,"step":16,"intermediate_value":0.7327895057017552}
{"op_code":7,"worker_id":"2bf13a8c-ed8c-4e1c-ba3b-51e1641b6760-22952117663552","trial_id":23,"step":17,"intermediate_value":0.7366926505330902}
{"op_code":7,"worker_id":"2bf13a8c-ed8c-4e1c-ba3b-51e1641b6760-22952117663552","trial_id":23,"step":18,"intermediate_value":0.6329597278563295}
{"op_code":7,"worker_id":"2bf13a8c-ed8c-4e1c-ba3b-51e1641b6760-22952117663552","trial_id":23,"step":19,"intermediate_value":0.7027890825045349}
{"op_code":7,"worker_id":"2bf13a8c-ed8c-4e1c-ba3b-51e1641b6760-22952117663552","trial_id":23,"step":20,"intermediate_value":0.7135247599470517}
{"op_code":7,"worker_id":"2bf13a8c-ed8c-4e1c-ba3b-51e1641b6760-22952117663552","trial_id":23,"step":21,"intermediate_value":0.6926352018280527}
{"op_code":7,"worker_id":"2bf13a8c-ed8c-4e1c-ba3b-51e1641b6760-22952117663552","trial_id":23,"step":22,"intermediate_value":0.6903236238981906}
{"op_code":7,"worker_id":"2bf13a8c-ed8c-4e1c-ba3b-51e1641b6760-22952117663552","trial_id":23,"step":23,"intermediate_value":0.7037506290884912}
{"op_code":9,"worker_id":"2bf13a8c-ed8c-4e1c-ba3b-51e1641b6760-22952117663552","trial_id":23,"system_attr":{"completed_rung_0":0.7037506290884912}}
{"op_code":7,"worker_id":"2bf13a8c-ed8c-4e1c-ba3b-51e1641b6760-22952117663552","trial_id":23,"step":24,"intermediate_value":0.6243264706250753}
{"op_code":7,"worker_id":"2bf13a8c-ed8c-4e1c-ba3b-51e1641b6760-22952117663552","trial_id":23,"step":25,"intermediate_value":0.5975103558594645}
{"op_code":7,"worker_id":"2bf13a8c-ed8c-4e1c-ba3b-51e1641b6760-22952117663552","trial_id":23,"step":26,"intermediate_value":0.6264150548518623}
{"op_code":7,"worker_id":"2bf13a8c-ed8c-4e1c-ba3b-51e1641b6760-22952117663552","trial_id":23,"step":27,"intermediate_value":0.642861519066323}
{"op_code":7,"worker_id":"2bf13a8c-ed8c-4e1c-ba3b-51e1641b6760-22952117663552","trial_id":23,"step":28,"intermediate_value":0.7521285583681625}
{"op_code":7,"worker_id":"2bf13a8c-ed8c-4e1c-ba3b-51e1641b6760-22952117663552","trial_id":23,"step":29,"intermediate_value":0.6382689560152599}
{"op_code":7,"worker_id":"2bf13a8c-ed8c-4e1c-ba3b-51e1641b6760-22952117663552","trial_id":23,"step":30,"intermediate_value":0.618689779638537}
{"op_code":7,"worker_id":"2bf13a8c-ed8c-4e1c-ba3b-51e1641b6760-22952117663552","trial_id":23,"step":31,"intermediate_value":0.7093263361094827}
{"op_code":7,"worker_id":"2bf13a8c-ed8c-4e1c-ba3b-51e1641b6760-22952117663552","trial_id":23,"step":32,"intermediate_value":0.7384728927912095}
{"op_code":7,"worker_id":"2bf13a8c-ed8c-4e1c-ba3b-51e1641b6760-22952117663552","trial_id":23,"step":33,"intermediate_value":0.7966599385933519}
{"op_code":7,"worker_id":"2bf13a8c-ed8c-4e1c-ba3b-51e1641b6760-22952117663552","trial_id":23,"step":34,"intermediate_value":0.7538907830542658}
{"op_code":7,"worker_id":"2bf13a8c-ed8c-4e1c-ba3b-51e1641b6760-22952117663552","trial_id":23,"step":35,"intermediate_value":0.8521889364733531}
{"op_code":7,"worker_id":"2bf13a8c-ed8c-4e1c-ba3b-51e1641b6760-22952117663552","trial_id":23,"step":36,"intermediate_value":0.8862043588045512}
{"op_code":7,"worker_id":"2bf13a8c-ed8c-4e1c-ba3b-51e1641b6760-22952117663552","trial_id":23,"step":37,"intermediate_value":0.8876768537263429}
{"op_code":7,"worker_id":"2bf13a8c-ed8c-4e1c-ba3b-51e1641b6760-22952117663552","trial_id":23,"step":38,"intermediate_value":0.8925615802212825}
{"op_code":7,"worker_id":"2bf13a8c-ed8c-4e1c-ba3b-51e1641b6760-22952117663552","trial_id":23,"step":39,"intermediate_value":0.881019871854273}
{"op_code":7,"worker_id":"2bf13a8c-ed8c-4e1c-ba3b-51e1641b6760-22952117663552","trial_id":23,"step":40,"intermediate_value":0.8604876838120702}
{"op_code":9,"worker_id":"2bf13a8c-ed8c-4e1c-ba3b-51e1641b6760-22952117663552","trial_id":23,"system_attr":{"completed_rung_1":0.8604876838120702}}
{"op_code":6,"worker_id":"2bf13a8c-ed8c-4e1c-ba3b-51e1641b6760-22952117663552","trial_id":23,"state":2,"values":[0.8604876838120702],"datetime_complete":"2025-12-23T00:19:54.189956"}
{"op_code":4,"worker_id":"2bf13a8c-ed8c-4e1c-ba3b-51e1641b6760-22952117663552","study_id":0,"datetime_start":"2025-12-23T00:19:54.190309"}
{"op_code":5,"worker_id":"2bf13a8c-ed8c-4e1c-ba3b-51e1641b6760-22952117663552","trial_id":24,"param_name":"n_layers","param_value_internal":39.0,"distribution":"{\"name\": \"IntDistribution\", \"attributes\": {\"log\": false, \"step\": 1, \"low\": 2, \"high\": 64}}"}
{"op_code":5,"worker_id":"2bf13a8c-ed8c-4e1c-ba3b-51e1641b6760-22952117663552","trial_id":24,"param_name":"n_heads","param_value_internal":3,"distribution":"{\"name\": \"CategoricalDistribution\", \"attributes\": {\"choices\": [2, 4, 8, 16, 32]}}"}
{"op_code":5,"worker_id":"2bf13a8c-ed8c-4e1c-ba3b-51e1641b6760-22952117663552","trial_id":24,"param_name":"head_dim","param_value_internal":0,"distribution":"{\"name\": \"CategoricalDistribution\", \"attributes\": {\"choices\": [4, 8, 16, 32, 64]}}"}
{"op_code":8,"worker_id":"2bf13a8c-ed8c-4e1c-ba3b-51e1641b6760-22952117663552","trial_id":24,"user_attr":{"d_model":64}}
{"op_code":5,"worker_id":"2bf13a8c-ed8c-4e1c-ba3b-51e1641b6760-22952117663552","trial_id":24,"param_name":"lr","param_value_internal":0.0023184022653467487,"distribution":"{\"name\": \"FloatDistribution\", \"attributes\": {\"step\": null, \"low\": 1e-06, \"high\": 0.01, \"log\": true}}"}
{"op_code":5,"worker_id":"2bf13a8c-ed8c-4e1c-ba3b-51e1641b6760-22952117663552","trial_id":24,"param_name":"min_lr_ratio","param_value_internal":0.004992224422085127,"distribution":"{\"name\": \"FloatDistribution\", \"attributes\": {\"step\": null, \"low\": 0.0001, \"high\": 0.1, \"log\": true}}"}
{"op_code":5,"worker_id":"2bf13a8c-ed8c-4e1c-ba3b-51e1641b6760-22952117663552","trial_id":24,"param_name":"batch_size","param_value_internal":1,"distribution":"{\"name\": \"CategoricalDistribution\", \"attributes\": {\"choices\": [256, 512, 1024]}}"}
{"op_code":5,"worker_id":"2bf13a8c-ed8c-4e1c-ba3b-51e1641b6760-22952117663552","trial_id":24,"param_name":"weight_decay","param_value_internal":0.003000261779372267,"distribution":"{\"name\": \"FloatDistribution\", \"attributes\": {\"step\": null, \"low\": 0.0, \"high\": 0.3, \"log\": false}}"}
{"op_code":5,"worker_id":"2bf13a8c-ed8c-4e1c-ba3b-51e1641b6760-22952117663552","trial_id":24,"param_name":"beta_1","param_value_internal":0.7708355352765768,"distribution":"{\"name\": \"FloatDistribution\", \"attributes\": {\"step\": null, \"low\": 0.7, \"high\": 1.0, \"log\": false}}"}
{"op_code":5,"worker_id":"2bf13a8c-ed8c-4e1c-ba3b-51e1641b6760-22952117663552","trial_id":24,"param_name":"beta_2","param_value_internal":0.9807765755196981,"distribution":"{\"name\": \"FloatDistribution\", \"attributes\": {\"step\": null, \"low\": 0.9, \"high\": 1.0, \"log\": false}}"}
{"op_code":8,"worker_id":"2bf13a8c-ed8c-4e1c-ba3b-51e1641b6760-22952117663552","trial_id":24,"user_attr":{"min_lr":1.1573984409281522e-05}}
{"op_code":7,"worker_id":"2bf13a8c-ed8c-4e1c-ba3b-51e1641b6760-22952117663552","trial_id":24,"step":0,"intermediate_value":0.8530276383793651}
{"op_code":7,"worker_id":"2bf13a8c-ed8c-4e1c-ba3b-51e1641b6760-22952117663552","trial_id":24,"step":1,"intermediate_value":0.5875596650837438}
{"op_code":7,"worker_id":"2bf13a8c-ed8c-4e1c-ba3b-51e1641b6760-22952117663552","trial_id":24,"step":2,"intermediate_value":0.5836142126917132}
{"op_code":7,"worker_id":"2bf13a8c-ed8c-4e1c-ba3b-51e1641b6760-22952117663552","trial_id":24,"step":3,"intermediate_value":0.4903154253676834}
{"op_code":7,"worker_id":"2bf13a8c-ed8c-4e1c-ba3b-51e1641b6760-22952117663552","trial_id":24,"step":4,"intermediate_value":0.47072499339973656}
{"op_code":7,"worker_id":"2bf13a8c-ed8c-4e1c-ba3b-51e1641b6760-22952117663552","trial_id":24,"step":5,"intermediate_value":0.5147808152797808}
{"op_code":7,"worker_id":"2bf13a8c-ed8c-4e1c-ba3b-51e1641b6760-22952117663552","trial_id":24,"step":6,"intermediate_value":0.5344235972011924}
{"op_code":7,"worker_id":"2bf13a8c-ed8c-4e1c-ba3b-51e1641b6760-22952117663552","trial_id":24,"step":7,"intermediate_value":0.4518129988214441}
{"op_code":7,"worker_id":"2bf13a8c-ed8c-4e1c-ba3b-51e1641b6760-22952117663552","trial_id":24,"step":8,"intermediate_value":0.45973573800083584}
{"op_code":7,"worker_id":"2bf13a8c-ed8c-4e1c-ba3b-51e1641b6760-22952117663552","trial_id":24,"step":9,"intermediate_value":0.4616661581916741}
{"op_code":7,"worker_id":"2bf13a8c-ed8c-4e1c-ba3b-51e1641b6760-22952117663552","trial_id":24,"step":10,"intermediate_value":0.4433739592596305}
{"op_code":7,"worker_id":"2bf13a8c-ed8c-4e1c-ba3b-51e1641b6760-22952117663552","trial_id":24,"step":11,"intermediate_value":0.46706354430703223}
{"op_code":7,"worker_id":"2bf13a8c-ed8c-4e1c-ba3b-51e1641b6760-22952117663552","trial_id":24,"step":12,"intermediate_value":0.4629663199999437}
{"op_code":7,"worker_id":"2bf13a8c-ed8c-4e1c-ba3b-51e1641b6760-22952117663552","trial_id":24,"step":13,"intermediate_value":0.46061839126183046}
{"op_code":7,"worker_id":"2bf13a8c-ed8c-4e1c-ba3b-51e1641b6760-22952117663552","trial_id":24,"step":14,"intermediate_value":0.4792962515481426}
{"op_code":7,"worker_id":"2bf13a8c-ed8c-4e1c-ba3b-51e1641b6760-22952117663552","trial_id":24,"step":15,"intermediate_value":0.4595341238404225}
{"op_code":7,"worker_id":"2bf13a8c-ed8c-4e1c-ba3b-51e1641b6760-22952117663552","trial_id":24,"step":16,"intermediate_value":0.4721264960785636}
{"op_code":7,"worker_id":"2bf13a8c-ed8c-4e1c-ba3b-51e1641b6760-22952117663552","trial_id":24,"step":17,"intermediate_value":0.4711572656922776}
{"op_code":7,"worker_id":"2bf13a8c-ed8c-4e1c-ba3b-51e1641b6760-22952117663552","trial_id":24,"step":18,"intermediate_value":0.4863913083274452}
{"op_code":7,"worker_id":"2bf13a8c-ed8c-4e1c-ba3b-51e1641b6760-22952117663552","trial_id":24,"step":19,"intermediate_value":0.48315362149710334}
{"op_code":7,"worker_id":"2bf13a8c-ed8c-4e1c-ba3b-51e1641b6760-22952117663552","trial_id":24,"step":20,"intermediate_value":0.5001846685174804}
{"op_code":7,"worker_id":"2bf13a8c-ed8c-4e1c-ba3b-51e1641b6760-22952117663552","trial_id":24,"step":21,"intermediate_value":0.48248988460674264}
{"op_code":7,"worker_id":"2bf13a8c-ed8c-4e1c-ba3b-51e1641b6760-22952117663552","trial_id":24,"step":22,"intermediate_value":0.4809008969318824}
{"op_code":7,"worker_id":"2bf13a8c-ed8c-4e1c-ba3b-51e1641b6760-22952117663552","trial_id":24,"step":23,"intermediate_value":0.4879660842540284}
{"op_code":7,"worker_id":"2bf13a8c-ed8c-4e1c-ba3b-51e1641b6760-22952117663552","trial_id":24,"step":24,"intermediate_value":0.4717504518241362}
{"op_code":7,"worker_id":"2bf13a8c-ed8c-4e1c-ba3b-51e1641b6760-22952117663552","trial_id":24,"step":25,"intermediate_value":0.49378865388081733}
{"op_code":7,"worker_id":"2bf13a8c-ed8c-4e1c-ba3b-51e1641b6760-22952117663552","trial_id":24,"step":26,"intermediate_value":0.5046539728044757}
{"op_code":7,"worker_id":"2bf13a8c-ed8c-4e1c-ba3b-51e1641b6760-22952117663552","trial_id":24,"step":27,"intermediate_value":0.4900464264240695}
{"op_code":7,"worker_id":"2bf13a8c-ed8c-4e1c-ba3b-51e1641b6760-22952117663552","trial_id":24,"step":28,"intermediate_value":0.5124649420327563}
{"op_code":7,"worker_id":"2bf13a8c-ed8c-4e1c-ba3b-51e1641b6760-22952117663552","trial_id":24,"step":29,"intermediate_value":0.4942024654199503}
{"op_code":7,"worker_id":"2bf13a8c-ed8c-4e1c-ba3b-51e1641b6760-22952117663552","trial_id":24,"step":30,"intermediate_value":0.5012568480745047}
{"op_code":7,"worker_id":"2bf13a8c-ed8c-4e1c-ba3b-51e1641b6760-22952117663552","trial_id":24,"step":31,"intermediate_value":0.4940211582721199}
{"op_code":7,"worker_id":"2bf13a8c-ed8c-4e1c-ba3b-51e1641b6760-22952117663552","trial_id":24,"step":32,"intermediate_value":0.5098665005937307}
{"op_code":7,"worker_id":"2bf13a8c-ed8c-4e1c-ba3b-51e1641b6760-22952117663552","trial_id":24,"step":33,"intermediate_value":0.507636048969142}
{"op_code":7,"worker_id":"2bf13a8c-ed8c-4e1c-ba3b-51e1641b6760-22952117663552","trial_id":24,"step":34,"intermediate_value":0.49640598907306666}
{"op_code":7,"worker_id":"2bf13a8c-ed8c-4e1c-ba3b-51e1641b6760-22952117663552","trial_id":24,"step":35,"intermediate_value":0.5059233698485727}
{"op_code":7,"worker_id":"2bf13a8c-ed8c-4e1c-ba3b-51e1641b6760-22952117663552","trial_id":24,"step":36,"intermediate_value":0.5230928032282267}
{"op_code":7,"worker_id":"2bf13a8c-ed8c-4e1c-ba3b-51e1641b6760-22952117663552","trial_id":24,"step":37,"intermediate_value":0.4914988409794098}
{"op_code":7,"worker_id":"2bf13a8c-ed8c-4e1c-ba3b-51e1641b6760-22952117663552","trial_id":24,"step":38,"intermediate_value":0.5196183510522401}
{"op_code":7,"worker_id":"2bf13a8c-ed8c-4e1c-ba3b-51e1641b6760-22952117663552","trial_id":24,"step":39,"intermediate_value":0.5269700439375066}
{"op_code":7,"worker_id":"2bf13a8c-ed8c-4e1c-ba3b-51e1641b6760-22952117663552","trial_id":24,"step":40,"intermediate_value":0.5012646582273684}
{"op_code":9,"worker_id":"2bf13a8c-ed8c-4e1c-ba3b-51e1641b6760-22952117663552","trial_id":24,"system_attr":{"completed_rung_0":0.5012646582273684}}
{"op_code":7,"worker_id":"2bf13a8c-ed8c-4e1c-ba3b-51e1641b6760-22952117663552","trial_id":24,"step":41,"intermediate_value":0.4960150294456618}
{"op_code":7,"worker_id":"2bf13a8c-ed8c-4e1c-ba3b-51e1641b6760-22952117663552","trial_id":24,"step":42,"intermediate_value":0.5199759505680306}
{"op_code":7,"worker_id":"2bf13a8c-ed8c-4e1c-ba3b-51e1641b6760-22952117663552","trial_id":24,"step":43,"intermediate_value":0.5333490708968818}
{"op_code":7,"worker_id":"2bf13a8c-ed8c-4e1c-ba3b-51e1641b6760-22952117663552","trial_id":24,"step":44,"intermediate_value":0.553899347782135}
{"op_code":7,"worker_id":"2bf13a8c-ed8c-4e1c-ba3b-51e1641b6760-22952117663552","trial_id":24,"step":45,"intermediate_value":0.5682040392150517}
{"op_code":7,"worker_id":"2bf13a8c-ed8c-4e1c-ba3b-51e1641b6760-22952117663552","trial_id":24,"step":46,"intermediate_value":0.5349573992890961}
{"op_code":7,"worker_id":"2bf13a8c-ed8c-4e1c-ba3b-51e1641b6760-22952117663552","trial_id":24,"step":47,"intermediate_value":0.5084277539207983}
{"op_code":7,"worker_id":"2bf13a8c-ed8c-4e1c-ba3b-51e1641b6760-22952117663552","trial_id":24,"step":48,"intermediate_value":0.5161087811346722}
{"op_code":7,"worker_id":"2bf13a8c-ed8c-4e1c-ba3b-51e1641b6760-22952117663552","trial_id":24,"step":49,"intermediate_value":0.5119116818919017}
{"op_code":7,"worker_id":"2bf13a8c-ed8c-4e1c-ba3b-51e1641b6760-22952117663552","trial_id":24,"step":50,"intermediate_value":0.5135090623320493}
{"op_code":7,"worker_id":"2bf13a8c-ed8c-4e1c-ba3b-51e1641b6760-22952117663552","trial_id":24,"step":51,"intermediate_value":0.5062993074085648}
{"op_code":7,"worker_id":"2bf13a8c-ed8c-4e1c-ba3b-51e1641b6760-22952117663552","trial_id":24,"step":52,"intermediate_value":0.5340404927659855}
{"op_code":7,"worker_id":"2bf13a8c-ed8c-4e1c-ba3b-51e1641b6760-22952117663552","trial_id":24,"step":53,"intermediate_value":0.528056469605628}
{"op_code":7,"worker_id":"2bf13a8c-ed8c-4e1c-ba3b-51e1641b6760-22952117663552","trial_id":24,"step":54,"intermediate_value":0.5494261608146405}
{"op_code":7,"worker_id":"2bf13a8c-ed8c-4e1c-ba3b-51e1641b6760-22952117663552","trial_id":24,"step":55,"intermediate_value":0.5452477425018664}
{"op_code":7,"worker_id":"2bf13a8c-ed8c-4e1c-ba3b-51e1641b6760-22952117663552","trial_id":24,"step":56,"intermediate_value":0.5062974167110516}
{"op_code":7,"worker_id":"2bf13a8c-ed8c-4e1c-ba3b-51e1641b6760-22952117663552","trial_id":24,"step":57,"intermediate_value":0.5126053466067195}
{"op_code":7,"worker_id":"2bf13a8c-ed8c-4e1c-ba3b-51e1641b6760-22952117663552","trial_id":24,"step":58,"intermediate_value":0.5474359938965432}
{"op_code":7,"worker_id":"2bf13a8c-ed8c-4e1c-ba3b-51e1641b6760-22952117663552","trial_id":24,"step":59,"intermediate_value":0.48972294310799414}
{"op_code":7,"worker_id":"2bf13a8c-ed8c-4e1c-ba3b-51e1641b6760-22952117663552","trial_id":24,"step":60,"intermediate_value":0.5615248016191123}
{"op_code":7,"worker_id":"2bf13a8c-ed8c-4e1c-ba3b-51e1641b6760-22952117663552","trial_id":24,"step":61,"intermediate_value":0.502141918646766}
{"op_code":7,"worker_id":"2bf13a8c-ed8c-4e1c-ba3b-51e1641b6760-22952117663552","trial_id":24,"step":62,"intermediate_value":0.515524873176362}
{"op_code":7,"worker_id":"2bf13a8c-ed8c-4e1c-ba3b-51e1641b6760-22952117663552","trial_id":24,"step":63,"intermediate_value":0.48303401229785997}
{"op_code":7,"worker_id":"2bf13a8c-ed8c-4e1c-ba3b-51e1641b6760-22952117663552","trial_id":24,"step":64,"intermediate_value":0.5442800287108687}
{"op_code":7,"worker_id":"2bf13a8c-ed8c-4e1c-ba3b-51e1641b6760-22952117663552","trial_id":24,"step":65,"intermediate_value":0.5023402733593507}
{"op_code":7,"worker_id":"2bf13a8c-ed8c-4e1c-ba3b-51e1641b6760-22952117663552","trial_id":24,"step":66,"intermediate_value":0.51948213845951}
{"op_code":7,"worker_id":"2bf13a8c-ed8c-4e1c-ba3b-51e1641b6760-22952117663552","trial_id":24,"step":67,"intermediate_value":0.4984967390413386}
{"op_code":7,"worker_id":"2bf13a8c-ed8c-4e1c-ba3b-51e1641b6760-22952117663552","trial_id":24,"step":68,"intermediate_value":0.5105464350993382}
{"op_code":7,"worker_id":"2bf13a8c-ed8c-4e1c-ba3b-51e1641b6760-22952117663552","trial_id":24,"step":69,"intermediate_value":0.49511111737146074}
{"op_code":7,"worker_id":"2bf13a8c-ed8c-4e1c-ba3b-51e1641b6760-22952117663552","trial_id":24,"step":70,"intermediate_value":0.4884058635147158}
{"op_code":7,"worker_id":"2bf13a8c-ed8c-4e1c-ba3b-51e1641b6760-22952117663552","trial_id":24,"step":71,"intermediate_value":0.5169089384209078}
{"op_code":7,"worker_id":"2bf13a8c-ed8c-4e1c-ba3b-51e1641b6760-22952117663552","trial_id":24,"step":72,"intermediate_value":0.500821678805323}
{"op_code":7,"worker_id":"2bf13a8c-ed8c-4e1c-ba3b-51e1641b6760-22952117663552","trial_id":24,"step":73,"intermediate_value":0.5084345654660697}
{"op_code":7,"worker_id":"2bf13a8c-ed8c-4e1c-ba3b-51e1641b6760-22952117663552","trial_id":24,"step":74,"intermediate_value":0.5442444242333744}
{"op_code":7,"worker_id":"2bf13a8c-ed8c-4e1c-ba3b-51e1641b6760-22952117663552","trial_id":24,"step":75,"intermediate_value":0.56148846732057}
{"op_code":7,"worker_id":"2bf13a8c-ed8c-4e1c-ba3b-51e1641b6760-22952117663552","trial_id":24,"step":76,"intermediate_value":0.4989955049463297}
{"op_code":7,"worker_id":"2bf13a8c-ed8c-4e1c-ba3b-51e1641b6760-22952117663552","trial_id":24,"step":77,"intermediate_value":0.4971239561853601}
{"op_code":7,"worker_id":"2bf13a8c-ed8c-4e1c-ba3b-51e1641b6760-22952117663552","trial_id":24,"step":78,"intermediate_value":0.5002473720027882}
{"op_code":7,"worker_id":"2bf13a8c-ed8c-4e1c-ba3b-51e1641b6760-22952117663552","trial_id":24,"step":79,"intermediate_value":0.4891981363013687}
{"op_code":7,"worker_id":"2bf13a8c-ed8c-4e1c-ba3b-51e1641b6760-22952117663552","trial_id":24,"step":80,"intermediate_value":0.47983914882404244}
{"op_code":9,"worker_id":"2bf13a8c-ed8c-4e1c-ba3b-51e1641b6760-22952117663552","trial_id":24,"system_attr":{"completed_rung_1":0.47983914882404244}}
{"op_code":7,"worker_id":"2bf13a8c-ed8c-4e1c-ba3b-51e1641b6760-22952117663552","trial_id":24,"step":81,"intermediate_value":0.47274239635269555}
{"op_code":7,"worker_id":"2bf13a8c-ed8c-4e1c-ba3b-51e1641b6760-22952117663552","trial_id":24,"step":82,"intermediate_value":0.4902780591593094}
{"op_code":7,"worker_id":"2bf13a8c-ed8c-4e1c-ba3b-51e1641b6760-22952117663552","trial_id":24,"step":83,"intermediate_value":0.47790880531320085}
{"op_code":7,"worker_id":"2bf13a8c-ed8c-4e1c-ba3b-51e1641b6760-22952117663552","trial_id":24,"step":84,"intermediate_value":0.4721104321672116}
{"op_code":7,"worker_id":"2bf13a8c-ed8c-4e1c-ba3b-51e1641b6760-22952117663552","trial_id":24,"step":85,"intermediate_value":0.48086448411500327}
{"op_code":7,"worker_id":"2bf13a8c-ed8c-4e1c-ba3b-51e1641b6760-22952117663552","trial_id":24,"step":86,"intermediate_value":0.4743578261822851}
{"op_code":7,"worker_id":"2bf13a8c-ed8c-4e1c-ba3b-51e1641b6760-22952117663552","trial_id":24,"step":87,"intermediate_value":0.4613347825984231}
{"op_code":7,"worker_id":"2bf13a8c-ed8c-4e1c-ba3b-51e1641b6760-22952117663552","trial_id":24,"step":88,"intermediate_value":0.4602645151272929}
{"op_code":7,"worker_id":"2bf13a8c-ed8c-4e1c-ba3b-51e1641b6760-22952117663552","trial_id":24,"step":89,"intermediate_value":0.4684745171598975}
{"op_code":7,"worker_id":"2bf13a8c-ed8c-4e1c-ba3b-51e1641b6760-22952117663552","trial_id":24,"step":90,"intermediate_value":0.4714037713419076}
{"op_code":7,"worker_id":"2bf13a8c-ed8c-4e1c-ba3b-51e1641b6760-22952117663552","trial_id":24,"step":91,"intermediate_value":0.4534421375425685}
{"op_code":7,"worker_id":"2bf13a8c-ed8c-4e1c-ba3b-51e1641b6760-22952117663552","trial_id":24,"step":92,"intermediate_value":0.4579868093928408}
{"op_code":7,"worker_id":"2bf13a8c-ed8c-4e1c-ba3b-51e1641b6760-22952117663552","trial_id":24,"step":93,"intermediate_value":0.4527324496073514}
{"op_code":7,"worker_id":"2bf13a8c-ed8c-4e1c-ba3b-51e1641b6760-22952117663552","trial_id":24,"step":94,"intermediate_value":0.4569405906989481}
{"op_code":7,"worker_id":"2bf13a8c-ed8c-4e1c-ba3b-51e1641b6760-22952117663552","trial_id":24,"step":95,"intermediate_value":0.45131745474901347}
{"op_code":7,"worker_id":"2bf13a8c-ed8c-4e1c-ba3b-51e1641b6760-22952117663552","trial_id":24,"step":96,"intermediate_value":0.44981154930266337}
{"op_code":7,"worker_id":"2bf13a8c-ed8c-4e1c-ba3b-51e1641b6760-22952117663552","trial_id":24,"step":97,"intermediate_value":0.45034184051436743}
{"op_code":7,"worker_id":"2bf13a8c-ed8c-4e1c-ba3b-51e1641b6760-22952117663552","trial_id":24,"step":98,"intermediate_value":0.45170010960399043}
{"op_code":7,"worker_id":"2bf13a8c-ed8c-4e1c-ba3b-51e1641b6760-22952117663552","trial_id":24,"step":99,"intermediate_value":0.4483564362053628}
{"op_code":6,"worker_id":"2bf13a8c-ed8c-4e1c-ba3b-51e1641b6760-22952117663552","trial_id":24,"state":1,"values":[0.4433739592596305],"datetime_complete":"2025-12-23T00:32:05.702536"}
{"op_code":4,"worker_id":"2bf13a8c-ed8c-4e1c-ba3b-51e1641b6760-22952117663552","study_id":0,"datetime_start":"2025-12-23T00:32:05.703041"}
{"op_code":5,"worker_id":"2bf13a8c-ed8c-4e1c-ba3b-51e1641b6760-22952117663552","trial_id":25,"param_name":"n_layers","param_value_internal":39.0,"distribution":"{\"name\": \"IntDistribution\", \"attributes\": {\"log\": false, \"step\": 1, \"low\": 2, \"high\": 64}}"}
{"op_code":5,"worker_id":"2bf13a8c-ed8c-4e1c-ba3b-51e1641b6760-22952117663552","trial_id":25,"param_name":"n_heads","param_value_internal":3,"distribution":"{\"name\": \"CategoricalDistribution\", \"attributes\": {\"choices\": [2, 4, 8, 16, 32]}}"}
{"op_code":5,"worker_id":"2bf13a8c-ed8c-4e1c-ba3b-51e1641b6760-22952117663552","trial_id":25,"param_name":"head_dim","param_value_internal":0,"distribution":"{\"name\": \"CategoricalDistribution\", \"attributes\": {\"choices\": [4, 8, 16, 32, 64]}}"}
{"op_code":8,"worker_id":"2bf13a8c-ed8c-4e1c-ba3b-51e1641b6760-22952117663552","trial_id":25,"user_attr":{"d_model":64}}
{"op_code":5,"worker_id":"2bf13a8c-ed8c-4e1c-ba3b-51e1641b6760-22952117663552","trial_id":25,"param_name":"lr","param_value_internal":0.003537362005314272,"distribution":"{\"name\": \"FloatDistribution\", \"attributes\": {\"step\": null, \"low\": 1e-06, \"high\": 0.01, \"log\": true}}"}
{"op_code":5,"worker_id":"2bf13a8c-ed8c-4e1c-ba3b-51e1641b6760-22952117663552","trial_id":25,"param_name":"min_lr_ratio","param_value_internal":0.010258524987131154,"distribution":"{\"name\": \"FloatDistribution\", \"attributes\": {\"step\": null, \"low\": 0.0001, \"high\": 0.1, \"log\": true}}"}
{"op_code":5,"worker_id":"2bf13a8c-ed8c-4e1c-ba3b-51e1641b6760-22952117663552","trial_id":25,"param_name":"batch_size","param_value_internal":1,"distribution":"{\"name\": \"CategoricalDistribution\", \"attributes\": {\"choices\": [256, 512, 1024]}}"}
{"op_code":5,"worker_id":"2bf13a8c-ed8c-4e1c-ba3b-51e1641b6760-22952117663552","trial_id":25,"param_name":"weight_decay","param_value_internal":0.06819412577462446,"distribution":"{\"name\": \"FloatDistribution\", \"attributes\": {\"step\": null, \"low\": 0.0, \"high\": 0.3, \"log\": false}}"}
{"op_code":5,"worker_id":"2bf13a8c-ed8c-4e1c-ba3b-51e1641b6760-22952117663552","trial_id":25,"param_name":"beta_1","param_value_internal":0.7693128635138904,"distribution":"{\"name\": \"FloatDistribution\", \"attributes\": {\"step\": null, \"low\": 0.7, \"high\": 1.0, \"log\": false}}"}
{"op_code":5,"worker_id":"2bf13a8c-ed8c-4e1c-ba3b-51e1641b6760-22952117663552","trial_id":25,"param_name":"beta_2","param_value_internal":0.981389891918561,"distribution":"{\"name\": \"FloatDistribution\", \"attributes\": {\"step\": null, \"low\": 0.9, \"high\": 1.0, \"log\": false}}"}
{"op_code":8,"worker_id":"2bf13a8c-ed8c-4e1c-ba3b-51e1641b6760-22952117663552","trial_id":25,"user_attr":{"min_lr":3.628811652004483e-05}}
{"op_code":7,"worker_id":"2bf13a8c-ed8c-4e1c-ba3b-51e1641b6760-22952117663552","trial_id":25,"step":0,"intermediate_value":0.8960716458543481}
{"op_code":7,"worker_id":"2bf13a8c-ed8c-4e1c-ba3b-51e1641b6760-22952117663552","trial_id":25,"step":1,"intermediate_value":0.7881511340927541}
{"op_code":7,"worker_id":"2bf13a8c-ed8c-4e1c-ba3b-51e1641b6760-22952117663552","trial_id":25,"step":2,"intermediate_value":0.7303588439844115}
{"op_code":7,"worker_id":"2bf13a8c-ed8c-4e1c-ba3b-51e1641b6760-22952117663552","trial_id":25,"step":3,"intermediate_value":0.8033696917876654}
{"op_code":7,"worker_id":"2bf13a8c-ed8c-4e1c-ba3b-51e1641b6760-22952117663552","trial_id":25,"step":4,"intermediate_value":0.828250433767959}
{"op_code":7,"worker_id":"2bf13a8c-ed8c-4e1c-ba3b-51e1641b6760-22952117663552","trial_id":25,"step":5,"intermediate_value":0.8508751707003492}
{"op_code":7,"worker_id":"2bf13a8c-ed8c-4e1c-ba3b-51e1641b6760-22952117663552","trial_id":25,"step":6,"intermediate_value":0.9160268989039203}
{"op_code":7,"worker_id":"2bf13a8c-ed8c-4e1c-ba3b-51e1641b6760-22952117663552","trial_id":25,"step":7,"intermediate_value":0.9094094585976426}
{"op_code":7,"worker_id":"2bf13a8c-ed8c-4e1c-ba3b-51e1641b6760-22952117663552","trial_id":25,"step":8,"intermediate_value":0.9146612247679723}
{"op_code":7,"worker_id":"2bf13a8c-ed8c-4e1c-ba3b-51e1641b6760-22952117663552","trial_id":25,"step":9,"intermediate_value":0.9167723526309818}
{"op_code":7,"worker_id":"2bf13a8c-ed8c-4e1c-ba3b-51e1641b6760-22952117663552","trial_id":25,"step":10,"intermediate_value":0.9139838134549549}
{"op_code":7,"worker_id":"2bf13a8c-ed8c-4e1c-ba3b-51e1641b6760-22952117663552","trial_id":25,"step":11,"intermediate_value":0.9164605907132476}
{"op_code":7,"worker_id":"2bf13a8c-ed8c-4e1c-ba3b-51e1641b6760-22952117663552","trial_id":25,"step":12,"intermediate_value":0.9146614542776721}
{"op_code":7,"worker_id":"2bf13a8c-ed8c-4e1c-ba3b-51e1641b6760-22952117663552","trial_id":25,"step":13,"intermediate_value":0.9188598766304279}
{"op_code":7,"worker_id":"2bf13a8c-ed8c-4e1c-ba3b-51e1641b6760-22952117663552","trial_id":25,"step":14,"intermediate_value":0.9161046815512444}
{"op_code":7,"worker_id":"2bf13a8c-ed8c-4e1c-ba3b-51e1641b6760-22952117663552","trial_id":25,"step":15,"intermediate_value":0.9153963686591224}
{"op_code":7,"worker_id":"2bf13a8c-ed8c-4e1c-ba3b-51e1641b6760-22952117663552","trial_id":25,"step":16,"intermediate_value":0.9153072885629828}
{"op_code":7,"worker_id":"2bf13a8c-ed8c-4e1c-ba3b-51e1641b6760-22952117663552","trial_id":25,"step":17,"intermediate_value":0.9155700916638719}
{"op_code":7,"worker_id":"2bf13a8c-ed8c-4e1c-ba3b-51e1641b6760-22952117663552","trial_id":25,"step":18,"intermediate_value":0.9150221866079356}
{"op_code":7,"worker_id":"2bf13a8c-ed8c-4e1c-ba3b-51e1641b6760-22952117663552","trial_id":25,"step":19,"intermediate_value":0.9156345401228818}
{"op_code":7,"worker_id":"2bf13a8c-ed8c-4e1c-ba3b-51e1641b6760-22952117663552","trial_id":25,"step":20,"intermediate_value":0.9156785292698961}
{"op_code":7,"worker_id":"2bf13a8c-ed8c-4e1c-ba3b-51e1641b6760-22952117663552","trial_id":25,"step":21,"intermediate_value":0.9155561896405611}
{"op_code":7,"worker_id":"2bf13a8c-ed8c-4e1c-ba3b-51e1641b6760-22952117663552","trial_id":25,"step":22,"intermediate_value":0.9161686181032219}
{"op_code":7,"worker_id":"2bf13a8c-ed8c-4e1c-ba3b-51e1641b6760-22952117663552","trial_id":25,"step":23,"intermediate_value":0.9152221863521517}
{"op_code":7,"worker_id":"2bf13a8c-ed8c-4e1c-ba3b-51e1641b6760-22952117663552","trial_id":25,"step":24,"intermediate_value":0.915507769810913}
{"op_code":7,"worker_id":"2bf13a8c-ed8c-4e1c-ba3b-51e1641b6760-22952117663552","trial_id":25,"step":25,"intermediate_value":0.9160819212737032}
{"op_code":7,"worker_id":"2bf13a8c-ed8c-4e1c-ba3b-51e1641b6760-22952117663552","trial_id":25,"step":26,"intermediate_value":0.9155995809734928}
{"op_code":7,"worker_id":"2bf13a8c-ed8c-4e1c-ba3b-51e1641b6760-22952117663552","trial_id":25,"step":27,"intermediate_value":0.9152199829600459}
{"op_code":7,"worker_id":"2bf13a8c-ed8c-4e1c-ba3b-51e1641b6760-22952117663552","trial_id":25,"step":28,"intermediate_value":0.9153219943651808}
{"op_code":7,"worker_id":"2bf13a8c-ed8c-4e1c-ba3b-51e1641b6760-22952117663552","trial_id":25,"step":29,"intermediate_value":0.9154029907846507}
{"op_code":7,"worker_id":"2bf13a8c-ed8c-4e1c-ba3b-51e1641b6760-22952117663552","trial_id":25,"step":30,"intermediate_value":0.9153987278859104}
{"op_code":7,"worker_id":"2bf13a8c-ed8c-4e1c-ba3b-51e1641b6760-22952117663552","trial_id":25,"step":31,"intermediate_value":0.9154652226296467}
{"op_code":7,"worker_id":"2bf13a8c-ed8c-4e1c-ba3b-51e1641b6760-22952117663552","trial_id":25,"step":32,"intermediate_value":0.9154564590499353}
{"op_code":7,"worker_id":"2bf13a8c-ed8c-4e1c-ba3b-51e1641b6760-22952117663552","trial_id":25,"step":33,"intermediate_value":0.9153267430099586}
{"op_code":7,"worker_id":"2bf13a8c-ed8c-4e1c-ba3b-51e1641b6760-22952117663552","trial_id":25,"step":34,"intermediate_value":0.9155152956220461}
{"op_code":7,"worker_id":"2bf13a8c-ed8c-4e1c-ba3b-51e1641b6760-22952117663552","trial_id":25,"step":35,"intermediate_value":0.9158781438818464}
{"op_code":7,"worker_id":"2bf13a8c-ed8c-4e1c-ba3b-51e1641b6760-22952117663552","trial_id":25,"step":36,"intermediate_value":0.9151139880838768}
{"op_code":7,"worker_id":"2bf13a8c-ed8c-4e1c-ba3b-51e1641b6760-22952117663552","trial_id":25,"step":37,"intermediate_value":0.9152849124985375}
{"op_code":7,"worker_id":"2bf13a8c-ed8c-4e1c-ba3b-51e1641b6760-22952117663552","trial_id":25,"step":38,"intermediate_value":0.9152490298660342}
{"op_code":7,"worker_id":"2bf13a8c-ed8c-4e1c-ba3b-51e1641b6760-22952117663552","trial_id":25,"step":39,"intermediate_value":0.9157182238421547}
{"op_code":7,"worker_id":"2bf13a8c-ed8c-4e1c-ba3b-51e1641b6760-22952117663552","trial_id":25,"step":40,"intermediate_value":0.9154604333999743}
{"op_code":9,"worker_id":"2bf13a8c-ed8c-4e1c-ba3b-51e1641b6760-22952117663552","trial_id":25,"system_attr":{"completed_rung_0":0.9154604333999743}}
{"op_code":6,"worker_id":"2bf13a8c-ed8c-4e1c-ba3b-51e1641b6760-22952117663552","trial_id":25,"state":2,"values":[0.9154604333999743],"datetime_complete":"2025-12-23T00:36:54.621548"}
{"op_code":4,"worker_id":"2bf13a8c-ed8c-4e1c-ba3b-51e1641b6760-22952117663552","study_id":0,"datetime_start":"2025-12-23T00:36:54.621894"}
{"op_code":5,"worker_id":"2bf13a8c-ed8c-4e1c-ba3b-51e1641b6760-22952117663552","trial_id":26,"param_name":"n_layers","param_value_internal":29.0,"distribution":"{\"name\": \"IntDistribution\", \"attributes\": {\"log\": false, \"step\": 1, \"low\": 2, \"high\": 64}}"}
{"op_code":5,"worker_id":"2bf13a8c-ed8c-4e1c-ba3b-51e1641b6760-22952117663552","trial_id":26,"param_name":"n_heads","param_value_internal":3,"distribution":"{\"name\": \"CategoricalDistribution\", \"attributes\": {\"choices\": [2, 4, 8, 16, 32]}}"}
{"op_code":5,"worker_id":"2bf13a8c-ed8c-4e1c-ba3b-51e1641b6760-22952117663552","trial_id":26,"param_name":"head_dim","param_value_internal":0,"distribution":"{\"name\": \"CategoricalDistribution\", \"attributes\": {\"choices\": [4, 8, 16, 32, 64]}}"}
{"op_code":8,"worker_id":"2bf13a8c-ed8c-4e1c-ba3b-51e1641b6760-22952117663552","trial_id":26,"user_attr":{"d_model":64}}
{"op_code":5,"worker_id":"2bf13a8c-ed8c-4e1c-ba3b-51e1641b6760-22952117663552","trial_id":26,"param_name":"lr","param_value_internal":0.008222514458959579,"distribution":"{\"name\": \"FloatDistribution\", \"attributes\": {\"step\": null, \"low\": 1e-06, \"high\": 0.01, \"log\": true}}"}
{"op_code":5,"worker_id":"2bf13a8c-ed8c-4e1c-ba3b-51e1641b6760-22952117663552","trial_id":26,"param_name":"min_lr_ratio","param_value_internal":0.013457784722722332,"distribution":"{\"name\": \"FloatDistribution\", \"attributes\": {\"step\": null, \"low\": 0.0001, \"high\": 0.1, \"log\": true}}"}
{"op_code":5,"worker_id":"2bf13a8c-ed8c-4e1c-ba3b-51e1641b6760-22952117663552","trial_id":26,"param_name":"batch_size","param_value_internal":1,"distribution":"{\"name\": \"CategoricalDistribution\", \"attributes\": {\"choices\": [256, 512, 1024]}}"}
{"op_code":5,"worker_id":"2bf13a8c-ed8c-4e1c-ba3b-51e1641b6760-22952117663552","trial_id":26,"param_name":"weight_decay","param_value_internal":0.02652260719627731,"distribution":"{\"name\": \"FloatDistribution\", \"attributes\": {\"step\": null, \"low\": 0.0, \"high\": 0.3, \"log\": false}}"}
{"op_code":5,"worker_id":"2bf13a8c-ed8c-4e1c-ba3b-51e1641b6760-22952117663552","trial_id":26,"param_name":"beta_1","param_value_internal":0.8298787187507303,"distribution":"{\"name\": \"FloatDistribution\", \"attributes\": {\"step\": null, \"low\": 0.7, \"high\": 1.0, \"log\": false}}"}
{"op_code":5,"worker_id":"2bf13a8c-ed8c-4e1c-ba3b-51e1641b6760-22952117663552","trial_id":26,"param_name":"beta_2","param_value_internal":0.9719830404935126,"distribution":"{\"name\": \"FloatDistribution\", \"attributes\": {\"step\": null, \"low\": 0.9, \"high\": 1.0, \"log\": false}}"}
{"op_code":8,"worker_id":"2bf13a8c-ed8c-4e1c-ba3b-51e1641b6760-22952117663552","trial_id":26,"user_attr":{"min_lr":0.0001106568294681497}}
{"op_code":7,"worker_id":"2bf13a8c-ed8c-4e1c-ba3b-51e1641b6760-22952117663552","trial_id":26,"step":0,"intermediate_value":0.7114653535726373}
{"op_code":7,"worker_id":"2bf13a8c-ed8c-4e1c-ba3b-51e1641b6760-22952117663552","trial_id":26,"step":1,"intermediate_value":0.5921724824011679}
{"op_code":7,"worker_id":"2bf13a8c-ed8c-4e1c-ba3b-51e1641b6760-22952117663552","trial_id":26,"step":2,"intermediate_value":0.6647287313058566}
{"op_code":7,"worker_id":"2bf13a8c-ed8c-4e1c-ba3b-51e1641b6760-22952117663552","trial_id":26,"step":3,"intermediate_value":0.7255046052299219}
{"op_code":7,"worker_id":"2bf13a8c-ed8c-4e1c-ba3b-51e1641b6760-22952117663552","trial_id":26,"step":4,"intermediate_value":0.6753378392397156}
{"op_code":7,"worker_id":"2bf13a8c-ed8c-4e1c-ba3b-51e1641b6760-22952117663552","trial_id":26,"step":5,"intermediate_value":0.6275576510039088}
{"op_code":7,"worker_id":"2bf13a8c-ed8c-4e1c-ba3b-51e1641b6760-22952117663552","trial_id":26,"step":6,"intermediate_value":0.5929195014041797}
{"op_code":7,"worker_id":"2bf13a8c-ed8c-4e1c-ba3b-51e1641b6760-22952117663552","trial_id":26,"step":7,"intermediate_value":0.7632111235304093}
{"op_code":7,"worker_id":"2bf13a8c-ed8c-4e1c-ba3b-51e1641b6760-22952117663552","trial_id":26,"step":8,"intermediate_value":0.8825965149688269}
{"op_code":7,"worker_id":"2bf13a8c-ed8c-4e1c-ba3b-51e1641b6760-22952117663552","trial_id":26,"step":9,"intermediate_value":0.9253710258049472}
{"op_code":7,"worker_id":"2bf13a8c-ed8c-4e1c-ba3b-51e1641b6760-22952117663552","trial_id":26,"step":10,"intermediate_value":0.915268734822211}
{"op_code":7,"worker_id":"2bf13a8c-ed8c-4e1c-ba3b-51e1641b6760-22952117663552","trial_id":26,"step":11,"intermediate_value":0.9152124854310693}
{"op_code":7,"worker_id":"2bf13a8c-ed8c-4e1c-ba3b-51e1641b6760-22952117663552","trial_id":26,"step":12,"intermediate_value":0.9138514630735133}
{"op_code":7,"worker_id":"2bf13a8c-ed8c-4e1c-ba3b-51e1641b6760-22952117663552","trial_id":26,"step":13,"intermediate_value":0.9154181433035102}
{"op_code":7,"worker_id":"2bf13a8c-ed8c-4e1c-ba3b-51e1641b6760-22952117663552","trial_id":26,"step":14,"intermediate_value":0.9153306255136945}
{"op_code":7,"worker_id":"2bf13a8c-ed8c-4e1c-ba3b-51e1641b6760-22952117663552","trial_id":26,"step":15,"intermediate_value":0.915357440674715}
{"op_code":7,"worker_id":"2bf13a8c-ed8c-4e1c-ba3b-51e1641b6760-22952117663552","trial_id":26,"step":16,"intermediate_value":0.9155817823053679}
{"op_code":7,"worker_id":"2bf13a8c-ed8c-4e1c-ba3b-51e1641b6760-22952117663552","trial_id":26,"step":17,"intermediate_value":0.915290131192756}
{"op_code":7,"worker_id":"2bf13a8c-ed8c-4e1c-ba3b-51e1641b6760-22952117663552","trial_id":26,"step":18,"intermediate_value":0.9154499320938635}
{"op_code":7,"worker_id":"2bf13a8c-ed8c-4e1c-ba3b-51e1641b6760-22952117663552","trial_id":26,"step":19,"intermediate_value":0.9154354359331505}
{"op_code":7,"worker_id":"2bf13a8c-ed8c-4e1c-ba3b-51e1641b6760-22952117663552","trial_id":26,"step":20,"intermediate_value":0.9155465265468629}
{"op_code":9,"worker_id":"2bf13a8c-ed8c-4e1c-ba3b-51e1641b6760-22952117663552","trial_id":26,"system_attr":{"completed_rung_0":0.9155465265468629}}
{"op_code":6,"worker_id":"2bf13a8c-ed8c-4e1c-ba3b-51e1641b6760-22952117663552","trial_id":26,"state":2,"values":[0.9155465265468629],"datetime_complete":"2025-12-23T00:38:54.829425"}
{"op_code":4,"worker_id":"2bf13a8c-ed8c-4e1c-ba3b-51e1641b6760-22952117663552","study_id":0,"datetime_start":"2025-12-23T00:38:54.829778"}
{"op_code":5,"worker_id":"2bf13a8c-ed8c-4e1c-ba3b-51e1641b6760-22952117663552","trial_id":27,"param_name":"n_layers","param_value_internal":44.0,"distribution":"{\"name\": \"IntDistribution\", \"attributes\": {\"log\": false, \"step\": 1, \"low\": 2, \"high\": 64}}"}
{"op_code":5,"worker_id":"2bf13a8c-ed8c-4e1c-ba3b-51e1641b6760-22952117663552","trial_id":27,"param_name":"n_heads","param_value_internal":3,"distribution":"{\"name\": \"CategoricalDistribution\", \"attributes\": {\"choices\": [2, 4, 8, 16, 32]}}"}
{"op_code":5,"worker_id":"2bf13a8c-ed8c-4e1c-ba3b-51e1641b6760-22952117663552","trial_id":27,"param_name":"head_dim","param_value_internal":0,"distribution":"{\"name\": \"CategoricalDistribution\", \"attributes\": {\"choices\": [4, 8, 16, 32, 64]}}"}
{"op_code":8,"worker_id":"2bf13a8c-ed8c-4e1c-ba3b-51e1641b6760-22952117663552","trial_id":27,"user_attr":{"d_model":64}}
{"op_code":5,"worker_id":"2bf13a8c-ed8c-4e1c-ba3b-51e1641b6760-22952117663552","trial_id":27,"param_name":"lr","param_value_internal":0.0005994022192306992,"distribution":"{\"name\": \"FloatDistribution\", \"attributes\": {\"step\": null, \"low\": 1e-06, \"high\": 0.01, \"log\": true}}"}
{"op_code":5,"worker_id":"2bf13a8c-ed8c-4e1c-ba3b-51e1641b6760-22952117663552","trial_id":27,"param_name":"min_lr_ratio","param_value_internal":0.0035808142876123427,"distribution":"{\"name\": \"FloatDistribution\", \"attributes\": {\"step\": null, \"low\": 0.0001, \"high\": 0.1, \"log\": true}}"}
{"op_code":5,"worker_id":"2bf13a8c-ed8c-4e1c-ba3b-51e1641b6760-22952117663552","trial_id":27,"param_name":"batch_size","param_value_internal":1,"distribution":"{\"name\": \"CategoricalDistribution\", \"attributes\": {\"choices\": [256, 512, 1024]}}"}
{"op_code":5,"worker_id":"2bf13a8c-ed8c-4e1c-ba3b-51e1641b6760-22952117663552","trial_id":27,"param_name":"weight_decay","param_value_internal":0.10151432401353798,"distribution":"{\"name\": \"FloatDistribution\", \"attributes\": {\"step\": null, \"low\": 0.0, \"high\": 0.3, \"log\": false}}"}
{"op_code":5,"worker_id":"2bf13a8c-ed8c-4e1c-ba3b-51e1641b6760-22952117663552","trial_id":27,"param_name":"beta_1","param_value_internal":0.7401294416471593,"distribution":"{\"name\": \"FloatDistribution\", \"attributes\": {\"step\": null, \"low\": 0.7, \"high\": 1.0, \"log\": false}}"}
{"op_code":5,"worker_id":"2bf13a8c-ed8c-4e1c-ba3b-51e1641b6760-22952117663552","trial_id":27,"param_name":"beta_2","param_value_internal":0.9591409746218742,"distribution":"{\"name\": \"FloatDistribution\", \"attributes\": {\"step\": null, \"low\": 0.9, \"high\": 1.0, \"log\": false}}"}
{"op_code":8,"worker_id":"2bf13a8c-ed8c-4e1c-ba3b-51e1641b6760-22952117663552","trial_id":27,"user_attr":{"min_lr":2.1463480306478333e-06}}
{"op_code":7,"worker_id":"2bf13a8c-ed8c-4e1c-ba3b-51e1641b6760-22952117663552","trial_id":27,"step":0,"intermediate_value":0.9119920563019043}
{"op_code":7,"worker_id":"2bf13a8c-ed8c-4e1c-ba3b-51e1641b6760-22952117663552","trial_id":27,"step":1,"intermediate_value":0.9188670388744395}
{"op_code":7,"worker_id":"2bf13a8c-ed8c-4e1c-ba3b-51e1641b6760-22952117663552","trial_id":27,"step":2,"intermediate_value":0.9209215729403467}
{"op_code":7,"worker_id":"2bf13a8c-ed8c-4e1c-ba3b-51e1641b6760-22952117663552","trial_id":27,"step":3,"intermediate_value":0.867029049713275}
{"op_code":7,"worker_id":"2bf13a8c-ed8c-4e1c-ba3b-51e1641b6760-22952117663552","trial_id":27,"step":4,"intermediate_value":0.7834798195890967}
{"op_code":7,"worker_id":"2bf13a8c-ed8c-4e1c-ba3b-51e1641b6760-22952117663552","trial_id":27,"step":5,"intermediate_value":0.7547962096379462}
{"op_code":7,"worker_id":"2bf13a8c-ed8c-4e1c-ba3b-51e1641b6760-22952117663552","trial_id":27,"step":6,"intermediate_value":0.7098755718408813}
{"op_code":7,"worker_id":"2bf13a8c-ed8c-4e1c-ba3b-51e1641b6760-22952117663552","trial_id":27,"step":7,"intermediate_value":0.6568704543023206}
{"op_code":7,"worker_id":"2bf13a8c-ed8c-4e1c-ba3b-51e1641b6760-22952117663552","trial_id":27,"step":8,"intermediate_value":0.7088468868820127}
{"op_code":7,"worker_id":"2bf13a8c-ed8c-4e1c-ba3b-51e1641b6760-22952117663552","trial_id":27,"step":9,"intermediate_value":0.7444644527927412}
{"op_code":7,"worker_id":"2bf13a8c-ed8c-4e1c-ba3b-51e1641b6760-22952117663552","trial_id":27,"step":10,"intermediate_value":0.800442536601251}
{"op_code":7,"worker_id":"2bf13a8c-ed8c-4e1c-ba3b-51e1641b6760-22952117663552","trial_id":27,"step":11,"intermediate_value":0.7795903194841541}
{"op_code":7,"worker_id":"2bf13a8c-ed8c-4e1c-ba3b-51e1641b6760-22952117663552","trial_id":27,"step":12,"intermediate_value":0.8921388695248506}
{"op_code":7,"worker_id":"2bf13a8c-ed8c-4e1c-ba3b-51e1641b6760-22952117663552","trial_id":27,"step":13,"intermediate_value":0.8909360359854829}
{"op_code":7,"worker_id":"2bf13a8c-ed8c-4e1c-ba3b-51e1641b6760-22952117663552","trial_id":27,"step":14,"intermediate_value":0.9238445133783922}
{"op_code":7,"worker_id":"2bf13a8c-ed8c-4e1c-ba3b-51e1641b6760-22952117663552","trial_id":27,"step":15,"intermediate_value":0.9254033664508788}
{"op_code":7,"worker_id":"2bf13a8c-ed8c-4e1c-ba3b-51e1641b6760-22952117663552","trial_id":27,"step":16,"intermediate_value":0.9195110903940167}
{"op_code":7,"worker_id":"2bf13a8c-ed8c-4e1c-ba3b-51e1641b6760-22952117663552","trial_id":27,"step":17,"intermediate_value":0.9161959350604038}
{"op_code":7,"worker_id":"2bf13a8c-ed8c-4e1c-ba3b-51e1641b6760-22952117663552","trial_id":27,"step":18,"intermediate_value":0.9215908402649957}
{"op_code":7,"worker_id":"2bf13a8c-ed8c-4e1c-ba3b-51e1641b6760-22952117663552","trial_id":27,"step":19,"intermediate_value":0.9242178351570844}
{"op_code":7,"worker_id":"2bf13a8c-ed8c-4e1c-ba3b-51e1641b6760-22952117663552","trial_id":27,"step":20,"intermediate_value":0.92086868537844}
{"op_code":7,"worker_id":"2bf13a8c-ed8c-4e1c-ba3b-51e1641b6760-22952117663552","trial_id":27,"step":21,"intermediate_value":0.9150618658371243}
{"op_code":7,"worker_id":"2bf13a8c-ed8c-4e1c-ba3b-51e1641b6760-22952117663552","trial_id":27,"step":22,"intermediate_value":0.920535905222593}
{"op_code":7,"worker_id":"2bf13a8c-ed8c-4e1c-ba3b-51e1641b6760-22952117663552","trial_id":27,"step":23,"intermediate_value":0.9194234600412181}
{"op_code":7,"worker_id":"2bf13a8c-ed8c-4e1c-ba3b-51e1641b6760-22952117663552","trial_id":27,"step":24,"intermediate_value":0.9162037579755907}
{"op_code":7,"worker_id":"2bf13a8c-ed8c-4e1c-ba3b-51e1641b6760-22952117663552","trial_id":27,"step":25,"intermediate_value":0.919505842569177}
{"op_code":7,"worker_id":"2bf13a8c-ed8c-4e1c-ba3b-51e1641b6760-22952117663552","trial_id":27,"step":26,"intermediate_value":0.9209721224163775}
{"op_code":7,"worker_id":"2bf13a8c-ed8c-4e1c-ba3b-51e1641b6760-22952117663552","trial_id":27,"step":27,"intermediate_value":0.9152275440531693}
{"op_code":7,"worker_id":"2bf13a8c-ed8c-4e1c-ba3b-51e1641b6760-22952117663552","trial_id":27,"step":28,"intermediate_value":0.9150441355411126}
{"op_code":7,"worker_id":"2bf13a8c-ed8c-4e1c-ba3b-51e1641b6760-22952117663552","trial_id":27,"step":29,"intermediate_value":0.915032971089138}
{"op_code":7,"worker_id":"2bf13a8c-ed8c-4e1c-ba3b-51e1641b6760-22952117663552","trial_id":27,"step":30,"intermediate_value":0.924650535464711}
{"op_code":7,"worker_id":"2bf13a8c-ed8c-4e1c-ba3b-51e1641b6760-22952117663552","trial_id":27,"step":31,"intermediate_value":0.914959863552985}
{"op_code":7,"worker_id":"2bf13a8c-ed8c-4e1c-ba3b-51e1641b6760-22952117663552","trial_id":27,"step":32,"intermediate_value":0.9151562745036603}
{"op_code":7,"worker_id":"2bf13a8c-ed8c-4e1c-ba3b-51e1641b6760-22952117663552","trial_id":27,"step":33,"intermediate_value":0.9179876272788675}
{"op_code":7,"worker_id":"2bf13a8c-ed8c-4e1c-ba3b-51e1641b6760-22952117663552","trial_id":27,"step":34,"intermediate_value":0.9150799703060661}
{"op_code":7,"worker_id":"2bf13a8c-ed8c-4e1c-ba3b-51e1641b6760-22952117663552","trial_id":27,"step":35,"intermediate_value":0.9148454775023998}
{"op_code":7,"worker_id":"2bf13a8c-ed8c-4e1c-ba3b-51e1641b6760-22952117663552","trial_id":27,"step":36,"intermediate_value":0.9167893972261096}
{"op_code":7,"worker_id":"2bf13a8c-ed8c-4e1c-ba3b-51e1641b6760-22952117663552","trial_id":27,"step":37,"intermediate_value":0.9156305130973263}
{"op_code":7,"worker_id":"2bf13a8c-ed8c-4e1c-ba3b-51e1641b6760-22952117663552","trial_id":27,"step":38,"intermediate_value":0.9153111712081293}
{"op_code":7,"worker_id":"2bf13a8c-ed8c-4e1c-ba3b-51e1641b6760-22952117663552","trial_id":27,"step":39,"intermediate_value":0.9150879228242351}
{"op_code":7,"worker_id":"2bf13a8c-ed8c-4e1c-ba3b-51e1641b6760-22952117663552","trial_id":27,"step":40,"intermediate_value":0.9154409229543286}
{"op_code":7,"worker_id":"2bf13a8c-ed8c-4e1c-ba3b-51e1641b6760-22952117663552","trial_id":27,"step":41,"intermediate_value":0.9153353028167326}
{"op_code":7,"worker_id":"2bf13a8c-ed8c-4e1c-ba3b-51e1641b6760-22952117663552","trial_id":27,"step":42,"intermediate_value":0.9156785560672394}
{"op_code":7,"worker_id":"2bf13a8c-ed8c-4e1c-ba3b-51e1641b6760-22952117663552","trial_id":27,"step":43,"intermediate_value":0.9155676589741826}
{"op_code":7,"worker_id":"2bf13a8c-ed8c-4e1c-ba3b-51e1641b6760-22952117663552","trial_id":27,"step":44,"intermediate_value":0.9154108260025757}
{"op_code":7,"worker_id":"2bf13a8c-ed8c-4e1c-ba3b-51e1641b6760-22952117663552","trial_id":27,"step":45,"intermediate_value":0.9152907232089965}
{"op_code":7,"worker_id":"2bf13a8c-ed8c-4e1c-ba3b-51e1641b6760-22952117663552","trial_id":27,"step":46,"intermediate_value":0.9153614830433403}
{"op_code":7,"worker_id":"2bf13a8c-ed8c-4e1c-ba3b-51e1641b6760-22952117663552","trial_id":27,"step":47,"intermediate_value":0.9152378748178764}
{"op_code":7,"worker_id":"2bf13a8c-ed8c-4e1c-ba3b-51e1641b6760-22952117663552","trial_id":27,"step":48,"intermediate_value":0.9154814884048905}
{"op_code":7,"worker_id":"2bf13a8c-ed8c-4e1c-ba3b-51e1641b6760-22952117663552","trial_id":27,"step":49,"intermediate_value":0.9152611453055204}
{"op_code":7,"worker_id":"2bf13a8c-ed8c-4e1c-ba3b-51e1641b6760-22952117663552","trial_id":27,"step":50,"intermediate_value":0.9154597748499607}
{"op_code":7,"worker_id":"2bf13a8c-ed8c-4e1c-ba3b-51e1641b6760-22952117663552","trial_id":27,"step":51,"intermediate_value":0.9153550896497525}
{"op_code":7,"worker_id":"2bf13a8c-ed8c-4e1c-ba3b-51e1641b6760-22952117663552","trial_id":27,"step":52,"intermediate_value":0.915707954237611}
{"op_code":7,"worker_id":"2bf13a8c-ed8c-4e1c-ba3b-51e1641b6760-22952117663552","trial_id":27,"step":53,"intermediate_value":0.9153145772989393}
{"op_code":7,"worker_id":"2bf13a8c-ed8c-4e1c-ba3b-51e1641b6760-22952117663552","trial_id":27,"step":54,"intermediate_value":0.9151581361766105}
{"op_code":7,"worker_id":"2bf13a8c-ed8c-4e1c-ba3b-51e1641b6760-22952117663552","trial_id":27,"step":55,"intermediate_value":0.9152874596602552}
{"op_code":7,"worker_id":"2bf13a8c-ed8c-4e1c-ba3b-51e1641b6760-22952117663552","trial_id":27,"step":56,"intermediate_value":0.9146981018718027}
{"op_code":7,"worker_id":"2bf13a8c-ed8c-4e1c-ba3b-51e1641b6760-22952117663552","trial_id":27,"step":57,"intermediate_value":0.9154904899789487}
{"op_code":7,"worker_id":"2bf13a8c-ed8c-4e1c-ba3b-51e1641b6760-22952117663552","trial_id":27,"step":58,"intermediate_value":0.9154155844046976}
{"op_code":7,"worker_id":"2bf13a8c-ed8c-4e1c-ba3b-51e1641b6760-22952117663552","trial_id":27,"step":59,"intermediate_value":0.9154219669096552}
{"op_code":7,"worker_id":"2bf13a8c-ed8c-4e1c-ba3b-51e1641b6760-22952117663552","trial_id":27,"step":60,"intermediate_value":0.9153648358929907}
{"op_code":7,"worker_id":"2bf13a8c-ed8c-4e1c-ba3b-51e1641b6760-22952117663552","trial_id":27,"step":61,"intermediate_value":0.9152852446724653}
{"op_code":7,"worker_id":"2bf13a8c-ed8c-4e1c-ba3b-51e1641b6760-22952117663552","trial_id":27,"step":62,"intermediate_value":0.9150706926981608}
{"op_code":7,"worker_id":"2bf13a8c-ed8c-4e1c-ba3b-51e1641b6760-22952117663552","trial_id":27,"step":63,"intermediate_value":0.9153540762293806}
{"op_code":7,"worker_id":"2bf13a8c-ed8c-4e1c-ba3b-51e1641b6760-22952117663552","trial_id":27,"step":64,"intermediate_value":0.9153801397213873}
{"op_code":7,"worker_id":"2bf13a8c-ed8c-4e1c-ba3b-51e1641b6760-22952117663552","trial_id":27,"step":65,"intermediate_value":0.9153528340063627}
{"op_code":7,"worker_id":"2bf13a8c-ed8c-4e1c-ba3b-51e1641b6760-22952117663552","trial_id":27,"step":66,"intermediate_value":0.9153164654864111}
{"op_code":7,"worker_id":"2bf13a8c-ed8c-4e1c-ba3b-51e1641b6760-22952117663552","trial_id":27,"step":67,"intermediate_value":0.9152708426913333}
{"op_code":7,"worker_id":"2bf13a8c-ed8c-4e1c-ba3b-51e1641b6760-22952117663552","trial_id":27,"step":68,"intermediate_value":0.9152780875899472}
{"op_code":7,"worker_id":"2bf13a8c-ed8c-4e1c-ba3b-51e1641b6760-22952117663552","trial_id":27,"step":69,"intermediate_value":0.9153273398341657}
{"op_code":7,"worker_id":"2bf13a8c-ed8c-4e1c-ba3b-51e1641b6760-22952117663552","trial_id":27,"step":70,"intermediate_value":0.915217926281627}
{"op_code":7,"worker_id":"2bf13a8c-ed8c-4e1c-ba3b-51e1641b6760-22952117663552","trial_id":27,"step":71,"intermediate_value":0.9154078845168914}
{"op_code":7,"worker_id":"2bf13a8c-ed8c-4e1c-ba3b-51e1641b6760-22952117663552","trial_id":27,"step":72,"intermediate_value":0.9153813967218319}
{"op_code":7,"worker_id":"2bf13a8c-ed8c-4e1c-ba3b-51e1641b6760-22952117663552","trial_id":27,"step":73,"intermediate_value":0.9153564180626422}
{"op_code":7,"worker_id":"2bf13a8c-ed8c-4e1c-ba3b-51e1641b6760-22952117663552","trial_id":27,"step":74,"intermediate_value":0.9153122027290815}
{"op_code":7,"worker_id":"2bf13a8c-ed8c-4e1c-ba3b-51e1641b6760-22952117663552","trial_id":27,"step":75,"intermediate_value":0.9152860632994845}
{"op_code":7,"worker_id":"2bf13a8c-ed8c-4e1c-ba3b-51e1641b6760-22952117663552","trial_id":27,"step":76,"intermediate_value":0.9153313621931654}
{"op_code":7,"worker_id":"2bf13a8c-ed8c-4e1c-ba3b-51e1641b6760-22952117663552","trial_id":27,"step":77,"intermediate_value":0.9154989292330307}
{"op_code":7,"worker_id":"2bf13a8c-ed8c-4e1c-ba3b-51e1641b6760-22952117663552","trial_id":27,"step":78,"intermediate_value":0.9153136599671939}
{"op_code":7,"worker_id":"2bf13a8c-ed8c-4e1c-ba3b-51e1641b6760-22952117663552","trial_id":27,"step":79,"intermediate_value":0.9153281470069116}
{"op_code":7,"worker_id":"2bf13a8c-ed8c-4e1c-ba3b-51e1641b6760-22952117663552","trial_id":27,"step":80,"intermediate_value":0.9153596803386864}
{"op_code":9,"worker_id":"2bf13a8c-ed8c-4e1c-ba3b-51e1641b6760-22952117663552","trial_id":27,"system_attr":{"completed_rung_0":0.9153596803386864}}
{"op_code":6,"worker_id":"2bf13a8c-ed8c-4e1c-ba3b-51e1641b6760-22952117663552","trial_id":27,"state":2,"values":[0.9153596803386864],"datetime_complete":"2025-12-23T00:50:03.721047"}
{"op_code":4,"worker_id":"2bf13a8c-ed8c-4e1c-ba3b-51e1641b6760-22952117663552","study_id":0,"datetime_start":"2025-12-23T00:50:03.721403"}
{"op_code":5,"worker_id":"2bf13a8c-ed8c-4e1c-ba3b-51e1641b6760-22952117663552","trial_id":28,"param_name":"n_layers","param_value_internal":36.0,"distribution":"{\"name\": \"IntDistribution\", \"attributes\": {\"log\": false, \"step\": 1, \"low\": 2, \"high\": 64}}"}
{"op_code":5,"worker_id":"2bf13a8c-ed8c-4e1c-ba3b-51e1641b6760-22952117663552","trial_id":28,"param_name":"n_heads","param_value_internal":2,"distribution":"{\"name\": \"CategoricalDistribution\", \"attributes\": {\"choices\": [2, 4, 8, 16, 32]}}"}
{"op_code":5,"worker_id":"2bf13a8c-ed8c-4e1c-ba3b-51e1641b6760-22952117663552","trial_id":28,"param_name":"head_dim","param_value_internal":3,"distribution":"{\"name\": \"CategoricalDistribution\", \"attributes\": {\"choices\": [4, 8, 16, 32, 64]}}"}
{"op_code":8,"worker_id":"2bf13a8c-ed8c-4e1c-ba3b-51e1641b6760-22952117663552","trial_id":28,"user_attr":{"d_model":256}}
{"op_code":5,"worker_id":"2bf13a8c-ed8c-4e1c-ba3b-51e1641b6760-22952117663552","trial_id":28,"param_name":"lr","param_value_internal":6.143433724339957e-05,"distribution":"{\"name\": \"FloatDistribution\", \"attributes\": {\"step\": null, \"low\": 1e-06, \"high\": 0.01, \"log\": true}}"}
{"op_code":5,"worker_id":"2bf13a8c-ed8c-4e1c-ba3b-51e1641b6760-22952117663552","trial_id":28,"param_name":"min_lr_ratio","param_value_internal":0.006028479434042309,"distribution":"{\"name\": \"FloatDistribution\", \"attributes\": {\"step\": null, \"low\": 0.0001, \"high\": 0.1, \"log\": true}}"}
{"op_code":5,"worker_id":"2bf13a8c-ed8c-4e1c-ba3b-51e1641b6760-22952117663552","trial_id":28,"param_name":"batch_size","param_value_internal":2,"distribution":"{\"name\": \"CategoricalDistribution\", \"attributes\": {\"choices\": [256, 512, 1024]}}"}
{"op_code":5,"worker_id":"2bf13a8c-ed8c-4e1c-ba3b-51e1641b6760-22952117663552","trial_id":28,"param_name":"weight_decay","param_value_internal":0.05582577241468743,"distribution":"{\"name\": \"FloatDistribution\", \"attributes\": {\"step\": null, \"low\": 0.0, \"high\": 0.3, \"log\": false}}"}
{"op_code":5,"worker_id":"2bf13a8c-ed8c-4e1c-ba3b-51e1641b6760-22952117663552","trial_id":28,"param_name":"beta_1","param_value_internal":0.7915900360406021,"distribution":"{\"name\": \"FloatDistribution\", \"attributes\": {\"step\": null, \"low\": 0.7, \"high\": 1.0, \"log\": false}}"}
{"op_code":5,"worker_id":"2bf13a8c-ed8c-4e1c-ba3b-51e1641b6760-22952117663552","trial_id":28,"param_name":"beta_2","param_value_internal":0.9849181322157488,"distribution":"{\"name\": \"FloatDistribution\", \"attributes\": {\"step\": null, \"low\": 0.9, \"high\": 1.0, \"log\": false}}"}
{"op_code":8,"worker_id":"2bf13a8c-ed8c-4e1c-ba3b-51e1641b6760-22952117663552","trial_id":28,"user_attr":{"min_lr":3.703556386158538e-07}}
{"op_code":7,"worker_id":"2bf13a8c-ed8c-4e1c-ba3b-51e1641b6760-22952117663552","trial_id":28,"step":0,"intermediate_value":0.8522674410227213}
{"op_code":7,"worker_id":"2bf13a8c-ed8c-4e1c-ba3b-51e1641b6760-22952117663552","trial_id":28,"step":1,"intermediate_value":0.7087734671108522}
{"op_code":7,"worker_id":"2bf13a8c-ed8c-4e1c-ba3b-51e1641b6760-22952117663552","trial_id":28,"step":2,"intermediate_value":0.6873248366557265}
{"op_code":7,"worker_id":"2bf13a8c-ed8c-4e1c-ba3b-51e1641b6760-22952117663552","trial_id":28,"step":3,"intermediate_value":0.6027593694689152}
{"op_code":7,"worker_id":"2bf13a8c-ed8c-4e1c-ba3b-51e1641b6760-22952117663552","trial_id":28,"step":4,"intermediate_value":0.6120249172970917}
{"op_code":7,"worker_id":"2bf13a8c-ed8c-4e1c-ba3b-51e1641b6760-22952117663552","trial_id":28,"step":5,"intermediate_value":0.5685631954514401}
{"op_code":7,"worker_id":"2bf13a8c-ed8c-4e1c-ba3b-51e1641b6760-22952117663552","trial_id":28,"step":6,"intermediate_value":0.6358781319071813}
{"op_code":7,"worker_id":"2bf13a8c-ed8c-4e1c-ba3b-51e1641b6760-22952117663552","trial_id":28,"step":7,"intermediate_value":0.6386559194800127}
{"op_code":7,"worker_id":"2bf13a8c-ed8c-4e1c-ba3b-51e1641b6760-22952117663552","trial_id":28,"step":8,"intermediate_value":0.6985555938130171}
{"op_code":7,"worker_id":"2bf13a8c-ed8c-4e1c-ba3b-51e1641b6760-22952117663552","trial_id":28,"step":9,"intermediate_value":0.6761415272703657}
{"op_code":7,"worker_id":"2bf13a8c-ed8c-4e1c-ba3b-51e1641b6760-22952117663552","trial_id":28,"step":10,"intermediate_value":0.693683800111886}
{"op_code":7,"worker_id":"2bf13a8c-ed8c-4e1c-ba3b-51e1641b6760-22952117663552","trial_id":28,"step":11,"intermediate_value":0.618493188742641}
{"op_code":7,"worker_id":"2bf13a8c-ed8c-4e1c-ba3b-51e1641b6760-22952117663552","trial_id":28,"step":12,"intermediate_value":0.8339083413212325}
{"op_code":7,"worker_id":"2bf13a8c-ed8c-4e1c-ba3b-51e1641b6760-22952117663552","trial_id":28,"step":13,"intermediate_value":0.7265651479876055}
{"op_code":7,"worker_id":"2bf13a8c-ed8c-4e1c-ba3b-51e1641b6760-22952117663552","trial_id":28,"step":14,"intermediate_value":0.7357846085569896}
{"op_code":7,"worker_id":"2bf13a8c-ed8c-4e1c-ba3b-51e1641b6760-22952117663552","trial_id":28,"step":15,"intermediate_value":0.7915259772206823}
{"op_code":7,"worker_id":"2bf13a8c-ed8c-4e1c-ba3b-51e1641b6760-22952117663552","trial_id":28,"step":16,"intermediate_value":0.7829286254597728}
{"op_code":7,"worker_id":"2bf13a8c-ed8c-4e1c-ba3b-51e1641b6760-22952117663552","trial_id":28,"step":17,"intermediate_value":0.6481621063193959}
{"op_code":7,"worker_id":"2bf13a8c-ed8c-4e1c-ba3b-51e1641b6760-22952117663552","trial_id":28,"step":18,"intermediate_value":0.6706609875140523}
{"op_code":7,"worker_id":"2bf13a8c-ed8c-4e1c-ba3b-51e1641b6760-22952117663552","trial_id":28,"step":19,"intermediate_value":0.6331252905397653}
{"op_code":7,"worker_id":"2bf13a8c-ed8c-4e1c-ba3b-51e1641b6760-22952117663552","trial_id":28,"step":20,"intermediate_value":0.6327673966774313}
{"op_code":9,"worker_id":"2bf13a8c-ed8c-4e1c-ba3b-51e1641b6760-22952117663552","trial_id":28,"system_attr":{"completed_rung_0":0.6327673966774313}}
{"op_code":7,"worker_id":"2bf13a8c-ed8c-4e1c-ba3b-51e1641b6760-22952117663552","trial_id":28,"step":21,"intermediate_value":0.703096478010836}
{"op_code":7,"worker_id":"2bf13a8c-ed8c-4e1c-ba3b-51e1641b6760-22952117663552","trial_id":28,"step":22,"intermediate_value":0.7016427051695782}
{"op_code":7,"worker_id":"2bf13a8c-ed8c-4e1c-ba3b-51e1641b6760-22952117663552","trial_id":28,"step":23,"intermediate_value":0.7142578436245132}
{"op_code":7,"worker_id":"2bf13a8c-ed8c-4e1c-ba3b-51e1641b6760-22952117663552","trial_id":28,"step":24,"intermediate_value":0.7884553274225934}
{"op_code":7,"worker_id":"2bf13a8c-ed8c-4e1c-ba3b-51e1641b6760-22952117663552","trial_id":28,"step":25,"intermediate_value":0.6923224978316862}
{"op_code":7,"worker_id":"2bf13a8c-ed8c-4e1c-ba3b-51e1641b6760-22952117663552","trial_id":28,"step":26,"intermediate_value":0.6314463545419143}
{"op_code":7,"worker_id":"2bf13a8c-ed8c-4e1c-ba3b-51e1641b6760-22952117663552","trial_id":28,"step":27,"intermediate_value":0.6781929320570695}
{"op_code":7,"worker_id":"2bf13a8c-ed8c-4e1c-ba3b-51e1641b6760-22952117663552","trial_id":28,"step":28,"intermediate_value":0.6577911281500847}
{"op_code":7,"worker_id":"2bf13a8c-ed8c-4e1c-ba3b-51e1641b6760-22952117663552","trial_id":28,"step":29,"intermediate_value":0.6709743933321318}
{"op_code":7,"worker_id":"2bf13a8c-ed8c-4e1c-ba3b-51e1641b6760-22952117663552","trial_id":28,"step":30,"intermediate_value":0.7531609464511894}
{"op_code":7,"worker_id":"2bf13a8c-ed8c-4e1c-ba3b-51e1641b6760-22952117663552","trial_id":28,"step":31,"intermediate_value":0.6713774456672397}
{"op_code":7,"worker_id":"2bf13a8c-ed8c-4e1c-ba3b-51e1641b6760-22952117663552","trial_id":28,"step":32,"intermediate_value":0.7230557699644693}
{"op_code":7,"worker_id":"2bf13a8c-ed8c-4e1c-ba3b-51e1641b6760-22952117663552","trial_id":28,"step":33,"intermediate_value":0.6284359507572043}
{"op_code":7,"worker_id":"2bf13a8c-ed8c-4e1c-ba3b-51e1641b6760-22952117663552","trial_id":28,"step":34,"intermediate_value":0.6729706077530432}
{"op_code":7,"worker_id":"2bf13a8c-ed8c-4e1c-ba3b-51e1641b6760-22952117663552","trial_id":28,"step":35,"intermediate_value":0.5936691408196944}
{"op_code":7,"worker_id":"2bf13a8c-ed8c-4e1c-ba3b-51e1641b6760-22952117663552","trial_id":28,"step":36,"intermediate_value":0.7076116147697467}
{"op_code":7,"worker_id":"2bf13a8c-ed8c-4e1c-ba3b-51e1641b6760-22952117663552","trial_id":28,"step":37,"intermediate_value":0.597846890825111}
{"op_code":7,"worker_id":"2bf13a8c-ed8c-4e1c-ba3b-51e1641b6760-22952117663552","trial_id":28,"step":38,"intermediate_value":0.6928747523297619}
{"op_code":7,"worker_id":"2bf13a8c-ed8c-4e1c-ba3b-51e1641b6760-22952117663552","trial_id":28,"step":39,"intermediate_value":0.6985317894996698}
{"op_code":7,"worker_id":"2bf13a8c-ed8c-4e1c-ba3b-51e1641b6760-22952117663552","trial_id":28,"step":40,"intermediate_value":0.6205041278440898}
{"op_code":9,"worker_id":"2bf13a8c-ed8c-4e1c-ba3b-51e1641b6760-22952117663552","trial_id":28,"system_attr":{"completed_rung_1":0.6205041278440898}}
{"op_code":6,"worker_id":"2bf13a8c-ed8c-4e1c-ba3b-51e1641b6760-22952117663552","trial_id":28,"state":2,"values":[0.6205041278440898],"datetime_complete":"2025-12-23T00:54:56.738658"}
{"op_code":4,"worker_id":"2bf13a8c-ed8c-4e1c-ba3b-51e1641b6760-22952117663552","study_id":0,"datetime_start":"2025-12-23T00:54:56.739002"}
{"op_code":5,"worker_id":"2bf13a8c-ed8c-4e1c-ba3b-51e1641b6760-22952117663552","trial_id":29,"param_name":"n_layers","param_value_internal":49.0,"distribution":"{\"name\": \"IntDistribution\", \"attributes\": {\"log\": false, \"step\": 1, \"low\": 2, \"high\": 64}}"}
{"op_code":5,"worker_id":"2bf13a8c-ed8c-4e1c-ba3b-51e1641b6760-22952117663552","trial_id":29,"param_name":"n_heads","param_value_internal":3,"distribution":"{\"name\": \"CategoricalDistribution\", \"attributes\": {\"choices\": [2, 4, 8, 16, 32]}}"}
{"op_code":5,"worker_id":"2bf13a8c-ed8c-4e1c-ba3b-51e1641b6760-22952117663552","trial_id":29,"param_name":"head_dim","param_value_internal":4,"distribution":"{\"name\": \"CategoricalDistribution\", \"attributes\": {\"choices\": [4, 8, 16, 32, 64]}}"}
{"op_code":8,"worker_id":"2bf13a8c-ed8c-4e1c-ba3b-51e1641b6760-22952117663552","trial_id":29,"user_attr":{"d_model":1024}}
{"op_code":5,"worker_id":"2bf13a8c-ed8c-4e1c-ba3b-51e1641b6760-22952117663552","trial_id":29,"param_name":"lr","param_value_internal":0.005345547886660151,"distribution":"{\"name\": \"FloatDistribution\", \"attributes\": {\"step\": null, \"low\": 1e-06, \"high\": 0.01, \"log\": true}}"}
{"op_code":5,"worker_id":"2bf13a8c-ed8c-4e1c-ba3b-51e1641b6760-22952117663552","trial_id":29,"param_name":"min_lr_ratio","param_value_internal":0.0031623832405760326,"distribution":"{\"name\": \"FloatDistribution\", \"attributes\": {\"step\": null, \"low\": 0.0001, \"high\": 0.1, \"log\": true}}"}
{"op_code":5,"worker_id":"2bf13a8c-ed8c-4e1c-ba3b-51e1641b6760-22952117663552","trial_id":29,"param_name":"batch_size","param_value_internal":1,"distribution":"{\"name\": \"CategoricalDistribution\", \"attributes\": {\"choices\": [256, 512, 1024]}}"}
{"op_code":5,"worker_id":"2bf13a8c-ed8c-4e1c-ba3b-51e1641b6760-22952117663552","trial_id":29,"param_name":"weight_decay","param_value_internal":0.0933558973884818,"distribution":"{\"name\": \"FloatDistribution\", \"attributes\": {\"step\": null, \"low\": 0.0, \"high\": 0.3, \"log\": false}}"}
{"op_code":5,"worker_id":"2bf13a8c-ed8c-4e1c-ba3b-51e1641b6760-22952117663552","trial_id":29,"param_name":"beta_1","param_value_internal":0.731675165274267,"distribution":"{\"name\": \"FloatDistribution\", \"attributes\": {\"step\": null, \"low\": 0.7, \"high\": 1.0, \"log\": false}}"}
{"op_code":5,"worker_id":"2bf13a8c-ed8c-4e1c-ba3b-51e1641b6760-22952117663552","trial_id":29,"param_name":"beta_2","param_value_internal":0.9449003208879908,"distribution":"{\"name\": \"FloatDistribution\", \"attributes\": {\"step\": null, \"low\": 0.9, \"high\": 1.0, \"log\": false}}"}
{"op_code":8,"worker_id":"2bf13a8c-ed8c-4e1c-ba3b-51e1641b6760-22952117663552","trial_id":29,"user_attr":{"min_lr":1.690467104847069e-05}}
{"op_code":7,"worker_id":"2bf13a8c-ed8c-4e1c-ba3b-51e1641b6760-22952117663552","trial_id":29,"step":0,"intermediate_value":1.392556366971379}
{"op_code":7,"worker_id":"2bf13a8c-ed8c-4e1c-ba3b-51e1641b6760-22952117663552","trial_id":29,"step":1,"intermediate_value":1.4550924349227128}
{"op_code":7,"worker_id":"2bf13a8c-ed8c-4e1c-ba3b-51e1641b6760-22952117663552","trial_id":29,"step":2,"intermediate_value":1.064455571547946}
{"op_code":7,"worker_id":"2bf13a8c-ed8c-4e1c-ba3b-51e1641b6760-22952117663552","trial_id":29,"step":3,"intermediate_value":0.9233160960009655}
{"op_code":7,"worker_id":"2bf13a8c-ed8c-4e1c-ba3b-51e1641b6760-22952117663552","trial_id":29,"step":4,"intermediate_value":0.9574011271534442}
{"op_code":7,"worker_id":"2bf13a8c-ed8c-4e1c-ba3b-51e1641b6760-22952117663552","trial_id":29,"step":5,"intermediate_value":0.9170579719373764}
{"op_code":7,"worker_id":"2bf13a8c-ed8c-4e1c-ba3b-51e1641b6760-22952117663552","trial_id":29,"step":6,"intermediate_value":0.9151189801673165}
{"op_code":7,"worker_id":"2bf13a8c-ed8c-4e1c-ba3b-51e1641b6760-22952117663552","trial_id":29,"step":7,"intermediate_value":0.9258780478017045}
{"op_code":7,"worker_id":"2bf13a8c-ed8c-4e1c-ba3b-51e1641b6760-22952117663552","trial_id":29,"step":8,"intermediate_value":0.9431409017047}
{"op_code":7,"worker_id":"2bf13a8c-ed8c-4e1c-ba3b-51e1641b6760-22952117663552","trial_id":29,"step":9,"intermediate_value":0.909300197273811}
{"op_code":7,"worker_id":"2bf13a8c-ed8c-4e1c-ba3b-51e1641b6760-22952117663552","trial_id":29,"step":10,"intermediate_value":0.9109626642184184}
{"op_code":7,"worker_id":"2bf13a8c-ed8c-4e1c-ba3b-51e1641b6760-22952117663552","trial_id":29,"step":11,"intermediate_value":0.91600038473575}
{"op_code":7,"worker_id":"2bf13a8c-ed8c-4e1c-ba3b-51e1641b6760-22952117663552","trial_id":29,"step":12,"intermediate_value":0.911014412716473}
{"op_code":7,"worker_id":"2bf13a8c-ed8c-4e1c-ba3b-51e1641b6760-22952117663552","trial_id":29,"step":13,"intermediate_value":0.9156586344697438}
{"op_code":7,"worker_id":"2bf13a8c-ed8c-4e1c-ba3b-51e1641b6760-22952117663552","trial_id":29,"step":14,"intermediate_value":0.911571401859659}
{"op_code":7,"worker_id":"2bf13a8c-ed8c-4e1c-ba3b-51e1641b6760-22952117663552","trial_id":29,"step":15,"intermediate_value":0.9099175056104558}
{"op_code":7,"worker_id":"2bf13a8c-ed8c-4e1c-ba3b-51e1641b6760-22952117663552","trial_id":29,"step":16,"intermediate_value":0.9156542922395545}
{"op_code":7,"worker_id":"2bf13a8c-ed8c-4e1c-ba3b-51e1641b6760-22952117663552","trial_id":29,"step":17,"intermediate_value":0.9162053115144461}
{"op_code":7,"worker_id":"2bf13a8c-ed8c-4e1c-ba3b-51e1641b6760-22952117663552","trial_id":29,"step":18,"intermediate_value":0.9152513714164743}
{"op_code":7,"worker_id":"2bf13a8c-ed8c-4e1c-ba3b-51e1641b6760-22952117663552","trial_id":29,"step":19,"intermediate_value":0.9153193009140087}
{"op_code":7,"worker_id":"2bf13a8c-ed8c-4e1c-ba3b-51e1641b6760-22952117663552","trial_id":29,"step":20,"intermediate_value":0.9152658465069808}
{"op_code":7,"worker_id":"2bf13a8c-ed8c-4e1c-ba3b-51e1641b6760-22952117663552","trial_id":29,"step":21,"intermediate_value":0.9157336830102959}
{"op_code":7,"worker_id":"2bf13a8c-ed8c-4e1c-ba3b-51e1641b6760-22952117663552","trial_id":29,"step":22,"intermediate_value":0.9155626389621133}
{"op_code":7,"worker_id":"2bf13a8c-ed8c-4e1c-ba3b-51e1641b6760-22952117663552","trial_id":29,"step":23,"intermediate_value":0.915575134230961}
{"op_code":7,"worker_id":"2bf13a8c-ed8c-4e1c-ba3b-51e1641b6760-22952117663552","trial_id":29,"step":24,"intermediate_value":0.9151044183920004}
{"op_code":7,"worker_id":"2bf13a8c-ed8c-4e1c-ba3b-51e1641b6760-22952117663552","trial_id":29,"step":25,"intermediate_value":0.9154833361488786}
{"op_code":7,"worker_id":"2bf13a8c-ed8c-4e1c-ba3b-51e1641b6760-22952117663552","trial_id":29,"step":26,"intermediate_value":0.915264419742892}
{"op_code":7,"worker_id":"2bf13a8c-ed8c-4e1c-ba3b-51e1641b6760-22952117663552","trial_id":29,"step":27,"intermediate_value":0.9153468451183179}
{"op_code":7,"worker_id":"2bf13a8c-ed8c-4e1c-ba3b-51e1641b6760-22952117663552","trial_id":29,"step":28,"intermediate_value":0.9152605823491957}
{"op_code":7,"worker_id":"2bf13a8c-ed8c-4e1c-ba3b-51e1641b6760-22952117663552","trial_id":29,"step":29,"intermediate_value":0.9153856191063833}
{"op_code":7,"worker_id":"2bf13a8c-ed8c-4e1c-ba3b-51e1641b6760-22952117663552","trial_id":29,"step":30,"intermediate_value":0.9153174178880304}
{"op_code":7,"worker_id":"2bf13a8c-ed8c-4e1c-ba3b-51e1641b6760-22952117663552","trial_id":29,"step":31,"intermediate_value":0.9151014779668969}
{"op_code":7,"worker_id":"2bf13a8c-ed8c-4e1c-ba3b-51e1641b6760-22952117663552","trial_id":29,"step":32,"intermediate_value":0.9151946624402898}
{"op_code":7,"worker_id":"2bf13a8c-ed8c-4e1c-ba3b-51e1641b6760-22952117663552","trial_id":29,"step":33,"intermediate_value":0.9150183308308376}
{"op_code":7,"worker_id":"2bf13a8c-ed8c-4e1c-ba3b-51e1641b6760-22952117663552","trial_id":29,"step":34,"intermediate_value":0.9158273330079845}
{"op_code":7,"worker_id":"2bf13a8c-ed8c-4e1c-ba3b-51e1641b6760-22952117663552","trial_id":29,"step":35,"intermediate_value":0.9162349481033968}
{"op_code":7,"worker_id":"2bf13a8c-ed8c-4e1c-ba3b-51e1641b6760-22952117663552","trial_id":29,"step":36,"intermediate_value":0.9147698322790515}
{"op_code":7,"worker_id":"2bf13a8c-ed8c-4e1c-ba3b-51e1641b6760-22952117663552","trial_id":29,"step":37,"intermediate_value":0.9155015915031252}
{"op_code":7,"worker_id":"2bf13a8c-ed8c-4e1c-ba3b-51e1641b6760-22952117663552","trial_id":29,"step":38,"intermediate_value":0.9152937778233068}
{"op_code":7,"worker_id":"2bf13a8c-ed8c-4e1c-ba3b-51e1641b6760-22952117663552","trial_id":29,"step":39,"intermediate_value":0.9155813404673784}
{"op_code":7,"worker_id":"2bf13a8c-ed8c-4e1c-ba3b-51e1641b6760-22952117663552","trial_id":29,"step":40,"intermediate_value":0.9146718463439534}
{"op_code":7,"worker_id":"2bf13a8c-ed8c-4e1c-ba3b-51e1641b6760-22952117663552","trial_id":29,"step":41,"intermediate_value":0.9154395830871654}
{"op_code":7,"worker_id":"2bf13a8c-ed8c-4e1c-ba3b-51e1641b6760-22952117663552","trial_id":29,"step":42,"intermediate_value":0.9159953106340565}
{"op_code":7,"worker_id":"2bf13a8c-ed8c-4e1c-ba3b-51e1641b6760-22952117663552","trial_id":29,"step":43,"intermediate_value":0.9172506107554317}
{"op_code":7,"worker_id":"2bf13a8c-ed8c-4e1c-ba3b-51e1641b6760-22952117663552","trial_id":29,"step":44,"intermediate_value":0.9152430929464519}
{"op_code":7,"worker_id":"2bf13a8c-ed8c-4e1c-ba3b-51e1641b6760-22952117663552","trial_id":29,"step":45,"intermediate_value":0.9154959167591334}
{"op_code":7,"worker_id":"2bf13a8c-ed8c-4e1c-ba3b-51e1641b6760-22952117663552","trial_id":29,"step":46,"intermediate_value":0.9159622911456641}
{"op_code":7,"worker_id":"2bf13a8c-ed8c-4e1c-ba3b-51e1641b6760-22952117663552","trial_id":29,"step":47,"intermediate_value":0.915315567527943}
{"op_code":7,"worker_id":"2bf13a8c-ed8c-4e1c-ba3b-51e1641b6760-22952117663552","trial_id":29,"step":48,"intermediate_value":0.9162379064876697}
{"op_code":7,"worker_id":"2bf13a8c-ed8c-4e1c-ba3b-51e1641b6760-22952117663552","trial_id":29,"step":49,"intermediate_value":0.9153582678570866}
{"op_code":7,"worker_id":"2bf13a8c-ed8c-4e1c-ba3b-51e1641b6760-22952117663552","trial_id":29,"step":50,"intermediate_value":0.9149217691144343}
{"op_code":7,"worker_id":"2bf13a8c-ed8c-4e1c-ba3b-51e1641b6760-22952117663552","trial_id":29,"step":51,"intermediate_value":0.9153038411802245}
{"op_code":7,"worker_id":"2bf13a8c-ed8c-4e1c-ba3b-51e1641b6760-22952117663552","trial_id":29,"step":52,"intermediate_value":0.9167771994148426}
{"op_code":7,"worker_id":"2bf13a8c-ed8c-4e1c-ba3b-51e1641b6760-22952117663552","trial_id":29,"step":53,"intermediate_value":0.9153197191363976}
{"op_code":7,"worker_id":"2bf13a8c-ed8c-4e1c-ba3b-51e1641b6760-22952117663552","trial_id":29,"step":54,"intermediate_value":0.9155348140574011}
{"op_code":7,"worker_id":"2bf13a8c-ed8c-4e1c-ba3b-51e1641b6760-22952117663552","trial_id":29,"step":55,"intermediate_value":0.9180080431070475}
{"op_code":7,"worker_id":"2bf13a8c-ed8c-4e1c-ba3b-51e1641b6760-22952117663552","trial_id":29,"step":56,"intermediate_value":0.9154832829784244}
{"op_code":7,"worker_id":"2bf13a8c-ed8c-4e1c-ba3b-51e1641b6760-22952117663552","trial_id":29,"step":57,"intermediate_value":0.9149960104115351}
{"op_code":7,"worker_id":"2bf13a8c-ed8c-4e1c-ba3b-51e1641b6760-22952117663552","trial_id":29,"step":58,"intermediate_value":0.91582734304815}
{"op_code":7,"worker_id":"2bf13a8c-ed8c-4e1c-ba3b-51e1641b6760-22952117663552","trial_id":29,"step":59,"intermediate_value":0.918483784119571}
{"op_code":7,"worker_id":"2bf13a8c-ed8c-4e1c-ba3b-51e1641b6760-22952117663552","trial_id":29,"step":60,"intermediate_value":0.9152007959208596}
{"op_code":7,"worker_id":"2bf13a8c-ed8c-4e1c-ba3b-51e1641b6760-22952117663552","trial_id":29,"step":61,"intermediate_value":0.9154595077249927}
{"op_code":7,"worker_id":"2bf13a8c-ed8c-4e1c-ba3b-51e1641b6760-22952117663552","trial_id":29,"step":62,"intermediate_value":0.9151225102753826}
{"op_code":7,"worker_id":"2bf13a8c-ed8c-4e1c-ba3b-51e1641b6760-22952117663552","trial_id":29,"step":63,"intermediate_value":0.9162125847659218}
{"op_code":7,"worker_id":"2bf13a8c-ed8c-4e1c-ba3b-51e1641b6760-22952117663552","trial_id":29,"step":64,"intermediate_value":0.9164259748385328}
{"op_code":7,"worker_id":"2bf13a8c-ed8c-4e1c-ba3b-51e1641b6760-22952117663552","trial_id":29,"step":65,"intermediate_value":0.9154714416637398}
{"op_code":7,"worker_id":"2bf13a8c-ed8c-4e1c-ba3b-51e1641b6760-22952117663552","trial_id":29,"step":66,"intermediate_value":0.9147078073887356}
{"op_code":7,"worker_id":"2bf13a8c-ed8c-4e1c-ba3b-51e1641b6760-22952117663552","trial_id":29,"step":67,"intermediate_value":0.9160827420218842}
{"op_code":7,"worker_id":"2bf13a8c-ed8c-4e1c-ba3b-51e1641b6760-22952117663552","trial_id":29,"step":68,"intermediate_value":0.9143349886789016}
{"op_code":7,"worker_id":"2bf13a8c-ed8c-4e1c-ba3b-51e1641b6760-22952117663552","trial_id":29,"step":69,"intermediate_value":0.9158712435306038}
{"op_code":7,"worker_id":"2bf13a8c-ed8c-4e1c-ba3b-51e1641b6760-22952117663552","trial_id":29,"step":70,"intermediate_value":0.9157772362585735}
{"op_code":7,"worker_id":"2bf13a8c-ed8c-4e1c-ba3b-51e1641b6760-22952117663552","trial_id":29,"step":71,"intermediate_value":0.9159954169042595}
{"op_code":7,"worker_id":"2bf13a8c-ed8c-4e1c-ba3b-51e1641b6760-22952117663552","trial_id":29,"step":72,"intermediate_value":0.9153174455338384}
{"op_code":7,"worker_id":"2bf13a8c-ed8c-4e1c-ba3b-51e1641b6760-22952117663552","trial_id":29,"step":73,"intermediate_value":0.9153137416319208}
{"op_code":7,"worker_id":"2bf13a8c-ed8c-4e1c-ba3b-51e1641b6760-22952117663552","trial_id":29,"step":74,"intermediate_value":0.9192942408480254}
{"op_code":7,"worker_id":"2bf13a8c-ed8c-4e1c-ba3b-51e1641b6760-22952117663552","trial_id":29,"step":75,"intermediate_value":0.9151766201213868}
{"op_code":7,"worker_id":"2bf13a8c-ed8c-4e1c-ba3b-51e1641b6760-22952117663552","trial_id":29,"step":76,"intermediate_value":0.9158443438766407}
{"op_code":7,"worker_id":"2bf13a8c-ed8c-4e1c-ba3b-51e1641b6760-22952117663552","trial_id":29,"step":77,"intermediate_value":0.9141692427270919}
{"op_code":7,"worker_id":"2bf13a8c-ed8c-4e1c-ba3b-51e1641b6760-22952117663552","trial_id":29,"step":78,"intermediate_value":0.9147813998931668}
{"op_code":7,"worker_id":"2bf13a8c-ed8c-4e1c-ba3b-51e1641b6760-22952117663552","trial_id":29,"step":79,"intermediate_value":0.9152633142641007}
{"op_code":7,"worker_id":"2bf13a8c-ed8c-4e1c-ba3b-51e1641b6760-22952117663552","trial_id":29,"step":80,"intermediate_value":0.9176249519644541}
{"op_code":9,"worker_id":"2bf13a8c-ed8c-4e1c-ba3b-51e1641b6760-22952117663552","trial_id":29,"system_attr":{"completed_rung_0":0.9176249519644541}}
{"op_code":6,"worker_id":"2bf13a8c-ed8c-4e1c-ba3b-51e1641b6760-22952117663552","trial_id":29,"state":2,"values":[0.9176249519644541],"datetime_complete":"2025-12-23T02:28:04.136829"}
{"op_code":0,"worker_id":"2d083acc-51be-4468-b3d5-8ddd3ef1858e-23257628968768","study_name":"transformer_small_dataset","directions":[1]}
{"op_code":4,"worker_id":"2d083acc-51be-4468-b3d5-8ddd3ef1858e-23257628968768","study_id":0,"datetime_start":"2025-12-23T08:35:01.149962"}
{"op_code":5,"worker_id":"2d083acc-51be-4468-b3d5-8ddd3ef1858e-23257628968768","trial_id":30,"param_name":"n_layers","param_value_internal":28.0,"distribution":"{\"name\": \"IntDistribution\", \"attributes\": {\"log\": false, \"step\": 1, \"low\": 2, \"high\": 64}}"}
{"op_code":5,"worker_id":"2d083acc-51be-4468-b3d5-8ddd3ef1858e-23257628968768","trial_id":30,"param_name":"n_heads","param_value_internal":3,"distribution":"{\"name\": \"CategoricalDistribution\", \"attributes\": {\"choices\": [2, 4, 8, 16, 32]}}"}
{"op_code":5,"worker_id":"2d083acc-51be-4468-b3d5-8ddd3ef1858e-23257628968768","trial_id":30,"param_name":"head_dim","param_value_internal":0,"distribution":"{\"name\": \"CategoricalDistribution\", \"attributes\": {\"choices\": [4, 8, 16, 32, 64]}}"}
{"op_code":8,"worker_id":"2d083acc-51be-4468-b3d5-8ddd3ef1858e-23257628968768","trial_id":30,"user_attr":{"d_model":64}}
{"op_code":5,"worker_id":"2d083acc-51be-4468-b3d5-8ddd3ef1858e-23257628968768","trial_id":30,"param_name":"lr","param_value_internal":2.2157328766916992e-05,"distribution":"{\"name\": \"FloatDistribution\", \"attributes\": {\"step\": null, \"low\": 1e-06, \"high\": 0.01, \"log\": true}}"}
{"op_code":5,"worker_id":"2d083acc-51be-4468-b3d5-8ddd3ef1858e-23257628968768","trial_id":30,"param_name":"min_lr_ratio","param_value_internal":0.0022152475609770695,"distribution":"{\"name\": \"FloatDistribution\", \"attributes\": {\"step\": null, \"low\": 0.0001, \"high\": 0.1, \"log\": true}}"}
{"op_code":5,"worker_id":"2d083acc-51be-4468-b3d5-8ddd3ef1858e-23257628968768","trial_id":30,"param_name":"batch_size","param_value_internal":0,"distribution":"{\"name\": \"CategoricalDistribution\", \"attributes\": {\"choices\": [256, 512, 1024]}}"}
{"op_code":5,"worker_id":"2d083acc-51be-4468-b3d5-8ddd3ef1858e-23257628968768","trial_id":30,"param_name":"weight_decay","param_value_internal":0.02153557517493962,"distribution":"{\"name\": \"FloatDistribution\", \"attributes\": {\"step\": null, \"low\": 0.0, \"high\": 0.3, \"log\": false}}"}
{"op_code":5,"worker_id":"2d083acc-51be-4468-b3d5-8ddd3ef1858e-23257628968768","trial_id":30,"param_name":"beta_1","param_value_internal":0.7585227919065711,"distribution":"{\"name\": \"FloatDistribution\", \"attributes\": {\"step\": null, \"low\": 0.7, \"high\": 1.0, \"log\": false}}"}
{"op_code":5,"worker_id":"2d083acc-51be-4468-b3d5-8ddd3ef1858e-23257628968768","trial_id":30,"param_name":"beta_2","param_value_internal":0.9516587710719071,"distribution":"{\"name\": \"FloatDistribution\", \"attributes\": {\"step\": null, \"low\": 0.9, \"high\": 1.0, \"log\": false}}"}
{"op_code":8,"worker_id":"2d083acc-51be-4468-b3d5-8ddd3ef1858e-23257628968768","trial_id":30,"user_attr":{"min_lr":4.9083968508679927e-08}}
{"op_code":7,"worker_id":"2d083acc-51be-4468-b3d5-8ddd3ef1858e-23257628968768","trial_id":30,"step":0,"intermediate_value":0.9326116933375774}
{"op_code":7,"worker_id":"2d083acc-51be-4468-b3d5-8ddd3ef1858e-23257628968768","trial_id":30,"step":1,"intermediate_value":0.9121938563467911}
{"op_code":7,"worker_id":"2d083acc-51be-4468-b3d5-8ddd3ef1858e-23257628968768","trial_id":30,"step":2,"intermediate_value":0.9002458288434845}
{"op_code":7,"worker_id":"2d083acc-51be-4468-b3d5-8ddd3ef1858e-23257628968768","trial_id":30,"step":3,"intermediate_value":0.8864157601466242}
{"op_code":7,"worker_id":"2d083acc-51be-4468-b3d5-8ddd3ef1858e-23257628968768","trial_id":30,"step":4,"intermediate_value":0.8726490904286521}
{"op_code":7,"worker_id":"2d083acc-51be-4468-b3d5-8ddd3ef1858e-23257628968768","trial_id":30,"step":5,"intermediate_value":0.8642221502562011}
{"op_code":7,"worker_id":"2d083acc-51be-4468-b3d5-8ddd3ef1858e-23257628968768","trial_id":30,"step":6,"intermediate_value":0.8340036012099731}
{"op_code":7,"worker_id":"2d083acc-51be-4468-b3d5-8ddd3ef1858e-23257628968768","trial_id":30,"step":7,"intermediate_value":0.8167609336254577}
{"op_code":7,"worker_id":"2d083acc-51be-4468-b3d5-8ddd3ef1858e-23257628968768","trial_id":30,"step":8,"intermediate_value":0.7945287205004891}
{"op_code":7,"worker_id":"2d083acc-51be-4468-b3d5-8ddd3ef1858e-23257628968768","trial_id":30,"step":9,"intermediate_value":0.759660735602622}
{"op_code":7,"worker_id":"2d083acc-51be-4468-b3d5-8ddd3ef1858e-23257628968768","trial_id":30,"step":10,"intermediate_value":0.7472677197603427}
{"op_code":7,"worker_id":"2d083acc-51be-4468-b3d5-8ddd3ef1858e-23257628968768","trial_id":30,"step":11,"intermediate_value":0.7385198406760237}
{"op_code":7,"worker_id":"2d083acc-51be-4468-b3d5-8ddd3ef1858e-23257628968768","trial_id":30,"step":12,"intermediate_value":0.7322577867360868}
{"op_code":7,"worker_id":"2d083acc-51be-4468-b3d5-8ddd3ef1858e-23257628968768","trial_id":30,"step":13,"intermediate_value":0.7294073299298224}
{"op_code":7,"worker_id":"2d083acc-51be-4468-b3d5-8ddd3ef1858e-23257628968768","trial_id":30,"step":14,"intermediate_value":0.7194837547423294}
{"op_code":7,"worker_id":"2d083acc-51be-4468-b3d5-8ddd3ef1858e-23257628968768","trial_id":30,"step":15,"intermediate_value":0.7022102832228546}
{"op_code":7,"worker_id":"2d083acc-51be-4468-b3d5-8ddd3ef1858e-23257628968768","trial_id":30,"step":16,"intermediate_value":0.6777801188427075}
{"op_code":7,"worker_id":"2d083acc-51be-4468-b3d5-8ddd3ef1858e-23257628968768","trial_id":30,"step":17,"intermediate_value":0.6531347095754223}
{"op_code":7,"worker_id":"2d083acc-51be-4468-b3d5-8ddd3ef1858e-23257628968768","trial_id":30,"step":18,"intermediate_value":0.6375107878326379}
{"op_code":7,"worker_id":"2d083acc-51be-4468-b3d5-8ddd3ef1858e-23257628968768","trial_id":30,"step":19,"intermediate_value":0.5748290556747011}
{"op_code":7,"worker_id":"2d083acc-51be-4468-b3d5-8ddd3ef1858e-23257628968768","trial_id":30,"step":20,"intermediate_value":0.5594838188070702}
{"op_code":7,"worker_id":"2d083acc-51be-4468-b3d5-8ddd3ef1858e-23257628968768","trial_id":30,"step":21,"intermediate_value":0.5453378130391258}
{"op_code":7,"worker_id":"2d083acc-51be-4468-b3d5-8ddd3ef1858e-23257628968768","trial_id":30,"step":22,"intermediate_value":0.5157794919868098}
{"op_code":7,"worker_id":"2d083acc-51be-4468-b3d5-8ddd3ef1858e-23257628968768","trial_id":30,"step":23,"intermediate_value":0.5277385208247537}
{"op_code":7,"worker_id":"2d083acc-51be-4468-b3d5-8ddd3ef1858e-23257628968768","trial_id":30,"step":24,"intermediate_value":0.5012313782603149}
{"op_code":7,"worker_id":"2d083acc-51be-4468-b3d5-8ddd3ef1858e-23257628968768","trial_id":30,"step":25,"intermediate_value":0.49133734664883055}
{"op_code":7,"worker_id":"2d083acc-51be-4468-b3d5-8ddd3ef1858e-23257628968768","trial_id":30,"step":26,"intermediate_value":0.46885554016979847}
{"op_code":7,"worker_id":"2d083acc-51be-4468-b3d5-8ddd3ef1858e-23257628968768","trial_id":30,"step":27,"intermediate_value":0.4723757040175396}
{"op_code":7,"worker_id":"2d083acc-51be-4468-b3d5-8ddd3ef1858e-23257628968768","trial_id":30,"step":28,"intermediate_value":0.47585113115016536}
{"op_code":7,"worker_id":"2d083acc-51be-4468-b3d5-8ddd3ef1858e-23257628968768","trial_id":30,"step":29,"intermediate_value":0.4727622742189066}
{"op_code":7,"worker_id":"2d083acc-51be-4468-b3d5-8ddd3ef1858e-23257628968768","trial_id":30,"step":30,"intermediate_value":0.49771764807288194}
{"op_code":7,"worker_id":"2d083acc-51be-4468-b3d5-8ddd3ef1858e-23257628968768","trial_id":30,"step":31,"intermediate_value":0.4711919058189415}
{"op_code":7,"worker_id":"2d083acc-51be-4468-b3d5-8ddd3ef1858e-23257628968768","trial_id":30,"step":32,"intermediate_value":0.4788565092663748}
{"op_code":7,"worker_id":"2d083acc-51be-4468-b3d5-8ddd3ef1858e-23257628968768","trial_id":30,"step":33,"intermediate_value":0.4790346020057108}
{"op_code":7,"worker_id":"2d083acc-51be-4468-b3d5-8ddd3ef1858e-23257628968768","trial_id":30,"step":34,"intermediate_value":0.4762726642129543}
{"op_code":7,"worker_id":"2d083acc-51be-4468-b3d5-8ddd3ef1858e-23257628968768","trial_id":30,"step":35,"intermediate_value":0.4874150287779766}
{"op_code":7,"worker_id":"2d083acc-51be-4468-b3d5-8ddd3ef1858e-23257628968768","trial_id":30,"step":36,"intermediate_value":0.5241653435595095}
{"op_code":7,"worker_id":"2d083acc-51be-4468-b3d5-8ddd3ef1858e-23257628968768","trial_id":30,"step":37,"intermediate_value":0.4772173794845952}
{"op_code":7,"worker_id":"2d083acc-51be-4468-b3d5-8ddd3ef1858e-23257628968768","trial_id":30,"step":38,"intermediate_value":0.4916960426638276}
{"op_code":7,"worker_id":"2d083acc-51be-4468-b3d5-8ddd3ef1858e-23257628968768","trial_id":30,"step":39,"intermediate_value":0.4712303894906706}
{"op_code":7,"worker_id":"2d083acc-51be-4468-b3d5-8ddd3ef1858e-23257628968768","trial_id":30,"step":40,"intermediate_value":0.480757269217309}
{"op_code":7,"worker_id":"2d083acc-51be-4468-b3d5-8ddd3ef1858e-23257628968768","trial_id":30,"step":41,"intermediate_value":0.4853515151627406}
{"op_code":7,"worker_id":"2d083acc-51be-4468-b3d5-8ddd3ef1858e-23257628968768","trial_id":30,"step":42,"intermediate_value":0.4972898335077867}
{"op_code":7,"worker_id":"2d083acc-51be-4468-b3d5-8ddd3ef1858e-23257628968768","trial_id":30,"step":43,"intermediate_value":0.47620662919567147}
{"op_code":7,"worker_id":"2d083acc-51be-4468-b3d5-8ddd3ef1858e-23257628968768","trial_id":30,"step":44,"intermediate_value":0.4712064282820601}
{"op_code":7,"worker_id":"2d083acc-51be-4468-b3d5-8ddd3ef1858e-23257628968768","trial_id":30,"step":45,"intermediate_value":0.49405969582135706}
{"op_code":7,"worker_id":"2d083acc-51be-4468-b3d5-8ddd3ef1858e-23257628968768","trial_id":30,"step":46,"intermediate_value":0.515913563691}
{"op_code":7,"worker_id":"2d083acc-51be-4468-b3d5-8ddd3ef1858e-23257628968768","trial_id":30,"step":47,"intermediate_value":0.4881276384367213}
{"op_code":7,"worker_id":"2d083acc-51be-4468-b3d5-8ddd3ef1858e-23257628968768","trial_id":30,"step":48,"intermediate_value":0.48169261415092407}
{"op_code":7,"worker_id":"2d083acc-51be-4468-b3d5-8ddd3ef1858e-23257628968768","trial_id":30,"step":49,"intermediate_value":0.4911098508506766}
{"op_code":7,"worker_id":"2d083acc-51be-4468-b3d5-8ddd3ef1858e-23257628968768","trial_id":30,"step":50,"intermediate_value":0.49197240189725394}
{"op_code":7,"worker_id":"2d083acc-51be-4468-b3d5-8ddd3ef1858e-23257628968768","trial_id":30,"step":51,"intermediate_value":0.49227623526594677}
{"op_code":7,"worker_id":"2d083acc-51be-4468-b3d5-8ddd3ef1858e-23257628968768","trial_id":30,"step":52,"intermediate_value":0.4927580185844381}
{"op_code":7,"worker_id":"2d083acc-51be-4468-b3d5-8ddd3ef1858e-23257628968768","trial_id":30,"step":53,"intermediate_value":0.489985150798784}
{"op_code":7,"worker_id":"2d083acc-51be-4468-b3d5-8ddd3ef1858e-23257628968768","trial_id":30,"step":54,"intermediate_value":0.49697741452485217}
{"op_code":7,"worker_id":"2d083acc-51be-4468-b3d5-8ddd3ef1858e-23257628968768","trial_id":30,"step":55,"intermediate_value":0.499363764395776}
{"op_code":7,"worker_id":"2d083acc-51be-4468-b3d5-8ddd3ef1858e-23257628968768","trial_id":30,"step":56,"intermediate_value":0.4895051066561526}
{"op_code":7,"worker_id":"2d083acc-51be-4468-b3d5-8ddd3ef1858e-23257628968768","trial_id":30,"step":57,"intermediate_value":0.4847834638429282}
{"op_code":7,"worker_id":"2d083acc-51be-4468-b3d5-8ddd3ef1858e-23257628968768","trial_id":30,"step":58,"intermediate_value":0.4932918296872792}
{"op_code":7,"worker_id":"2d083acc-51be-4468-b3d5-8ddd3ef1858e-23257628968768","trial_id":30,"step":59,"intermediate_value":0.49665874857919495}
{"op_code":7,"worker_id":"2d083acc-51be-4468-b3d5-8ddd3ef1858e-23257628968768","trial_id":30,"step":60,"intermediate_value":0.4966379728605739}
{"op_code":7,"worker_id":"2d083acc-51be-4468-b3d5-8ddd3ef1858e-23257628968768","trial_id":30,"step":61,"intermediate_value":0.4939331904424891}
{"op_code":7,"worker_id":"2d083acc-51be-4468-b3d5-8ddd3ef1858e-23257628968768","trial_id":30,"step":62,"intermediate_value":0.49643734960086544}
{"op_code":7,"worker_id":"2d083acc-51be-4468-b3d5-8ddd3ef1858e-23257628968768","trial_id":30,"step":63,"intermediate_value":0.4963313295182243}
{"op_code":7,"worker_id":"2d083acc-51be-4468-b3d5-8ddd3ef1858e-23257628968768","trial_id":30,"step":64,"intermediate_value":0.5052014682994336}
{"op_code":7,"worker_id":"2d083acc-51be-4468-b3d5-8ddd3ef1858e-23257628968768","trial_id":30,"step":65,"intermediate_value":0.49887885282330946}
{"op_code":7,"worker_id":"2d083acc-51be-4468-b3d5-8ddd3ef1858e-23257628968768","trial_id":30,"step":66,"intermediate_value":0.5163333746886338}
{"op_code":7,"worker_id":"2d083acc-51be-4468-b3d5-8ddd3ef1858e-23257628968768","trial_id":30,"step":67,"intermediate_value":0.5031685949361763}
{"op_code":7,"worker_id":"2d083acc-51be-4468-b3d5-8ddd3ef1858e-23257628968768","trial_id":30,"step":68,"intermediate_value":0.49910788374156434}
{"op_code":7,"worker_id":"2d083acc-51be-4468-b3d5-8ddd3ef1858e-23257628968768","trial_id":30,"step":69,"intermediate_value":0.5068798690928259}
{"op_code":7,"worker_id":"2d083acc-51be-4468-b3d5-8ddd3ef1858e-23257628968768","trial_id":30,"step":70,"intermediate_value":0.495865438685864}
{"op_code":7,"worker_id":"2d083acc-51be-4468-b3d5-8ddd3ef1858e-23257628968768","trial_id":30,"step":71,"intermediate_value":0.4954655332002493}
{"op_code":7,"worker_id":"2d083acc-51be-4468-b3d5-8ddd3ef1858e-23257628968768","trial_id":30,"step":72,"intermediate_value":0.5060061928004133}
{"op_code":7,"worker_id":"2d083acc-51be-4468-b3d5-8ddd3ef1858e-23257628968768","trial_id":30,"step":73,"intermediate_value":0.49412502145145004}
{"op_code":7,"worker_id":"2d083acc-51be-4468-b3d5-8ddd3ef1858e-23257628968768","trial_id":30,"step":74,"intermediate_value":0.49604601993679576}
{"op_code":7,"worker_id":"2d083acc-51be-4468-b3d5-8ddd3ef1858e-23257628968768","trial_id":30,"step":75,"intermediate_value":0.4996896150697593}
{"op_code":7,"worker_id":"2d083acc-51be-4468-b3d5-8ddd3ef1858e-23257628968768","trial_id":30,"step":76,"intermediate_value":0.4976919770665016}
{"op_code":7,"worker_id":"2d083acc-51be-4468-b3d5-8ddd3ef1858e-23257628968768","trial_id":30,"step":77,"intermediate_value":0.5002221740861804}
{"op_code":7,"worker_id":"2d083acc-51be-4468-b3d5-8ddd3ef1858e-23257628968768","trial_id":30,"step":78,"intermediate_value":0.49801351679743117}
{"op_code":7,"worker_id":"2d083acc-51be-4468-b3d5-8ddd3ef1858e-23257628968768","trial_id":30,"step":79,"intermediate_value":0.4987808596762615}
{"op_code":7,"worker_id":"2d083acc-51be-4468-b3d5-8ddd3ef1858e-23257628968768","trial_id":30,"step":80,"intermediate_value":0.49627185603194957}
{"op_code":9,"worker_id":"2d083acc-51be-4468-b3d5-8ddd3ef1858e-23257628968768","trial_id":30,"system_attr":{"completed_rung_0":0.49627185603194957}}
{"op_code":7,"worker_id":"2d083acc-51be-4468-b3d5-8ddd3ef1858e-23257628968768","trial_id":30,"step":81,"intermediate_value":0.49712731009559136}
{"op_code":7,"worker_id":"2d083acc-51be-4468-b3d5-8ddd3ef1858e-23257628968768","trial_id":30,"step":82,"intermediate_value":0.49711280983396555}
